,TTT,TTC,TTA,TTG,TCT,TCC,TCA,TCG,TAT,TAC,TGT,TGC,TGG,CTT,CTC,CTA,CTG,CCT,CCC,CCA,CCG,CAT,CAC,CAA,CAG,CGT,CGC,CGA,CGG,ATT,ATC,ATA,ATG,ACT,ACC,ACA,ACG,AAT,AAC,AAA,AAG,AGT,AGC,AGA,AGG,GTT,GTC,GTA,GTG,GCT,GCC,GCA,GCG,GAT,GAC,GAA,GAG,GGT,GGC,GGA,GGG
PLFEKH_00015,6,6,1,1,3,2,NA,3,3,1,NA,1,1,NA,4,NA,19,1,NA,3,6,3,3,1,9,6,7,NA,NA,7,5,NA,12,NA,10,NA,2,1,6,6,2,NA,4,NA,NA,8,4,NA,6,NA,3,1,10,8,5,20,3,6,7,NA,1
PLFEKH_00020,10,5,6,2,3,NA,NA,1,NA,4,2,2,5,3,7,2,9,1,1,NA,4,1,3,4,10,6,13,NA,2,4,4,2,4,2,7,1,2,3,2,7,4,2,6,2,NA,2,4,NA,2,2,6,1,12,8,5,9,12,4,6,3,5
PLFEKH_00025,4,16,2,2,7,9,NA,5,11,12,2,3,6,2,5,NA,34,NA,NA,1,21,NA,15,2,26,29,8,NA,NA,14,23,NA,17,3,19,NA,9,3,20,37,9,NA,6,NA,NA,14,6,5,13,3,10,6,26,11,19,38,18,18,23,NA,3
PLFEKH_00040,2,5,1,NA,1,NA,1,NA,1,4,NA,2,NA,NA,4,NA,9,1,1,NA,4,2,1,1,5,2,3,NA,NA,9,3,NA,7,1,3,NA,3,1,5,10,1,1,3,NA,NA,2,2,NA,12,2,4,2,6,7,7,14,2,4,2,NA,NA
PLFEKH_00050,NA,NA,NA,NA,NA,NA,NA,1,NA,NA,NA,NA,2,NA,NA,NA,NA,NA,NA,NA,1,NA,NA,NA,NA,NA,NA,NA,NA,NA,1,NA,1,NA,NA,NA,NA,1,NA,NA,NA,NA,NA,NA,NA,1,NA,NA,NA,NA,NA,1,3,2,NA,2,1,NA,1,NA,NA
PLFEKH_00080,9,1,5,1,2,NA,3,2,3,2,1,NA,8,2,NA,NA,5,2,1,2,8,11,5,3,5,4,1,2,NA,7,3,NA,3,NA,7,1,3,7,4,4,3,NA,4,NA,NA,3,5,2,9,3,3,1,5,7,1,10,9,1,9,4,NA
PLFEKH_00095,2,1,3,NA,1,NA,NA,NA,NA,NA,NA,NA,1,1,NA,NA,6,NA,NA,1,NA,2,NA,2,3,2,1,NA,NA,3,NA,NA,2,NA,NA,NA,3,2,1,4,NA,NA,1,NA,NA,NA,1,2,NA,1,NA,1,1,2,NA,5,3,2,1,NA,1
PLFEKH_00100,10,6,6,7,2,4,1,4,5,2,NA,3,3,1,5,1,33,2,1,6,8,6,1,4,12,5,8,NA,2,17,11,NA,17,3,9,2,2,9,3,11,1,3,3,NA,NA,12,8,2,9,2,8,2,14,13,3,6,3,3,10,1,12
PLFEKH_00135,1,NA,NA,NA,NA,NA,NA,NA,1,NA,NA,NA,3,NA,NA,NA,6,NA,NA,NA,1,NA,NA,NA,NA,NA,3,NA,NA,NA,NA,NA,1,NA,2,NA,1,NA,1,2,NA,NA,NA,NA,NA,1,NA,NA,NA,NA,NA,NA,3,2,1,NA,NA,1,5,NA,1
PLFEKH_00150,1,NA,4,3,NA,1,NA,NA,1,1,1,NA,1,NA,NA,NA,5,NA,NA,NA,NA,NA,NA,NA,NA,NA,2,NA,NA,NA,1,NA,2,NA,1,NA,NA,1,1,2,NA,NA,1,NA,NA,NA,NA,NA,NA,NA,NA,NA,2,NA,1,2,1,NA,1,NA,1
PLFEKH_00155,3,NA,2,1,1,2,NA,1,NA,1,NA,NA,2,NA,4,NA,1,NA,NA,NA,NA,NA,2,1,NA,2,1,NA,NA,2,2,NA,1,NA,NA,NA,1,3,NA,1,NA,NA,1,NA,NA,NA,2,1,2,NA,NA,1,2,2,1,NA,NA,NA,1,NA,NA
PLFEKH_00160,3,NA,1,NA,1,NA,NA,2,2,1,3,2,4,1,NA,NA,2,NA,NA,1,2,1,1,1,2,1,NA,NA,3,2,1,NA,1,NA,NA,1,1,NA,NA,2,NA,1,1,NA,NA,NA,NA,NA,1,2,2,2,3,2,3,1,2,NA,3,NA,1
PLFEKH_00165,12,7,4,10,NA,5,NA,2,6,1,2,2,8,3,3,1,23,NA,1,NA,10,NA,NA,2,5,3,6,1,1,9,4,NA,20,1,6,1,8,2,4,2,NA,6,5,NA,NA,2,8,1,5,3,10,4,9,2,2,3,NA,9,14,2,2
PLFEKH_00195,NA,NA,NA,NA,NA,NA,NA,NA,NA,NA,NA,NA,1,NA,NA,1,3,NA,NA,NA,NA,NA,NA,NA,2,1,NA,NA,NA,NA,NA,1,1,NA,NA,NA,NA,1,NA,NA,1,NA,1,NA,NA,NA,1,NA,1,NA,NA,NA,NA,1,2,1,1,NA,NA,NA,NA
PLFEKH_00205,4,1,7,11,1,1,2,6,2,4,NA,2,17,2,7,1,26,NA,2,1,5,7,3,7,16,4,13,NA,4,7,9,NA,7,3,4,1,5,3,7,2,NA,4,4,NA,NA,2,4,1,8,1,7,NA,17,9,2,13,6,3,7,1,6
PLFEKH_00215,11,13,1,4,5,3,1,4,6,8,2,3,8,2,7,NA,24,1,NA,NA,5,NA,NA,3,7,5,2,NA,NA,14,15,1,11,1,7,NA,6,1,7,13,3,2,5,NA,NA,4,2,2,8,5,12,2,12,4,5,6,5,12,18,NA,3
PLFEKH_00230,2,NA,2,2,NA,NA,1,1,1,NA,NA,NA,2,NA,NA,NA,4,1,NA,NA,1,2,1,4,4,1,1,NA,1,4,1,NA,1,NA,NA,NA,NA,1,1,1,1,NA,1,NA,1,NA,3,NA,NA,1,2,NA,2,3,1,5,1,2,NA,NA,NA
PLFEKH_00235,11,7,7,7,1,2,2,8,3,NA,2,NA,6,3,NA,NA,14,1,NA,1,6,1,NA,3,8,3,5,NA,NA,14,7,NA,9,2,5,1,4,3,1,5,1,4,1,NA,NA,6,2,NA,8,2,8,2,10,5,1,2,2,4,6,2,3
PLFEKH_00240,NA,NA,2,1,NA,NA,NA,NA,NA,NA,NA,NA,1,NA,NA,NA,NA,NA,NA,NA,NA,1,NA,1,NA,NA,NA,NA,NA,NA,NA,NA,2,NA,NA,NA,NA,NA,NA,1,NA,NA,NA,NA,NA,NA,NA,NA,1,NA,NA,NA,2,1,NA,2,NA,NA,NA,NA,NA
PLFEKH_00250,8,5,3,3,3,1,6,4,5,NA,1,1,4,NA,3,NA,9,NA,1,2,3,1,1,2,1,1,2,NA,NA,13,3,NA,1,1,3,4,4,2,1,6,NA,2,3,NA,NA,3,3,1,3,2,8,4,4,2,1,1,NA,2,3,NA,2
PLFEKH_00275,8,5,5,4,2,2,1,7,2,1,NA,NA,15,1,6,4,28,4,NA,5,10,5,1,12,15,9,10,NA,NA,13,8,1,6,3,13,3,9,14,11,12,2,7,13,2,NA,6,6,3,7,1,16,2,12,17,8,15,2,8,8,4,4
PLFEKH_00290,7,7,6,4,1,2,1,1,4,4,NA,4,5,1,9,1,28,NA,2,5,10,7,9,4,28,8,10,NA,2,10,11,NA,18,2,6,NA,9,6,6,17,3,NA,6,NA,NA,5,1,2,9,1,11,3,20,11,5,27,6,6,13,1,NA
PLFEKH_00295,1,NA,NA,3,1,1,1,1,1,3,NA,NA,2,2,1,NA,7,1,1,NA,3,2,2,3,4,1,5,NA,1,4,3,NA,8,1,3,NA,NA,2,2,6,NA,NA,1,NA,NA,2,3,NA,3,1,5,2,1,5,NA,6,2,NA,7,NA,NA
PLFEKH_00300,10,7,1,5,1,3,1,6,7,5,1,7,4,7,9,NA,27,3,3,2,14,10,12,6,16,19,20,NA,NA,16,20,NA,20,NA,13,1,6,8,10,26,8,2,11,NA,NA,6,10,2,18,4,18,4,12,15,12,22,19,12,10,1,4
PLFEKH_00305,NA,NA,NA,NA,NA,NA,NA,NA,NA,NA,NA,NA,NA,NA,1,NA,2,NA,NA,NA,NA,NA,NA,NA,2,NA,2,NA,NA,NA,4,NA,NA,NA,NA,NA,NA,NA,2,NA,NA,NA,NA,NA,NA,1,NA,1,NA,NA,NA,NA,1,NA,1,5,NA,1,NA,NA,NA
PLFEKH_00315,11,3,13,1,1,5,2,2,3,2,1,1,22,5,2,1,7,6,1,2,6,8,NA,8,22,3,13,1,2,9,4,4,11,3,6,2,7,7,3,19,3,5,5,NA,1,13,7,3,8,6,7,6,8,17,2,12,5,9,5,4,8
PLFEKH_00320,6,3,NA,2,2,2,1,NA,4,1,1,NA,1,NA,2,NA,9,2,NA,NA,2,1,3,1,2,NA,2,NA,NA,3,3,NA,3,1,4,NA,NA,NA,NA,4,NA,NA,NA,NA,NA,5,5,4,3,2,3,2,2,4,NA,1,NA,1,7,1,NA
PLFEKH_00330,2,1,NA,1,2,NA,NA,2,1,1,1,NA,3,1,2,NA,16,NA,NA,1,3,2,NA,3,7,6,5,1,NA,6,3,NA,5,1,1,NA,NA,NA,6,9,2,NA,1,NA,NA,5,1,2,3,3,5,2,5,5,3,16,7,3,2,NA,NA
PLFEKH_00335,NA,2,NA,3,2,NA,NA,1,NA,1,NA,2,1,2,1,NA,9,NA,NA,NA,1,NA,NA,NA,7,6,1,NA,NA,4,4,NA,6,NA,6,NA,3,NA,4,5,3,NA,NA,NA,NA,1,1,2,5,NA,4,3,3,4,5,10,1,6,3,1,3
PLFEKH_00345,3,1,1,2,1,NA,NA,3,NA,4,NA,2,NA,1,NA,NA,6,1,NA,NA,2,1,NA,1,3,3,3,NA,NA,7,4,NA,2,NA,3,NA,2,2,2,4,NA,NA,1,NA,NA,1,NA,1,4,2,NA,1,4,5,2,5,4,2,3,2,2
PLFEKH_00350,4,3,NA,2,NA,NA,1,NA,NA,1,1,NA,NA,NA,1,NA,11,1,1,NA,NA,1,1,1,3,4,4,NA,NA,4,4,NA,4,1,2,1,NA,1,1,1,2,1,4,1,NA,NA,1,1,1,NA,NA,1,2,4,1,7,5,3,1,NA,1
PLFEKH_00355,2,1,NA,3,NA,2,1,NA,1,NA,NA,NA,1,1,NA,NA,4,1,NA,NA,3,2,1,1,5,1,2,NA,NA,5,3,NA,4,NA,2,NA,NA,1,2,NA,1,NA,NA,NA,NA,2,NA,3,1,1,2,1,2,2,2,2,NA,3,2,3,1
PLFEKH_00360,6,1,5,1,2,2,1,2,3,3,2,1,3,4,3,2,8,2,5,4,6,4,2,3,11,10,2,1,1,8,9,1,11,1,2,3,5,7,10,11,2,2,2,NA,NA,9,5,4,8,4,20,6,7,13,7,8,3,5,5,4,1
PLFEKH_00365,5,2,5,1,2,1,NA,2,2,2,2,NA,NA,3,3,1,1,3,1,NA,1,5,1,1,3,2,2,NA,4,4,4,5,4,1,1,NA,4,2,2,4,2,3,3,NA,NA,3,1,NA,2,1,2,NA,5,2,1,9,4,1,4,1,1
PLFEKH_00370,NA,NA,NA,NA,1,NA,NA,NA,NA,NA,NA,NA,NA,NA,NA,NA,NA,NA,NA,NA,NA,NA,NA,NA,NA,1,NA,NA,NA,NA,NA,NA,1,NA,NA,NA,NA,NA,NA,1,NA,NA,NA,NA,NA,NA,NA,2,NA,1,NA,NA,NA,NA,NA,NA,NA,1,NA,NA,NA
PLFEKH_00380,3,2,NA,4,1,NA,2,2,3,2,1,1,4,3,NA,NA,16,2,1,1,5,5,NA,1,4,1,4,1,3,4,4,NA,3,NA,2,1,2,1,2,10,4,NA,2,NA,NA,1,NA,2,7,2,2,NA,4,5,2,6,8,5,3,1,5
PLFEKH_00385,4,1,1,2,1,NA,1,3,1,NA,NA,NA,1,NA,NA,NA,6,NA,NA,NA,1,3,2,1,4,3,2,NA,NA,1,1,NA,5,NA,1,NA,1,2,2,2,NA,2,NA,NA,NA,NA,NA,NA,7,1,1,2,3,2,NA,4,2,NA,NA,NA,2
PLFEKH_00390,4,6,5,5,3,4,2,2,5,1,NA,1,3,2,4,3,18,2,2,2,9,6,4,4,7,10,9,NA,1,14,4,NA,6,2,11,2,3,5,3,11,1,1,5,NA,NA,8,6,5,5,5,9,7,6,10,3,12,4,5,6,1,5
PLFEKH_00395,NA,1,NA,NA,NA,NA,NA,NA,1,NA,NA,NA,3,NA,NA,NA,1,NA,NA,NA,NA,1,NA,NA,NA,1,NA,NA,NA,2,NA,NA,NA,NA,NA,NA,NA,NA,NA,NA,NA,NA,NA,NA,NA,NA,NA,NA,NA,NA,NA,NA,NA,1,1,NA,NA,1,NA,NA,NA
PLFEKH_00400,4,5,8,1,NA,NA,2,NA,7,NA,1,NA,2,NA,NA,NA,2,NA,1,NA,3,5,1,5,5,3,2,NA,NA,3,NA,NA,3,1,NA,NA,NA,6,NA,7,1,NA,NA,NA,NA,4,NA,NA,1,1,3,1,5,9,NA,8,2,1,NA,1,1
PLFEKH_00405,3,NA,2,2,NA,NA,1,NA,3,NA,1,NA,5,NA,1,NA,2,NA,NA,NA,NA,2,NA,NA,1,3,NA,NA,2,3,1,NA,7,NA,1,NA,1,3,1,5,1,NA,NA,NA,NA,1,1,NA,1,NA,NA,NA,NA,8,1,4,1,NA,NA,NA,NA
PLFEKH_00425,1,NA,NA,NA,NA,NA,NA,NA,4,NA,NA,NA,5,NA,NA,NA,NA,NA,NA,NA,NA,NA,NA,NA,NA,NA,NA,NA,NA,NA,NA,NA,NA,NA,NA,NA,NA,NA,NA,NA,NA,NA,NA,NA,NA,NA,NA,NA,NA,NA,NA,NA,NA,4,NA,NA,NA,NA,NA,NA,NA
PLFEKH_00430,NA,NA,NA,NA,1,NA,NA,NA,1,NA,NA,NA,NA,NA,NA,NA,NA,NA,NA,NA,NA,NA,NA,NA,NA,1,NA,NA,NA,2,NA,NA,2,NA,NA,NA,NA,1,NA,4,NA,NA,NA,NA,NA,NA,NA,NA,NA,NA,NA,NA,NA,1,NA,1,NA,NA,NA,NA,NA
PLFEKH_00455,4,4,4,1,1,2,3,1,7,4,2,1,5,2,1,1,10,3,NA,1,6,4,5,3,6,2,7,NA,NA,6,3,NA,6,1,1,2,NA,4,4,9,1,NA,2,NA,NA,5,NA,NA,6,1,7,5,8,6,3,11,3,6,5,NA,NA
PLFEKH_00460,2,15,NA,NA,2,6,NA,NA,6,5,NA,1,3,1,2,NA,13,NA,NA,NA,5,2,3,2,6,2,4,NA,NA,5,4,NA,5,NA,3,NA,NA,2,6,7,2,NA,2,NA,NA,5,3,2,1,2,1,1,3,8,3,16,5,5,7,1,NA
PLFEKH_00470,5,6,NA,NA,5,4,NA,3,4,3,NA,4,2,2,2,NA,16,1,NA,NA,2,5,2,2,7,12,3,NA,NA,12,1,NA,11,NA,6,NA,1,1,7,12,NA,NA,2,NA,NA,2,3,1,6,3,9,3,19,12,5,9,7,11,2,2,1
PLFEKH_00480,6,1,7,4,2,NA,2,1,13,3,NA,2,8,3,1,NA,5,NA,1,NA,4,6,3,6,5,8,9,1,3,11,1,3,7,1,7,2,4,8,4,7,3,1,1,1,NA,4,4,NA,3,4,1,4,7,6,3,7,5,2,1,1,3
PLFEKH_00485,2,5,2,2,2,1,1,NA,3,3,NA,1,NA,1,2,NA,6,3,2,1,8,3,4,2,8,6,6,NA,1,8,4,NA,9,1,5,1,4,8,7,8,3,2,10,1,NA,3,1,4,9,1,4,1,4,3,5,7,5,3,2,NA,1
PLFEKH_00490,NA,2,1,2,2,3,1,3,5,2,NA,NA,3,1,3,1,16,1,NA,NA,2,2,NA,15,24,7,11,1,2,9,2,NA,5,1,4,NA,5,3,3,12,2,1,10,NA,NA,6,1,1,6,2,11,2,12,2,4,18,7,11,7,NA,1
PLFEKH_00495,1,13,NA,2,1,6,1,2,4,7,1,1,2,2,NA,NA,22,1,NA,2,7,NA,11,2,8,7,9,NA,NA,6,11,NA,14,6,10,NA,1,NA,15,24,2,1,2,NA,NA,13,1,6,7,9,3,6,8,12,16,23,4,13,10,1,NA
PLFEKH_00500,1,2,1,1,2,NA,NA,NA,NA,NA,NA,1,NA,1,NA,NA,2,1,NA,NA,2,1,1,1,2,3,NA,NA,NA,NA,2,NA,NA,NA,NA,NA,1,1,1,6,1,NA,NA,NA,NA,3,NA,1,3,2,NA,2,1,2,2,2,3,4,2,NA,NA
PLFEKH_00505,1,NA,NA,NA,NA,NA,NA,NA,NA,NA,NA,NA,NA,NA,NA,NA,NA,NA,NA,NA,NA,NA,1,NA,2,NA,NA,NA,NA,3,NA,NA,NA,NA,1,NA,1,NA,NA,NA,NA,NA,NA,NA,NA,1,NA,NA,NA,NA,NA,1,NA,NA,1,NA,NA,NA,NA,NA,NA
PLFEKH_00510,NA,5,NA,NA,NA,2,NA,NA,1,2,1,3,NA,1,NA,NA,6,NA,NA,NA,4,1,NA,1,3,2,1,NA,NA,2,2,NA,2,NA,4,1,1,NA,3,NA,NA,NA,1,NA,NA,3,NA,3,1,1,1,2,4,2,1,5,1,3,3,NA,NA
PLFEKH_00520,2,1,NA,2,2,1,2,2,1,1,1,NA,2,1,1,NA,3,NA,NA,NA,7,1,3,3,5,3,2,NA,NA,11,4,NA,4,NA,1,NA,2,2,3,4,2,NA,1,NA,NA,2,1,NA,6,1,4,2,5,4,5,7,NA,4,6,NA,NA
PLFEKH_00525,1,NA,NA,NA,NA,1,NA,NA,3,NA,NA,NA,NA,1,1,NA,4,1,2,1,1,2,2,1,2,1,2,NA,NA,3,NA,NA,3,NA,2,NA,2,2,NA,2,NA,NA,3,NA,NA,1,NA,1,2,1,4,1,1,2,2,4,1,1,3,NA,NA
PLFEKH_00535,6,4,NA,NA,NA,1,3,1,NA,2,NA,NA,3,2,NA,NA,11,NA,NA,NA,3,6,2,5,4,3,3,2,NA,7,2,NA,7,NA,4,1,2,NA,2,5,1,1,2,NA,NA,3,3,NA,3,1,8,3,4,9,5,8,1,2,3,NA,2
PLFEKH_00545,NA,NA,NA,NA,NA,NA,NA,NA,NA,NA,NA,NA,NA,NA,NA,NA,4,NA,NA,1,NA,NA,1,NA,1,NA,1,NA,NA,NA,NA,NA,4,NA,NA,NA,NA,NA,NA,3,1,NA,1,NA,NA,3,NA,NA,NA,1,NA,NA,NA,1,NA,1,1,NA,1,1,NA
PLFEKH_00555,3,1,3,2,1,1,1,NA,2,4,NA,1,NA,4,2,1,4,NA,1,2,4,NA,1,2,4,2,2,1,NA,3,NA,NA,2,NA,2,1,NA,2,2,2,NA,1,NA,NA,NA,NA,1,3,5,2,NA,3,5,3,6,6,3,2,3,1,1
PLFEKH_00560,3,4,2,NA,NA,2,NA,1,NA,3,1,NA,2,NA,4,NA,15,1,NA,1,4,4,2,1,7,7,5,NA,NA,9,6,1,6,1,8,NA,1,1,6,14,2,1,3,NA,NA,4,5,5,4,4,5,5,5,10,6,17,3,3,5,1,1
PLFEKH_00565,5,17,NA,NA,11,5,NA,2,3,4,2,2,2,1,8,NA,37,NA,NA,2,14,3,8,NA,12,12,7,NA,NA,17,22,NA,21,7,11,NA,2,2,16,21,4,2,6,NA,NA,13,7,3,12,8,5,7,14,11,11,20,6,27,20,NA,1
PLFEKH_00600,1,1,3,3,1,NA,NA,2,2,NA,2,NA,2,NA,1,NA,8,NA,NA,2,4,NA,1,NA,4,2,4,NA,NA,4,4,NA,3,1,2,NA,1,3,1,3,NA,1,NA,NA,NA,1,5,1,4,2,2,NA,7,8,NA,8,4,NA,3,2,1
PLFEKH_00605,3,2,9,6,1,1,1,4,3,3,3,2,3,7,1,1,16,1,2,4,8,5,4,4,12,9,10,2,NA,10,3,1,8,2,10,NA,4,4,5,9,2,5,8,NA,NA,4,3,1,10,2,9,7,20,12,4,12,8,5,10,5,2
PLFEKH_00615,NA,1,NA,NA,1,NA,NA,NA,1,NA,NA,NA,NA,NA,NA,NA,4,NA,NA,NA,3,1,NA,NA,1,NA,NA,NA,NA,3,2,NA,6,NA,1,NA,NA,NA,1,3,NA,NA,NA,NA,NA,1,1,NA,2,1,NA,NA,1,3,2,4,NA,5,3,NA,NA
PLFEKH_00620,2,1,NA,NA,NA,NA,1,NA,NA,NA,NA,1,4,NA,NA,NA,8,NA,NA,NA,7,NA,NA,NA,1,NA,1,NA,NA,2,4,NA,3,NA,NA,NA,NA,1,5,3,NA,NA,1,NA,NA,NA,NA,NA,5,1,2,NA,5,2,NA,1,NA,NA,4,NA,NA
PLFEKH_00650,NA,1,NA,NA,NA,1,NA,NA,2,NA,NA,1,2,NA,NA,NA,1,NA,2,1,NA,2,2,1,2,NA,1,NA,NA,NA,2,NA,5,NA,2,NA,NA,NA,1,2,NA,NA,NA,NA,NA,NA,NA,NA,3,NA,2,NA,NA,2,1,3,NA,NA,1,NA,NA
PLFEKH_00655,1,3,NA,NA,NA,NA,NA,NA,1,1,NA,1,4,NA,NA,NA,3,NA,NA,NA,4,1,NA,NA,NA,1,NA,NA,NA,1,1,NA,5,NA,NA,NA,1,NA,1,2,NA,NA,NA,NA,NA,NA,NA,NA,1,NA,NA,NA,1,1,4,4,1,NA,2,NA,NA
PLFEKH_00665,NA,NA,NA,NA,NA,NA,NA,NA,NA,NA,NA,NA,4,NA,NA,NA,NA,NA,NA,NA,NA,NA,NA,NA,NA,NA,NA,NA,NA,NA,NA,NA,NA,NA,NA,NA,NA,NA,NA,NA,NA,NA,NA,NA,NA,NA,NA,NA,NA,NA,NA,NA,NA,NA,NA,2,NA,1,NA,NA,NA
PLFEKH_00685,NA,NA,NA,NA,NA,NA,NA,NA,NA,NA,NA,NA,NA,NA,NA,NA,NA,NA,NA,NA,NA,NA,NA,NA,NA,NA,NA,NA,NA,NA,NA,NA,NA,NA,NA,NA,NA,NA,NA,NA,NA,NA,NA,NA,NA,NA,NA,NA,NA,NA,NA,NA,NA,1,NA,2,NA,NA,NA,NA,NA
PLFEKH_00690,NA,NA,NA,NA,NA,NA,NA,NA,NA,NA,NA,NA,1,1,NA,NA,NA,NA,NA,NA,3,NA,NA,NA,1,NA,1,NA,NA,1,NA,NA,1,NA,NA,NA,NA,NA,NA,2,NA,NA,NA,NA,NA,NA,NA,NA,1,NA,NA,NA,NA,2,NA,1,NA,1,3,NA,NA
PLFEKH_00695,1,NA,NA,NA,NA,NA,NA,NA,1,1,NA,NA,NA,NA,NA,NA,2,NA,NA,NA,1,NA,NA,NA,1,1,1,NA,NA,3,NA,NA,NA,NA,4,NA,NA,NA,NA,1,2,NA,NA,NA,NA,NA,NA,NA,2,NA,NA,NA,2,NA,NA,3,NA,NA,NA,NA,NA
PLFEKH_00710,6,6,2,2,2,2,NA,NA,2,4,2,4,6,3,3,3,22,1,NA,2,14,5,2,2,8,4,9,NA,2,18,12,NA,10,3,4,3,4,8,6,11,6,1,3,NA,NA,1,2,NA,6,3,7,4,7,8,5,19,7,5,10,4,3
PLFEKH_00715,10,11,10,6,3,4,1,4,11,9,2,2,23,5,6,2,13,5,4,3,7,8,7,15,21,6,8,1,2,8,5,4,13,3,9,4,3,9,13,26,2,3,10,NA,NA,4,7,2,6,3,16,4,9,31,14,12,6,14,19,4,2
PLFEKH_00725,2,2,NA,2,3,1,4,4,3,6,1,1,5,2,1,NA,4,4,NA,1,2,NA,1,3,4,7,4,2,1,5,3,NA,6,2,3,2,3,6,4,14,7,5,2,NA,1,NA,1,2,4,3,3,3,6,2,2,5,2,3,3,3,2
PLFEKH_00730,6,2,5,4,2,1,2,4,10,4,1,2,4,4,NA,2,7,NA,3,5,4,7,1,9,5,4,7,NA,3,14,3,1,5,2,6,NA,1,3,4,12,4,1,2,NA,NA,9,7,3,3,3,8,4,7,8,7,15,7,2,6,2,3
PLFEKH_00750,10,9,4,4,3,1,1,1,8,4,NA,3,7,2,1,NA,16,3,NA,2,6,8,4,9,9,8,3,NA,NA,6,6,NA,10,1,5,2,5,6,9,17,4,2,1,NA,NA,5,4,1,6,2,4,10,17,14,1,17,10,12,12,1,1
PLFEKH_00755,6,2,9,8,4,1,NA,4,3,3,1,4,9,1,1,2,18,4,3,5,5,8,1,5,12,9,3,1,2,7,3,1,16,4,2,NA,3,7,2,8,2,4,6,NA,1,8,3,2,5,10,4,14,13,13,5,10,8,9,9,2,6
PLFEKH_00770,14,5,4,5,1,2,1,1,7,6,1,2,7,3,2,2,12,NA,NA,4,4,4,NA,1,5,1,6,NA,1,11,6,2,7,2,3,1,2,3,4,6,2,NA,3,NA,NA,2,2,NA,5,2,2,2,3,3,2,3,2,2,7,2,3
PLFEKH_00775,NA,1,NA,NA,NA,NA,NA,NA,2,NA,NA,NA,NA,NA,NA,NA,NA,NA,NA,NA,NA,NA,NA,1,3,NA,1,NA,NA,NA,1,NA,1,NA,2,NA,NA,NA,NA,2,NA,NA,1,NA,NA,NA,1,NA,NA,NA,NA,1,1,1,1,2,NA,1,NA,NA,NA
PLFEKH_00780,NA,8,1,NA,2,2,NA,1,2,11,1,1,5,NA,NA,NA,17,1,1,3,9,1,3,NA,14,7,4,NA,NA,6,3,NA,4,2,8,NA,1,2,8,7,1,NA,2,NA,NA,3,2,1,8,2,4,1,5,3,6,11,7,7,7,NA,NA
PLFEKH_00785,4,16,1,1,2,1,NA,3,4,5,1,1,6,2,3,NA,40,NA,NA,NA,23,1,5,4,16,25,7,NA,NA,14,10,NA,14,3,12,NA,NA,1,13,23,7,NA,3,NA,NA,11,4,3,11,8,8,2,24,21,16,31,9,11,13,NA,1
PLFEKH_00825,3,3,NA,3,2,1,NA,NA,3,3,NA,NA,NA,NA,NA,1,7,1,NA,1,6,NA,1,7,12,2,2,NA,NA,5,1,NA,3,3,2,NA,3,3,2,6,1,1,3,NA,NA,3,1,3,3,2,2,5,6,8,2,2,NA,5,NA,1,NA
PLFEKH_00830,3,6,3,5,1,2,4,1,3,1,1,2,2,1,2,NA,12,NA,1,2,5,5,5,4,1,5,3,1,2,5,4,1,9,1,5,3,4,4,3,9,NA,NA,1,NA,NA,4,6,4,3,1,11,8,5,10,3,11,5,1,8,2,2
PLFEKH_00835,NA,1,NA,1,2,2,NA,1,3,1,NA,NA,NA,1,2,NA,4,NA,NA,1,3,NA,1,NA,2,3,4,NA,NA,3,4,NA,5,2,5,NA,2,2,6,6,2,NA,8,NA,NA,3,NA,1,5,3,3,4,6,4,4,1,1,4,11,NA,1
PLFEKH_00845,3,NA,NA,NA,NA,NA,NA,NA,2,1,NA,1,2,1,NA,NA,2,NA,1,NA,2,NA,1,2,2,NA,2,1,NA,3,NA,1,4,NA,NA,NA,NA,1,NA,1,2,NA,1,NA,NA,1,5,NA,1,NA,1,2,1,NA,1,1,1,4,NA,NA,NA
PLFEKH_00850,6,1,NA,1,2,2,NA,1,1,2,1,NA,1,NA,NA,1,2,NA,NA,1,2,3,NA,2,6,1,3,NA,NA,4,2,NA,3,NA,1,3,NA,2,2,4,1,NA,1,1,NA,NA,NA,1,2,NA,2,2,2,2,2,6,1,2,1,NA,2
PLFEKH_00855,3,NA,3,2,NA,1,1,2,5,3,NA,NA,7,1,1,1,5,3,2,NA,2,2,NA,9,4,3,NA,1,2,3,3,NA,5,1,4,4,3,5,6,NA,1,5,4,NA,1,3,3,1,3,1,2,1,6,9,2,3,3,NA,9,1,NA
PLFEKH_00860,8,9,5,2,6,2,1,2,2,4,NA,1,4,2,3,NA,24,NA,NA,1,2,1,NA,1,4,5,1,NA,NA,12,6,NA,9,NA,2,NA,3,4,6,9,NA,2,4,NA,NA,4,1,1,9,2,4,7,8,3,2,4,4,9,6,1,1
PLFEKH_00865,8,8,4,5,3,4,4,4,9,6,5,1,10,7,4,NA,21,1,NA,4,11,3,4,2,16,12,8,2,1,15,10,NA,16,1,13,1,2,8,9,12,5,1,6,NA,1,7,8,6,8,3,5,2,11,15,6,12,6,7,7,1,2
PLFEKH_00895,2,5,1,2,2,NA,NA,3,2,3,1,1,5,1,5,NA,19,NA,1,2,4,NA,1,1,5,1,6,NA,NA,7,6,NA,10,NA,2,NA,1,NA,7,NA,NA,1,2,NA,NA,3,3,NA,11,NA,7,NA,6,7,1,2,1,5,9,NA,1
PLFEKH_00900,2,3,NA,1,NA,NA,NA,3,3,1,1,3,NA,2,1,NA,16,NA,3,1,9,5,NA,1,11,5,3,NA,NA,8,2,NA,11,1,4,NA,NA,2,5,4,2,1,1,NA,NA,2,1,NA,9,2,4,1,9,6,4,11,4,3,5,NA,2
PLFEKH_00910,19,13,5,4,4,1,2,4,7,5,1,3,5,3,7,1,16,2,NA,2,3,3,4,5,4,2,2,NA,2,28,14,1,5,1,11,NA,3,7,2,11,3,NA,4,NA,NA,3,4,7,8,1,13,4,7,6,3,6,1,5,3,4,3
PLFEKH_00960,9,5,2,7,2,2,NA,2,6,5,NA,NA,13,NA,3,1,12,2,1,1,8,NA,1,5,9,7,5,NA,3,NA,4,NA,9,NA,5,2,4,4,10,16,2,2,8,NA,NA,2,2,1,8,3,10,NA,8,10,8,8,7,3,8,2,3
PLFEKH_00970,7,7,8,9,3,2,1,8,5,4,4,1,7,5,9,1,34,1,2,5,15,7,4,12,25,11,13,3,2,28,12,NA,23,4,8,2,3,6,8,13,1,5,12,NA,NA,6,5,4,16,6,12,7,17,16,5,26,12,6,12,1,2
PLFEKH_00975,14,7,1,2,3,1,3,5,NA,6,2,1,1,4,5,NA,25,3,NA,NA,4,1,3,2,8,6,1,NA,NA,12,21,1,12,3,4,4,5,1,7,11,3,5,4,NA,NA,3,16,8,11,3,7,4,17,6,4,6,2,11,15,1,5
PLFEKH_00980,5,4,5,6,1,NA,4,4,6,2,1,NA,10,5,2,NA,29,3,3,3,13,1,2,9,18,16,5,NA,2,7,9,1,11,2,6,1,6,8,8,18,3,4,5,NA,NA,5,2,1,10,3,11,5,20,15,9,13,7,6,6,2,1
PLFEKH_00985,1,6,2,NA,2,1,NA,NA,3,6,NA,3,5,2,1,NA,16,NA,NA,NA,5,1,NA,3,4,4,5,NA,1,6,3,NA,3,1,7,1,5,2,4,9,NA,1,7,NA,NA,2,1,2,8,1,7,1,11,6,6,12,5,2,7,2,4
PLFEKH_00990,6,3,1,2,2,NA,1,4,3,1,2,NA,3,2,2,1,12,2,3,1,4,2,1,4,5,4,5,1,1,3,6,NA,5,1,3,1,2,3,1,5,NA,1,1,NA,NA,1,2,1,6,NA,4,4,2,6,2,7,6,NA,3,NA,2
PLFEKH_00995,14,4,3,3,4,1,NA,9,5,2,NA,NA,9,3,4,NA,39,2,3,4,14,5,1,4,8,5,7,NA,8,17,9,1,11,3,6,NA,6,11,12,25,11,3,10,NA,NA,7,6,3,12,7,3,5,16,32,10,21,6,14,15,3,8
PLFEKH_01000,12,12,1,2,2,2,NA,6,5,2,NA,NA,6,2,1,2,25,NA,NA,2,4,3,NA,NA,7,5,6,1,NA,8,9,NA,12,2,8,NA,9,NA,5,7,1,2,1,NA,NA,4,5,1,9,2,12,5,11,3,NA,4,4,10,11,1,6
PLFEKH_01005,11,9,NA,6,1,3,1,5,4,2,NA,1,8,3,NA,2,16,NA,1,1,5,1,3,3,7,4,6,NA,1,17,8,NA,8,NA,6,2,3,NA,8,8,1,NA,3,NA,NA,2,2,2,6,2,12,3,7,6,1,4,2,6,3,1,2
PLFEKH_01015,5,NA,5,1,NA,NA,2,1,NA,1,NA,NA,2,NA,2,NA,5,2,NA,NA,1,2,NA,1,3,1,1,NA,2,3,2,NA,5,NA,4,1,5,4,NA,5,2,2,1,NA,NA,2,NA,1,5,NA,2,NA,9,6,2,4,5,1,2,2,1
PLFEKH_01020,10,10,5,6,5,6,1,6,12,11,NA,2,17,2,5,1,25,3,4,1,12,7,5,3,13,13,19,1,2,9,11,NA,11,2,8,2,2,4,11,14,1,3,5,NA,NA,5,2,3,8,1,15,5,13,23,14,21,12,11,10,1,3
PLFEKH_01025,10,4,6,8,1,3,2,3,12,3,2,4,6,2,2,NA,9,2,3,2,15,5,2,6,12,8,3,NA,1,16,1,1,6,3,3,3,7,8,6,24,4,1,2,1,NA,4,1,4,6,4,5,6,15,20,3,16,5,10,5,4,2
PLFEKH_01085,NA,NA,1,NA,NA,NA,NA,NA,1,1,NA,NA,2,NA,1,NA,1,1,NA,1,NA,1,NA,1,NA,NA,NA,NA,NA,1,1,NA,2,2,1,1,NA,2,NA,3,NA,NA,NA,NA,NA,2,NA,1,1,NA,NA,NA,NA,2,NA,3,NA,1,1,NA,NA
PLFEKH_01145,4,7,1,2,2,2,NA,NA,7,5,NA,2,3,1,2,NA,13,1,NA,1,12,6,4,2,6,4,8,NA,NA,12,11,NA,9,2,9,1,7,4,12,14,3,1,6,NA,NA,7,5,1,10,1,11,2,12,15,5,14,6,10,9,NA,NA
PLFEKH_01150,1,1,1,4,1,NA,NA,NA,4,4,NA,NA,4,2,1,NA,13,NA,1,1,9,1,3,3,8,9,4,NA,NA,7,6,1,5,NA,3,NA,NA,2,2,6,2,NA,5,NA,NA,1,1,1,5,1,4,2,4,3,4,11,2,2,3,NA,1
PLFEKH_01155,7,18,1,NA,1,1,1,3,5,17,NA,3,12,1,8,NA,42,NA,NA,1,17,4,2,6,12,12,7,NA,NA,5,10,NA,12,1,9,NA,3,3,17,22,2,NA,13,NA,NA,4,4,2,7,4,7,6,18,20,8,31,15,11,12,NA,2
PLFEKH_01160,3,2,1,2,NA,1,NA,1,3,NA,NA,1,1,NA,1,NA,7,1,NA,1,6,1,1,NA,5,2,4,NA,1,2,1,NA,4,NA,NA,NA,2,2,NA,7,3,NA,1,NA,NA,3,2,NA,6,1,2,1,9,8,1,2,4,NA,5,NA,1
PLFEKH_01165,19,16,3,5,1,2,NA,8,6,8,1,3,5,8,8,1,25,1,1,3,6,4,2,1,8,1,2,NA,NA,13,11,1,19,3,10,2,2,2,11,9,3,NA,7,NA,NA,3,9,2,15,7,11,5,5,6,4,4,1,5,15,2,3
PLFEKH_01180,2,NA,NA,NA,NA,NA,1,NA,3,NA,1,NA,1,NA,1,NA,NA,NA,1,NA,NA,2,1,2,2,3,3,NA,2,2,1,NA,NA,NA,1,NA,NA,NA,1,1,NA,NA,NA,NA,NA,1,NA,NA,2,NA,1,NA,NA,3,NA,NA,1,NA,1,NA,NA
PLFEKH_01195,5,8,4,5,3,2,2,3,5,2,1,2,8,2,9,2,16,2,1,1,9,4,2,6,8,4,3,NA,2,6,4,NA,5,4,7,2,4,6,9,6,6,1,5,1,NA,3,6,1,16,3,1,2,7,7,5,14,6,2,13,1,3
PLFEKH_01220,2,3,1,2,2,2,NA,1,3,NA,NA,NA,NA,NA,1,NA,14,NA,NA,5,3,2,NA,8,12,6,3,1,2,6,6,1,4,3,5,NA,2,3,NA,12,1,1,4,NA,NA,2,8,NA,3,4,14,2,8,8,4,16,3,2,3,1,1
PLFEKH_01225,20,9,4,4,1,8,1,12,9,6,NA,2,10,6,12,1,34,NA,4,3,21,6,8,8,19,9,15,1,5,15,21,1,31,1,14,1,6,5,7,16,1,6,18,NA,1,6,5,4,22,2,12,6,26,24,10,27,14,8,10,8,9
PLFEKH_01230,7,1,1,2,NA,NA,NA,7,3,1,NA,NA,4,1,2,NA,16,1,1,1,13,NA,2,3,9,2,4,NA,1,8,11,3,19,NA,4,1,5,3,8,1,1,2,4,NA,NA,1,3,2,11,NA,7,1,7,8,2,7,4,2,3,3,4
PLFEKH_01255,1,1,1,NA,NA,1,NA,NA,2,NA,1,NA,NA,NA,1,NA,1,NA,NA,NA,NA,3,4,1,2,NA,NA,NA,NA,1,NA,NA,1,NA,1,NA,NA,NA,NA,2,NA,NA,1,NA,NA,NA,NA,NA,4,NA,3,NA,NA,1,4,3,NA,1,NA,NA,NA
PLFEKH_01285,NA,3,2,1,NA,NA,NA,NA,2,NA,NA,1,6,NA,NA,1,5,NA,NA,NA,3,3,NA,3,2,1,5,NA,NA,1,8,NA,2,NA,1,NA,NA,1,3,3,NA,NA,7,NA,NA,1,3,1,2,NA,5,1,3,3,2,8,NA,1,5,NA,1
PLFEKH_01290,14,1,6,5,NA,3,1,3,1,3,2,NA,7,4,3,2,12,2,2,4,4,3,2,NA,4,1,5,1,3,7,7,NA,19,NA,6,NA,2,5,3,6,2,1,1,NA,NA,3,4,7,7,NA,3,4,7,NA,1,5,2,NA,4,2,5
PLFEKH_01300,NA,1,1,NA,1,3,NA,1,NA,1,NA,NA,1,NA,NA,NA,9,NA,NA,1,1,1,1,4,7,1,1,NA,NA,4,2,NA,5,NA,4,NA,2,2,2,6,2,1,2,NA,NA,1,3,NA,2,1,2,1,5,5,3,2,1,4,2,1,NA
PLFEKH_01305,5,9,1,NA,NA,2,NA,1,2,2,1,NA,5,NA,2,NA,10,NA,NA,1,2,NA,3,NA,NA,3,1,NA,NA,2,9,NA,6,NA,1,NA,NA,NA,3,1,NA,3,1,NA,NA,2,4,1,2,1,7,1,2,2,3,2,NA,1,3,1,NA
PLFEKH_01310,2,NA,NA,NA,NA,NA,NA,NA,NA,NA,1,NA,NA,NA,NA,NA,NA,1,NA,NA,NA,NA,NA,NA,NA,NA,NA,NA,NA,NA,NA,NA,1,NA,1,NA,NA,NA,NA,NA,NA,NA,NA,NA,NA,NA,NA,NA,NA,NA,NA,NA,NA,1,NA,1,NA,NA,NA,NA,1
PLFEKH_01315,10,4,3,5,3,3,1,NA,3,2,1,3,6,1,3,NA,49,3,1,5,6,6,2,7,10,8,11,1,3,24,8,NA,12,1,11,1,13,8,6,18,NA,3,8,NA,NA,7,5,2,15,7,19,9,22,10,9,28,10,9,10,NA,7
PLFEKH_01320,5,7,NA,2,1,NA,1,1,3,2,NA,NA,6,NA,3,1,16,1,NA,1,2,NA,2,1,1,4,2,NA,NA,3,6,NA,4,NA,3,NA,4,NA,2,NA,NA,2,1,NA,NA,1,1,NA,3,2,3,NA,5,1,NA,2,1,1,4,NA,1
PLFEKH_01325,1,1,NA,NA,NA,NA,NA,1,1,1,NA,NA,NA,NA,1,NA,1,NA,NA,NA,3,NA,NA,1,4,1,3,NA,NA,1,NA,NA,1,NA,1,1,1,NA,1,2,NA,1,2,NA,NA,NA,NA,NA,NA,NA,2,1,NA,1,NA,1,2,NA,1,2,NA
PLFEKH_01330,NA,NA,NA,1,NA,NA,NA,NA,NA,NA,NA,NA,NA,NA,NA,NA,NA,NA,NA,NA,2,NA,NA,NA,1,NA,NA,NA,NA,NA,NA,NA,1,NA,1,NA,NA,NA,NA,2,1,NA,NA,NA,NA,NA,NA,NA,NA,NA,1,NA,NA,1,NA,1,NA,NA,1,NA,NA
PLFEKH_01335,1,3,3,2,1,NA,2,NA,1,NA,1,1,2,NA,NA,1,9,NA,1,1,1,2,NA,2,2,1,3,NA,1,4,NA,1,2,NA,NA,2,1,3,4,3,1,NA,3,NA,NA,2,3,NA,3,2,3,1,4,4,1,8,1,1,3,NA,NA
PLFEKH_01340,5,5,2,3,NA,3,NA,4,1,1,NA,NA,2,2,2,1,18,2,NA,2,9,3,NA,NA,17,7,6,NA,NA,9,10,NA,6,3,6,NA,6,3,4,21,4,1,3,NA,NA,10,7,3,10,5,12,2,16,9,6,39,13,8,6,2,2
PLFEKH_01345,4,1,NA,1,NA,NA,NA,1,NA,NA,NA,NA,1,1,NA,2,10,1,1,NA,2,2,2,1,3,6,5,NA,2,8,4,NA,3,1,1,NA,2,NA,5,4,2,NA,3,NA,NA,2,2,3,4,NA,3,1,6,3,6,5,2,4,3,NA,2
PLFEKH_01350,6,8,2,6,3,NA,4,1,5,1,1,2,2,2,2,NA,19,NA,NA,NA,7,NA,1,2,7,5,2,NA,1,4,8,NA,7,1,NA,NA,5,2,7,6,1,NA,3,NA,NA,7,3,NA,10,1,5,6,7,8,4,8,3,1,5,1,2
PLFEKH_01355,4,3,NA,2,3,5,1,NA,3,2,NA,NA,5,NA,1,NA,16,NA,NA,1,3,1,3,NA,9,9,4,NA,1,2,6,NA,7,NA,4,NA,2,1,8,9,2,NA,2,NA,NA,4,2,1,5,2,2,4,7,6,8,8,3,3,5,NA,NA
PLFEKH_01360,2,4,1,1,4,1,3,1,3,6,1,NA,2,1,1,NA,15,NA,NA,1,7,NA,3,2,12,3,1,NA,NA,6,10,NA,4,NA,8,NA,2,3,8,20,3,NA,NA,NA,NA,5,1,NA,8,3,2,2,14,7,8,7,3,2,6,NA,5
PLFEKH_01365,NA,NA,NA,NA,NA,NA,1,NA,1,NA,NA,NA,2,NA,NA,NA,2,NA,NA,NA,NA,NA,NA,1,NA,2,2,NA,NA,NA,NA,NA,1,NA,1,NA,NA,1,NA,NA,NA,NA,1,NA,NA,2,1,NA,2,NA,NA,NA,1,2,NA,3,1,NA,2,NA,1
PLFEKH_01370,1,4,1,1,3,3,NA,3,5,5,1,1,2,2,NA,NA,11,NA,NA,1,8,NA,1,5,6,3,5,NA,NA,10,8,NA,7,1,4,NA,1,1,3,18,2,NA,NA,NA,NA,4,3,NA,5,NA,5,1,7,9,12,9,3,6,8,NA,7
PLFEKH_01375,5,6,NA,NA,4,1,1,1,3,1,NA,NA,4,1,4,NA,13,NA,NA,NA,1,1,NA,1,3,1,1,NA,2,12,7,NA,12,NA,3,NA,2,NA,4,2,1,2,5,NA,NA,NA,2,NA,6,NA,8,2,6,2,NA,5,1,2,7,1,3
PLFEKH_01380,14,12,2,6,NA,3,NA,3,2,7,NA,NA,5,2,5,NA,22,NA,1,NA,8,NA,1,NA,5,7,3,NA,1,7,5,2,11,NA,4,NA,4,3,3,4,2,1,2,NA,NA,1,3,NA,15,2,3,NA,11,5,1,8,1,4,9,1,3
PLFEKH_01385,NA,5,2,2,NA,NA,NA,NA,NA,NA,NA,NA,1,2,2,NA,14,NA,NA,NA,3,3,1,2,7,3,3,NA,NA,8,1,NA,6,1,2,NA,2,NA,6,5,1,NA,NA,NA,NA,NA,1,NA,4,NA,7,1,1,2,2,7,5,3,2,NA,2
PLFEKH_01390,2,2,1,NA,NA,1,NA,2,NA,1,NA,1,2,1,1,NA,4,NA,NA,1,3,2,NA,1,7,4,4,1,1,6,5,1,7,NA,3,NA,1,NA,4,2,2,NA,NA,NA,NA,NA,1,NA,3,NA,NA,NA,6,4,3,5,4,2,3,NA,2
PLFEKH_01395,7,8,3,1,1,4,NA,2,8,7,NA,2,7,NA,4,NA,5,1,NA,3,10,1,2,2,14,5,1,NA,NA,8,4,NA,11,NA,6,NA,1,1,10,20,11,NA,7,NA,NA,3,NA,2,7,2,12,1,8,8,7,9,11,3,9,NA,2
PLFEKH_01405,8,5,2,5,NA,NA,NA,3,1,2,NA,1,7,1,5,NA,6,NA,NA,1,6,NA,1,NA,2,3,1,NA,2,6,7,NA,12,NA,6,NA,3,2,5,3,NA,NA,3,NA,NA,2,3,1,4,NA,3,1,7,2,3,6,NA,NA,6,NA,3
PLFEKH_01415,2,NA,3,4,1,NA,1,2,1,1,NA,1,7,1,1,NA,6,NA,2,1,2,2,NA,NA,4,NA,4,1,NA,2,2,NA,4,NA,4,NA,2,4,2,6,1,1,1,NA,NA,1,1,NA,4,1,NA,2,4,4,4,6,3,2,5,1,1
PLFEKH_01420,NA,NA,2,2,1,NA,NA,1,NA,NA,NA,NA,NA,NA,NA,NA,3,NA,2,NA,3,2,NA,4,10,1,NA,1,2,NA,NA,NA,3,NA,1,NA,1,5,5,2,NA,1,1,1,1,NA,NA,NA,1,NA,1,NA,NA,1,NA,1,1,NA,2,NA,3
PLFEKH_01425,5,9,1,1,1,2,1,3,8,6,NA,NA,4,2,3,NA,14,1,1,2,14,5,2,4,9,2,5,NA,1,7,9,NA,15,3,9,1,5,7,8,25,5,1,6,NA,NA,3,5,1,11,2,9,4,15,15,5,10,8,8,15,NA,6
PLFEKH_01460,2,NA,NA,NA,NA,NA,NA,NA,1,NA,1,1,2,NA,NA,NA,NA,NA,NA,1,NA,1,NA,NA,NA,NA,3,NA,1,3,NA,NA,1,NA,NA,NA,NA,NA,2,2,NA,1,1,NA,NA,1,2,NA,1,NA,3,1,NA,3,2,1,NA,1,NA,NA,NA
PLFEKH_01470,6,5,NA,1,3,1,NA,2,8,3,NA,2,NA,3,1,1,8,NA,1,1,7,4,2,2,6,1,5,NA,NA,6,7,NA,3,NA,6,NA,3,7,1,14,6,NA,7,1,NA,5,7,NA,6,2,2,1,10,9,6,14,7,7,4,2,2
PLFEKH_01475,NA,2,NA,1,NA,NA,NA,3,2,2,NA,NA,4,NA,NA,NA,6,NA,NA,1,2,2,2,NA,11,2,1,NA,NA,4,3,NA,5,2,3,NA,1,2,2,7,NA,1,2,NA,NA,2,1,NA,5,1,1,1,1,8,1,6,5,4,4,NA,1
PLFEKH_01485,4,2,NA,NA,2,NA,NA,NA,1,NA,1,NA,1,NA,1,NA,5,NA,NA,NA,1,1,1,1,4,NA,3,NA,NA,1,1,NA,3,NA,1,NA,2,4,1,7,NA,NA,NA,NA,NA,NA,1,1,3,NA,1,1,5,4,4,4,1,2,2,NA,NA
PLFEKH_01500,4,3,6,3,3,3,1,1,3,2,3,1,6,4,4,2,13,NA,1,2,8,3,1,NA,8,6,4,1,1,9,8,NA,7,4,13,3,2,6,7,8,4,NA,6,NA,1,5,4,4,6,4,7,6,6,14,7,9,6,8,9,3,2
PLFEKH_01510,16,16,2,5,6,4,NA,4,17,13,1,1,24,5,10,2,20,4,NA,4,18,13,14,4,14,21,17,1,1,12,7,NA,16,4,12,2,3,9,23,18,6,4,7,NA,NA,7,10,1,12,3,8,5,11,26,16,25,14,17,23,1,5
PLFEKH_01520,5,8,2,2,4,9,6,4,6,9,3,6,6,2,3,NA,15,NA,1,4,11,1,5,3,8,10,12,NA,NA,8,10,NA,11,1,7,NA,1,4,12,9,2,1,3,1,NA,7,4,5,14,4,6,4,7,17,6,20,5,7,9,NA,2
PLFEKH_01525,13,6,7,7,3,2,NA,4,9,8,1,1,8,11,3,1,18,3,2,3,7,8,6,7,9,13,6,NA,3,7,5,NA,7,1,7,NA,7,4,7,4,5,3,4,NA,NA,5,4,4,13,5,10,9,16,13,8,12,5,8,13,3,11
PLFEKH_01530,10,16,4,10,5,7,2,10,12,19,3,1,12,4,5,1,37,1,NA,2,12,7,11,9,25,20,15,NA,1,19,16,NA,16,1,13,NA,9,11,28,22,7,4,7,NA,NA,7,5,7,17,5,8,3,25,28,16,29,18,21,12,2,3
PLFEKH_01540,5,8,1,1,2,2,2,2,6,6,2,NA,11,3,2,NA,19,1,NA,NA,10,9,3,4,3,9,10,NA,NA,10,8,NA,8,1,5,NA,2,1,4,16,4,1,5,NA,NA,NA,3,2,9,2,4,1,5,11,7,15,6,5,14,2,1
PLFEKH_01545,1,NA,NA,NA,NA,NA,NA,NA,1,1,1,NA,NA,NA,NA,NA,2,NA,NA,NA,NA,NA,1,1,2,1,NA,NA,NA,NA,NA,NA,3,NA,NA,NA,NA,1,1,1,NA,NA,3,NA,NA,NA,1,NA,2,NA,NA,NA,2,2,1,NA,NA,NA,1,NA,NA
PLFEKH_01550,9,6,4,2,1,NA,NA,1,6,3,NA,1,12,1,6,2,9,1,NA,1,4,3,3,4,2,7,3,NA,NA,6,4,NA,8,NA,3,NA,NA,NA,3,2,1,1,4,NA,NA,NA,2,NA,9,NA,7,3,6,5,NA,5,2,2,6,2,3
PLFEKH_01565,NA,NA,NA,NA,NA,NA,NA,NA,1,NA,NA,NA,1,NA,NA,NA,1,NA,NA,NA,1,NA,NA,1,2,1,1,NA,NA,3,NA,NA,2,NA,NA,NA,NA,NA,1,3,NA,NA,NA,NA,NA,NA,NA,NA,1,NA,NA,NA,1,2,NA,4,NA,2,NA,NA,1
PLFEKH_01575,14,13,5,14,2,2,7,8,9,6,1,6,22,7,11,1,65,NA,1,2,6,23,12,23,33,14,15,1,8,20,17,1,16,1,14,NA,5,16,22,14,3,7,16,1,NA,5,6,NA,8,4,31,16,23,22,6,49,15,8,13,4,4
PLFEKH_01580,11,14,1,8,NA,2,3,4,11,11,2,3,16,1,8,1,47,NA,1,7,15,12,8,7,28,12,15,NA,1,19,19,NA,12,4,11,NA,4,11,20,40,9,1,4,NA,NA,11,5,4,23,7,10,6,30,30,10,26,13,18,18,1,1
PLFEKH_01585,8,7,3,7,2,1,1,8,19,8,1,6,22,3,7,3,28,NA,NA,4,24,10,3,7,22,8,8,3,NA,10,3,2,19,NA,9,2,9,6,9,17,5,1,11,NA,NA,5,3,5,13,2,8,8,14,22,10,21,12,9,15,2,7
PLFEKH_01595,3,1,1,1,NA,NA,NA,NA,2,2,2,NA,NA,NA,NA,NA,8,NA,NA,NA,NA,NA,1,1,4,1,2,NA,NA,1,4,NA,5,NA,2,NA,NA,NA,4,5,1,NA,1,NA,NA,3,NA,NA,NA,1,3,1,1,3,5,4,4,4,2,NA,1
PLFEKH_01600,4,NA,4,4,NA,1,NA,NA,1,NA,1,3,5,2,NA,1,6,NA,NA,NA,3,2,3,3,5,4,5,NA,3,2,1,NA,1,NA,5,2,NA,2,1,2,NA,1,3,1,NA,1,4,NA,3,1,6,1,2,5,NA,2,1,1,NA,2,NA
PLFEKH_01605,4,2,4,1,NA,NA,NA,1,2,NA,1,NA,4,1,1,NA,10,1,1,NA,7,2,1,2,5,1,NA,1,3,2,1,1,5,1,3,NA,1,1,1,7,1,3,2,NA,NA,1,2,NA,8,2,3,1,7,6,3,3,3,2,1,1,4
PLFEKH_01615,NA,NA,NA,NA,NA,NA,NA,NA,NA,NA,NA,NA,NA,NA,NA,NA,NA,1,NA,NA,NA,NA,NA,NA,NA,NA,NA,NA,NA,NA,NA,NA,NA,NA,NA,NA,NA,NA,NA,NA,NA,NA,NA,NA,NA,NA,NA,NA,NA,NA,NA,NA,NA,NA,1,2,NA,NA,1,NA,NA
PLFEKH_01620,9,25,1,2,2,8,4,8,5,14,3,4,8,3,16,NA,54,1,2,3,13,5,4,5,15,16,6,NA,2,22,25,NA,28,3,17,1,6,6,19,13,4,1,17,NA,NA,5,10,7,21,6,11,10,16,16,12,20,8,11,19,NA,5
PLFEKH_01625,NA,NA,NA,NA,NA,NA,NA,NA,NA,NA,NA,NA,NA,NA,NA,NA,NA,NA,NA,NA,NA,NA,NA,NA,NA,2,NA,NA,NA,NA,1,NA,NA,NA,1,NA,NA,NA,NA,NA,NA,NA,NA,NA,NA,NA,NA,NA,NA,NA,NA,NA,NA,NA,NA,1,NA,NA,NA,NA,NA
PLFEKH_01630,8,10,1,3,7,2,2,4,8,3,1,2,6,3,9,NA,45,3,1,1,16,7,5,7,20,19,18,NA,NA,6,17,NA,14,1,13,1,7,3,21,31,5,NA,10,1,NA,7,6,5,17,6,16,8,22,25,8,31,11,7,14,NA,5
PLFEKH_01635,3,1,NA,1,1,2,NA,NA,1,3,NA,1,1,NA,2,NA,1,NA,NA,NA,1,NA,1,NA,2,5,3,NA,NA,3,4,NA,1,2,NA,NA,NA,2,1,7,1,NA,NA,NA,NA,NA,3,NA,4,NA,NA,1,NA,5,2,5,1,NA,3,NA,NA
PLFEKH_01640,2,3,1,1,NA,3,1,1,NA,1,NA,1,NA,4,3,NA,5,1,NA,1,10,2,NA,NA,4,10,4,1,NA,6,3,NA,9,NA,1,NA,2,NA,4,3,3,NA,2,NA,NA,NA,1,3,4,2,2,1,5,4,3,11,5,4,3,NA,NA
PLFEKH_01645,4,4,1,4,1,1,NA,3,4,4,NA,1,7,3,3,1,16,2,3,NA,12,4,3,4,12,8,4,1,3,11,11,1,14,NA,6,NA,7,4,6,8,2,3,7,NA,NA,3,3,1,8,2,4,NA,10,7,4,12,14,5,9,NA,6
PLFEKH_01650,7,17,NA,NA,5,6,2,2,4,4,1,4,9,4,3,NA,23,1,NA,1,11,2,5,1,9,10,5,NA,NA,4,16,NA,10,4,16,NA,NA,1,18,23,4,NA,1,NA,NA,10,5,NA,7,2,6,3,9,15,10,18,4,8,15,NA,2
PLFEKH_01655,17,4,13,12,3,3,3,4,9,2,NA,3,18,13,5,2,25,NA,2,NA,7,2,1,9,7,5,7,NA,3,10,10,3,12,1,5,1,9,5,5,14,4,4,3,2,NA,3,4,3,13,4,9,2,7,10,6,4,5,2,8,3,5
PLFEKH_01660,3,2,2,4,1,NA,NA,1,3,4,NA,4,1,NA,NA,1,14,1,NA,NA,5,1,3,1,8,4,4,NA,NA,3,4,NA,6,NA,10,NA,6,3,4,5,NA,NA,2,NA,NA,1,1,3,5,2,4,1,2,10,8,18,2,4,7,NA,NA
PLFEKH_01665,NA,NA,1,1,NA,NA,NA,NA,1,NA,NA,NA,NA,1,1,NA,3,NA,1,NA,2,NA,NA,NA,2,2,4,NA,NA,2,NA,NA,2,3,1,NA,2,3,NA,3,1,1,1,NA,NA,NA,NA,2,1,NA,4,2,3,NA,2,5,3,NA,NA,1,NA
PLFEKH_01670,4,NA,3,1,NA,1,NA,NA,3,3,2,1,3,5,3,1,7,1,NA,NA,4,4,4,3,4,2,1,1,1,5,1,NA,3,NA,5,1,3,2,2,4,NA,1,2,1,NA,NA,NA,3,2,3,5,2,2,7,3,5,5,5,NA,1,1
PLFEKH_01675,11,9,9,5,5,5,8,7,6,7,4,2,16,5,9,3,37,5,4,3,19,8,5,9,20,10,14,3,1,17,14,NA,14,3,11,5,12,13,14,17,1,5,10,NA,NA,7,9,7,9,6,12,10,13,22,13,22,5,6,13,3,4
PLFEKH_01680,4,1,2,2,1,2,NA,1,NA,1,NA,NA,1,NA,2,1,6,1,NA,2,6,1,1,1,1,NA,3,NA,NA,3,3,NA,5,1,NA,NA,NA,1,2,3,2,NA,2,NA,NA,NA,1,NA,5,NA,1,1,3,6,2,10,3,2,1,2,NA
PLFEKH_01685,6,16,3,3,3,5,3,12,15,16,NA,1,14,1,6,NA,29,5,NA,6,24,2,7,14,33,16,20,NA,3,23,14,NA,21,3,15,3,14,11,24,19,6,7,8,1,NA,10,15,3,22,9,14,12,26,23,11,21,12,25,20,2,4
PLFEKH_01690,4,2,4,3,2,2,1,1,1,NA,2,NA,7,NA,1,NA,10,2,4,NA,7,3,1,3,7,3,5,NA,2,NA,1,NA,4,2,NA,1,3,NA,2,2,1,2,4,NA,1,4,1,NA,1,1,5,4,8,7,2,5,5,2,1,1,3
PLFEKH_01695,2,NA,3,2,1,NA,1,NA,NA,NA,NA,NA,3,2,2,NA,5,NA,NA,1,NA,NA,NA,5,10,2,1,1,NA,1,1,2,NA,NA,1,3,5,1,1,NA,1,NA,3,NA,NA,1,NA,NA,NA,NA,3,NA,3,2,1,4,1,NA,NA,1,1
PLFEKH_01700,4,1,NA,2,NA,1,NA,1,1,NA,NA,NA,3,NA,NA,NA,7,NA,1,1,1,1,NA,1,4,1,2,NA,1,NA,NA,NA,NA,1,1,1,2,NA,1,2,NA,NA,2,NA,NA,1,1,NA,2,NA,NA,3,2,1,1,2,2,NA,1,1,NA
PLFEKH_01705,NA,NA,1,1,NA,NA,NA,NA,NA,NA,NA,1,4,NA,NA,1,2,NA,NA,2,1,NA,NA,4,2,NA,1,1,2,NA,1,1,1,2,1,2,2,1,3,2,NA,NA,1,NA,NA,NA,NA,1,2,NA,NA,1,NA,2,1,3,NA,1,1,1,1
PLFEKH_01710,4,1,6,4,NA,2,NA,5,1,1,NA,NA,4,7,3,3,10,1,3,2,5,6,1,8,18,4,3,1,2,10,6,1,3,1,4,1,11,7,4,15,3,5,9,NA,NA,5,8,3,6,NA,7,2,12,8,5,10,7,4,4,4,8
PLFEKH_01715,NA,2,1,3,1,2,NA,NA,2,NA,NA,NA,NA,3,NA,NA,4,NA,NA,NA,3,NA,1,1,2,6,5,NA,NA,3,2,NA,NA,1,2,1,3,3,1,4,2,NA,NA,NA,NA,4,2,NA,3,1,2,1,1,3,1,13,3,1,6,NA,NA
PLFEKH_01720,4,1,8,4,1,2,1,3,4,3,4,NA,2,6,5,NA,14,1,2,NA,8,3,NA,2,7,8,7,NA,2,9,2,1,7,2,5,NA,5,4,3,6,3,3,2,NA,NA,4,10,3,6,6,4,4,18,7,5,11,4,10,11,2,6
PLFEKH_01725,NA,NA,NA,4,11,5,NA,4,3,3,NA,NA,2,1,NA,1,9,1,2,6,15,1,NA,10,13,10,4,NA,NA,3,3,NA,3,6,8,1,11,13,5,16,6,3,4,NA,NA,5,4,3,8,7,2,10,15,8,3,15,6,8,4,1,1
PLFEKH_01740,2,3,2,3,1,NA,1,NA,3,3,NA,1,1,NA,1,NA,7,1,NA,2,8,NA,NA,2,5,5,2,NA,1,4,1,NA,4,NA,2,1,3,1,3,9,NA,NA,2,NA,NA,3,2,2,3,3,3,5,4,10,3,5,4,2,6,1,1
PLFEKH_01770,4,3,2,2,NA,1,NA,2,4,3,NA,3,NA,2,2,NA,9,NA,NA,NA,4,4,2,4,7,3,7,NA,NA,9,5,NA,12,NA,4,NA,2,2,7,3,4,1,3,NA,NA,1,2,1,6,NA,4,NA,5,8,8,5,5,4,3,1,1
PLFEKH_01795,1,NA,NA,NA,NA,NA,NA,NA,NA,NA,NA,NA,NA,NA,NA,NA,NA,NA,NA,NA,NA,NA,NA,NA,NA,NA,NA,NA,NA,1,NA,NA,NA,NA,NA,NA,NA,NA,NA,NA,NA,NA,NA,NA,NA,NA,NA,NA,NA,NA,NA,NA,NA,3,NA,NA,NA,NA,NA,NA,NA
PLFEKH_01820,2,6,5,NA,4,1,1,2,3,2,1,2,4,2,4,NA,19,NA,NA,2,9,3,2,5,14,3,10,NA,1,16,3,NA,9,NA,5,1,3,2,6,12,1,NA,3,NA,NA,5,7,2,8,2,6,9,8,12,7,19,2,6,6,2,3
PLFEKH_01825,4,6,2,3,1,4,NA,NA,3,1,2,NA,10,NA,3,NA,13,NA,NA,NA,3,1,5,2,NA,NA,NA,NA,NA,2,8,NA,8,1,7,NA,4,1,4,4,NA,NA,5,NA,NA,2,1,2,2,1,3,4,6,1,NA,2,1,8,3,2,1
PLFEKH_01830,1,NA,1,1,NA,1,1,NA,NA,NA,NA,1,1,NA,NA,NA,2,NA,NA,NA,1,NA,1,NA,1,1,2,NA,NA,1,NA,NA,1,NA,NA,NA,NA,NA,NA,1,NA,NA,1,NA,NA,NA,1,NA,1,NA,1,NA,1,NA,1,3,1,NA,2,NA,NA
PLFEKH_01835,10,13,3,NA,5,7,1,4,5,15,6,10,8,3,6,NA,50,1,NA,2,19,6,12,2,19,19,15,NA,NA,13,30,NA,16,5,22,NA,3,3,26,36,7,NA,14,NA,NA,14,10,6,12,5,14,6,18,16,22,45,8,25,28,NA,2
PLFEKH_01840,11,16,4,4,1,3,2,3,4,4,1,3,8,1,7,NA,22,NA,NA,3,6,2,1,1,6,2,3,NA,NA,9,12,NA,16,1,8,3,2,NA,5,7,NA,2,7,NA,NA,5,7,3,4,3,6,2,9,1,1,4,1,10,7,1,3
PLFEKH_01845,6,4,NA,NA,1,1,NA,NA,2,1,NA,NA,NA,1,NA,NA,NA,1,NA,2,2,1,1,NA,7,3,1,NA,NA,3,3,NA,4,1,5,NA,1,1,9,6,1,NA,2,NA,NA,2,1,1,6,NA,4,NA,2,5,4,1,1,4,4,NA,NA
PLFEKH_01855,1,6,1,1,NA,NA,NA,NA,4,1,1,1,3,NA,NA,NA,5,NA,1,NA,3,5,1,2,8,NA,1,NA,2,3,2,NA,2,1,NA,NA,1,3,1,3,NA,NA,1,NA,NA,NA,1,NA,2,NA,2,3,1,4,1,5,4,2,1,1,2
PLFEKH_01860,3,1,1,1,NA,1,NA,1,1,NA,1,2,1,2,1,NA,3,1,1,2,2,3,1,NA,3,NA,5,NA,NA,4,1,NA,3,NA,2,2,2,1,NA,2,1,NA,1,NA,NA,2,NA,1,5,NA,3,3,NA,2,1,4,1,2,4,NA,3
PLFEKH_01870,14,5,2,4,2,2,NA,3,2,3,2,2,1,1,NA,NA,14,3,NA,3,6,9,2,NA,10,4,2,NA,1,8,4,NA,8,1,8,NA,6,3,5,11,1,1,2,NA,NA,3,NA,2,15,3,6,6,12,13,2,8,6,6,10,NA,5
PLFEKH_01875,10,6,8,13,1,2,3,6,11,10,4,3,16,9,4,3,40,2,2,3,14,13,7,13,23,8,14,3,6,22,10,1,18,3,16,1,8,11,8,14,4,6,10,NA,1,5,8,3,7,5,14,9,14,12,3,16,7,6,10,5,3
PLFEKH_01880,3,1,NA,1,2,1,1,1,1,1,2,NA,1,NA,2,NA,11,NA,NA,NA,2,NA,1,4,7,6,3,NA,NA,8,3,NA,6,3,3,NA,1,1,2,8,1,NA,1,NA,NA,NA,2,2,3,2,1,4,3,1,3,9,2,4,6,1,NA
PLFEKH_01885,2,NA,NA,1,2,NA,1,NA,1,NA,2,NA,NA,NA,1,NA,4,NA,NA,1,NA,1,1,1,1,1,3,NA,NA,1,1,NA,NA,NA,2,NA,1,1,NA,4,NA,NA,NA,NA,NA,2,2,1,2,NA,NA,2,3,4,2,2,2,1,NA,NA,1
PLFEKH_01890,4,6,4,1,1,2,4,1,3,3,NA,NA,4,2,NA,NA,9,1,3,1,4,6,3,3,6,1,5,1,1,3,10,NA,6,NA,6,2,1,3,5,7,NA,NA,3,NA,NA,2,1,4,7,NA,2,2,5,3,6,10,2,2,8,NA,4
PLFEKH_01900,9,NA,4,3,NA,1,NA,3,5,5,3,1,4,1,5,NA,9,1,3,2,6,9,5,2,5,6,7,NA,NA,6,4,NA,8,1,2,NA,1,4,2,6,2,2,3,NA,NA,1,3,1,3,2,8,1,3,6,6,9,3,5,12,1,1
PLFEKH_01905,4,8,6,2,1,3,1,5,6,7,NA,3,8,4,10,NA,35,NA,1,2,12,6,8,17,22,20,9,NA,1,12,9,NA,8,2,7,1,2,4,9,19,7,4,14,NA,NA,3,5,1,2,1,18,6,17,12,19,33,11,6,16,1,3
PLFEKH_01910,3,NA,2,NA,NA,NA,NA,NA,3,2,NA,2,4,1,NA,1,6,1,2,NA,2,2,1,2,3,4,1,NA,3,3,2,NA,3,NA,3,NA,NA,1,1,1,1,1,3,1,NA,NA,1,1,2,1,1,2,4,2,2,2,6,1,1,2,NA
PLFEKH_01915,9,1,NA,2,2,NA,NA,1,1,NA,NA,NA,3,NA,NA,NA,9,NA,NA,NA,5,1,1,NA,6,3,3,1,NA,2,5,NA,6,NA,NA,NA,2,NA,NA,3,NA,NA,NA,NA,NA,NA,NA,NA,5,NA,2,1,6,3,NA,3,2,NA,3,NA,1
PLFEKH_01925,2,2,NA,NA,NA,NA,NA,NA,NA,2,NA,2,NA,NA,NA,NA,6,1,NA,NA,2,2,9,NA,4,1,NA,NA,NA,1,1,NA,3,1,NA,NA,NA,NA,4,3,NA,NA,NA,NA,NA,9,1,2,3,4,NA,NA,5,6,7,9,NA,8,4,NA,NA
PLFEKH_01930,NA,NA,NA,NA,NA,NA,NA,NA,NA,NA,NA,NA,NA,NA,NA,NA,NA,NA,NA,NA,NA,NA,NA,NA,NA,NA,NA,NA,NA,NA,NA,NA,NA,NA,NA,NA,NA,NA,NA,NA,1,NA,NA,NA,NA,NA,NA,NA,NA,NA,NA,NA,NA,NA,NA,NA,NA,NA,NA,NA,NA
PLFEKH_01935,3,3,NA,NA,7,1,NA,1,1,5,NA,NA,1,NA,NA,NA,12,NA,NA,4,5,NA,NA,3,5,3,1,NA,NA,1,7,NA,2,2,2,1,NA,1,4,20,6,NA,2,NA,NA,5,NA,2,5,5,2,3,3,6,7,12,6,13,4,NA,1
PLFEKH_01940,2,2,1,2,4,1,2,2,NA,2,1,2,NA,NA,1,1,7,NA,NA,1,1,1,2,1,5,3,3,NA,1,6,2,NA,5,1,2,NA,2,6,3,7,2,NA,4,NA,NA,5,2,2,1,2,4,NA,3,7,1,5,2,2,2,1,1
PLFEKH_01950,2,NA,1,2,NA,NA,1,NA,NA,1,NA,1,1,NA,NA,NA,3,NA,1,NA,NA,NA,NA,1,2,1,1,NA,NA,2,NA,NA,NA,1,NA,NA,1,NA,NA,1,1,NA,NA,NA,NA,NA,1,NA,1,1,2,NA,2,1,NA,3,NA,1,NA,NA,1
PLFEKH_01955,NA,NA,NA,1,NA,NA,NA,1,1,NA,NA,NA,NA,1,NA,NA,1,NA,1,NA,NA,NA,NA,NA,NA,NA,1,NA,NA,4,NA,NA,NA,1,NA,NA,NA,NA,2,NA,1,NA,NA,NA,NA,NA,1,NA,NA,NA,1,NA,NA,NA,1,1,NA,2,NA,NA,NA
PLFEKH_01960,NA,1,NA,NA,NA,2,NA,NA,NA,2,NA,2,NA,1,1,NA,3,NA,NA,NA,1,NA,3,NA,1,6,NA,NA,NA,NA,3,NA,NA,2,1,NA,NA,NA,2,2,NA,NA,NA,NA,NA,3,NA,2,2,NA,NA,NA,1,NA,2,2,1,7,NA,NA,NA
PLFEKH_01965,NA,2,NA,NA,5,1,NA,NA,1,1,NA,NA,2,1,1,NA,4,NA,NA,1,2,NA,2,NA,2,8,6,NA,NA,NA,1,NA,3,3,NA,NA,NA,1,4,5,3,NA,NA,NA,NA,7,1,3,1,7,2,5,2,2,1,11,NA,5,NA,NA,NA
PLFEKH_01970,4,18,NA,1,15,8,2,NA,3,12,2,1,6,1,3,NA,36,3,NA,2,25,4,8,NA,23,23,3,NA,NA,6,32,NA,21,11,16,1,NA,NA,24,34,6,1,1,NA,NA,34,NA,17,3,21,2,13,18,9,28,44,12,41,10,1,1
PLFEKH_01990,1,NA,1,NA,NA,NA,NA,NA,2,NA,NA,NA,1,NA,NA,NA,3,NA,NA,NA,NA,2,1,NA,1,1,NA,NA,NA,1,NA,NA,4,NA,NA,NA,NA,NA,NA,1,1,NA,2,NA,NA,1,NA,NA,NA,NA,1,NA,NA,4,1,4,3,1,NA,NA,NA
PLFEKH_02065,NA,NA,NA,1,NA,1,NA,NA,NA,1,NA,NA,NA,NA,NA,NA,2,NA,NA,1,1,NA,2,NA,1,2,1,NA,NA,NA,3,NA,NA,1,2,NA,NA,NA,1,2,NA,NA,NA,NA,NA,3,1,NA,NA,NA,NA,NA,1,1,2,1,2,NA,NA,NA,NA
PLFEKH_02070,1,6,NA,1,3,1,NA,NA,NA,NA,NA,NA,2,1,NA,NA,6,1,NA,NA,2,NA,3,NA,6,4,5,NA,NA,1,NA,NA,2,4,7,NA,NA,NA,6,10,3,NA,3,NA,NA,8,NA,6,2,10,NA,2,NA,NA,5,7,2,11,6,NA,NA
PLFEKH_02075,1,2,NA,NA,4,2,NA,NA,NA,1,NA,NA,2,NA,NA,NA,14,NA,NA,NA,5,NA,2,1,4,6,4,NA,NA,NA,8,NA,2,2,3,NA,NA,NA,3,8,6,1,3,NA,NA,4,1,4,2,4,NA,2,4,3,4,4,2,6,4,NA,NA
PLFEKH_02080,1,NA,NA,NA,NA,NA,NA,NA,NA,NA,NA,NA,1,NA,NA,NA,1,NA,NA,NA,NA,NA,1,NA,1,4,NA,NA,NA,NA,1,NA,NA,NA,1,NA,NA,NA,1,3,NA,NA,1,NA,NA,3,3,1,NA,NA,NA,NA,NA,NA,1,3,NA,1,NA,1,1
PLFEKH_02085,1,1,NA,NA,3,2,NA,NA,1,5,NA,1,2,1,NA,NA,11,1,NA,3,8,4,3,NA,6,14,6,NA,NA,2,7,NA,5,5,5,NA,NA,1,8,11,2,NA,NA,NA,NA,14,1,4,NA,8,1,7,3,3,6,6,2,20,8,NA,NA
PLFEKH_02090,1,NA,NA,NA,NA,NA,NA,NA,NA,NA,NA,NA,NA,NA,NA,NA,1,NA,NA,NA,1,1,2,NA,1,1,NA,NA,NA,NA,NA,NA,1,NA,1,NA,NA,1,NA,1,NA,NA,NA,NA,NA,1,1,2,NA,NA,NA,NA,NA,NA,NA,1,NA,3,NA,NA,NA
PLFEKH_02095,NA,1,NA,NA,1,NA,NA,NA,NA,NA,NA,NA,NA,NA,NA,NA,2,NA,NA,NA,2,NA,1,NA,NA,1,1,NA,NA,4,NA,NA,2,NA,NA,NA,1,NA,2,3,1,NA,1,NA,NA,1,NA,1,NA,3,1,1,NA,2,3,3,NA,NA,2,NA,NA
PLFEKH_02100,NA,2,NA,NA,3,1,NA,NA,NA,3,NA,NA,2,NA,NA,NA,9,2,NA,NA,3,NA,3,NA,3,13,4,NA,NA,2,14,NA,4,4,4,NA,NA,NA,3,8,4,NA,3,NA,NA,9,1,7,1,10,1,4,3,NA,6,10,2,8,6,NA,NA
PLFEKH_02105,NA,1,NA,1,NA,NA,NA,NA,2,NA,NA,NA,2,NA,NA,NA,3,NA,NA,NA,5,NA,NA,1,1,6,NA,NA,NA,1,3,NA,3,1,1,NA,NA,NA,1,4,3,NA,NA,NA,NA,3,1,NA,3,1,2,3,NA,NA,2,4,2,6,NA,NA,NA
PLFEKH_02115,NA,NA,NA,NA,NA,NA,NA,NA,NA,NA,NA,2,NA,NA,NA,NA,NA,NA,NA,NA,NA,NA,NA,NA,NA,NA,1,NA,NA,NA,2,NA,NA,NA,NA,NA,NA,NA,1,NA,NA,NA,NA,NA,NA,1,NA,NA,1,NA,NA,NA,NA,NA,1,3,NA,2,NA,NA,NA
PLFEKH_02120,1,1,NA,NA,1,NA,NA,NA,NA,NA,1,NA,NA,1,NA,NA,2,1,NA,NA,2,NA,NA,NA,1,2,3,NA,NA,2,1,NA,NA,NA,1,NA,1,1,3,2,4,NA,1,NA,NA,2,2,2,3,1,NA,NA,1,2,1,NA,1,5,NA,NA,1
PLFEKH_02125,NA,1,NA,NA,NA,1,NA,NA,NA,NA,NA,NA,NA,NA,NA,NA,1,NA,NA,NA,1,NA,NA,1,1,1,NA,NA,NA,1,2,NA,NA,NA,1,NA,NA,1,2,1,1,NA,NA,NA,NA,2,NA,2,NA,2,2,1,1,NA,1,2,NA,1,3,NA,NA
PLFEKH_02130,1,5,NA,1,2,2,NA,NA,1,2,1,NA,1,NA,NA,NA,5,1,NA,1,2,NA,NA,1,2,8,4,NA,NA,3,9,NA,2,4,3,NA,NA,NA,2,6,1,NA,1,NA,NA,2,2,2,NA,2,NA,7,NA,3,5,2,3,5,5,NA,NA
PLFEKH_02135,NA,2,NA,1,1,1,NA,NA,NA,NA,NA,1,NA,NA,NA,NA,2,NA,NA,NA,3,1,NA,1,1,6,1,NA,1,NA,NA,NA,NA,NA,NA,1,NA,NA,1,NA,1,NA,2,NA,NA,NA,NA,NA,NA,NA,NA,NA,NA,1,NA,NA,NA,2,NA,NA,1
PLFEKH_02140,NA,1,NA,NA,2,NA,NA,NA,1,NA,NA,NA,NA,1,NA,NA,5,1,NA,1,1,NA,NA,NA,2,2,2,NA,NA,1,2,NA,1,1,2,NA,NA,NA,NA,4,2,NA,2,NA,NA,6,1,1,NA,1,NA,1,1,1,1,4,1,4,2,NA,NA
PLFEKH_02145,NA,3,NA,NA,2,NA,1,NA,NA,3,1,NA,1,NA,NA,NA,9,4,NA,NA,2,2,NA,NA,6,5,1,NA,NA,1,4,NA,1,4,3,NA,NA,1,2,2,3,NA,NA,NA,NA,6,NA,1,3,3,2,4,4,3,2,3,1,9,3,NA,NA
PLFEKH_02150,1,1,NA,NA,1,2,NA,NA,NA,1,NA,NA,NA,NA,NA,NA,2,NA,NA,NA,NA,NA,NA,1,NA,1,1,NA,NA,NA,2,NA,NA,1,1,NA,NA,NA,1,5,1,NA,NA,NA,NA,NA,1,2,1,8,NA,1,1,1,2,4,NA,2,1,NA,1
PLFEKH_02155,NA,1,NA,NA,1,2,NA,NA,1,NA,NA,NA,NA,NA,NA,NA,5,1,NA,1,2,1,1,1,2,3,3,NA,NA,1,3,NA,5,2,2,NA,1,3,5,5,NA,NA,NA,NA,NA,6,2,1,1,3,3,3,4,1,NA,5,NA,8,1,NA,1
PLFEKH_02165,NA,3,NA,NA,2,NA,NA,NA,NA,1,NA,NA,NA,NA,NA,NA,5,1,NA,NA,2,NA,NA,NA,2,5,NA,NA,NA,2,4,NA,1,3,NA,1,1,NA,2,5,NA,NA,NA,NA,NA,1,NA,3,1,3,1,1,3,NA,2,3,2,2,4,NA,NA
PLFEKH_02170,9,19,3,6,4,2,3,4,6,6,1,1,4,3,4,NA,21,2,NA,3,10,2,1,10,8,11,3,2,NA,17,19,1,13,5,7,5,4,2,7,6,5,2,3,NA,NA,9,3,9,9,8,3,11,10,3,2,5,6,17,7,4,6
PLFEKH_02185,1,2,NA,NA,2,1,NA,NA,NA,1,NA,1,NA,NA,NA,NA,2,NA,NA,1,2,NA,NA,NA,1,3,3,NA,NA,1,2,NA,1,3,NA,NA,NA,1,1,3,1,NA,NA,NA,NA,3,NA,NA,1,2,2,4,NA,NA,1,3,1,5,2,NA,NA
PLFEKH_02190,1,2,NA,2,2,NA,NA,NA,3,3,NA,NA,1,NA,NA,NA,10,NA,NA,1,2,1,NA,1,6,13,2,NA,NA,2,2,NA,3,1,2,NA,1,1,6,6,7,1,2,NA,NA,8,NA,3,3,5,2,5,1,1,2,8,4,7,3,NA,NA
PLFEKH_02195,NA,1,1,2,5,1,NA,1,2,3,NA,4,NA,5,2,1,16,6,NA,2,4,2,4,1,6,11,4,1,NA,9,12,NA,3,3,10,1,1,2,5,12,2,NA,3,1,NA,9,5,4,8,6,2,5,6,12,6,18,12,7,6,NA,1
PLFEKH_02200,1,3,NA,NA,NA,NA,NA,NA,NA,1,1,NA,NA,1,NA,NA,5,NA,NA,NA,1,NA,NA,NA,NA,8,NA,NA,NA,2,1,NA,NA,4,NA,NA,NA,1,2,1,2,NA,2,NA,NA,1,NA,NA,1,1,3,3,1,2,1,1,1,2,3,NA,NA
PLFEKH_02205,NA,NA,2,2,NA,NA,1,NA,1,NA,NA,1,NA,2,NA,NA,3,NA,NA,1,2,NA,NA,2,1,2,NA,2,NA,NA,1,NA,NA,NA,NA,NA,NA,NA,NA,NA,2,NA,NA,NA,NA,1,NA,NA,NA,1,NA,1,NA,3,NA,3,2,2,NA,1,NA
PLFEKH_02210,NA,NA,NA,3,NA,1,1,2,NA,NA,3,NA,NA,1,NA,NA,1,NA,NA,NA,NA,3,1,2,5,1,3,NA,NA,1,4,1,1,NA,NA,NA,NA,NA,NA,1,NA,3,1,1,NA,NA,1,NA,1,NA,2,NA,NA,2,NA,4,4,1,1,NA,1
PLFEKH_02220,5,1,NA,NA,NA,NA,NA,NA,NA,1,NA,NA,NA,NA,NA,2,2,1,NA,2,NA,1,NA,1,1,NA,1,NA,1,2,4,NA,2,1,NA,NA,1,1,2,4,1,NA,NA,NA,NA,1,3,NA,1,2,2,1,1,2,NA,2,NA,1,NA,NA,2
PLFEKH_02225,5,5,1,5,1,1,7,3,4,4,NA,1,NA,3,2,2,13,1,NA,4,4,9,2,6,8,8,13,3,2,20,14,NA,12,1,6,NA,2,9,4,8,4,2,3,1,NA,11,5,7,8,10,12,9,7,21,5,16,5,12,7,3,2
PLFEKH_02230,3,2,10,5,2,3,1,NA,5,4,3,2,10,8,3,1,12,7,NA,3,5,10,1,12,10,8,7,NA,NA,9,2,NA,7,NA,5,4,4,6,2,8,2,1,1,NA,NA,7,1,2,NA,3,6,7,5,14,4,12,4,7,3,4,NA
PLFEKH_02240,2,NA,4,NA,NA,NA,1,2,1,NA,1,1,NA,1,NA,NA,4,1,NA,1,1,2,1,2,2,3,3,NA,1,5,5,NA,2,NA,NA,1,NA,1,1,5,NA,NA,NA,NA,NA,2,1,NA,2,1,2,2,NA,4,3,8,3,2,3,NA,NA
PLFEKH_02245,11,1,5,7,NA,NA,6,2,3,2,1,1,6,9,3,NA,9,8,4,6,2,7,3,6,4,4,2,3,1,6,4,1,NA,2,NA,4,2,6,3,3,1,7,3,1,NA,4,3,7,8,7,4,5,8,5,4,15,7,3,3,10,4
PLFEKH_02250,1,3,NA,1,NA,1,NA,NA,2,NA,1,1,1,3,2,NA,6,NA,NA,NA,2,NA,NA,1,2,3,NA,1,NA,2,1,1,4,NA,NA,NA,NA,NA,1,1,NA,NA,1,NA,NA,NA,NA,NA,4,NA,2,1,1,4,NA,5,4,NA,1,NA,NA
PLFEKH_02255,4,1,1,NA,NA,1,NA,NA,2,2,3,4,NA,1,1,1,3,1,NA,NA,1,4,1,2,3,1,4,NA,1,3,2,1,1,NA,1,1,1,1,2,5,1,NA,NA,NA,NA,2,1,1,NA,NA,NA,1,1,3,1,5,3,2,2,2,1
PLFEKH_02260,5,1,1,6,1,NA,NA,1,2,1,1,1,2,2,NA,NA,2,3,2,1,5,1,NA,1,2,2,4,2,NA,2,1,NA,1,1,4,3,2,1,1,3,NA,1,NA,NA,NA,5,2,2,2,3,1,2,3,3,3,3,2,3,2,1,1
PLFEKH_02265,6,1,3,5,2,2,1,NA,2,NA,2,1,2,3,2,1,5,2,NA,1,1,3,1,NA,1,3,3,1,1,6,3,NA,3,4,2,2,2,5,NA,5,1,3,1,1,NA,1,NA,2,3,5,2,4,7,7,4,5,3,7,4,2,NA
PLFEKH_02275,NA,NA,4,2,NA,2,1,NA,3,1,NA,1,NA,1,2,NA,2,NA,1,3,1,2,2,1,3,NA,2,1,1,4,3,1,4,2,3,NA,NA,3,2,3,2,2,1,NA,NA,3,4,2,2,1,NA,2,NA,6,NA,3,2,4,5,2,2
PLFEKH_02345,NA,NA,NA,NA,NA,NA,NA,NA,NA,NA,NA,NA,NA,NA,NA,NA,NA,NA,NA,NA,NA,NA,NA,NA,NA,NA,NA,NA,NA,NA,NA,NA,NA,NA,NA,NA,NA,NA,NA,NA,NA,NA,NA,NA,NA,NA,NA,NA,NA,2,NA,NA,NA,NA,NA,NA,NA,NA,NA,NA,NA
PLFEKH_02355,8,20,NA,2,2,2,NA,1,6,5,1,NA,6,1,1,1,22,1,NA,NA,7,NA,1,1,25,8,NA,NA,NA,8,12,NA,27,NA,7,NA,6,2,15,11,1,2,7,NA,NA,7,NA,3,8,3,4,4,9,10,9,14,3,12,7,NA,4
PLFEKH_02360,NA,2,NA,1,NA,1,NA,1,1,2,NA,NA,1,NA,NA,1,6,NA,NA,NA,2,NA,NA,1,7,3,1,NA,NA,3,4,NA,1,NA,7,NA,2,2,3,7,NA,NA,3,NA,NA,6,NA,NA,3,2,1,2,3,8,1,7,1,3,4,NA,1
PLFEKH_02365,1,NA,NA,1,NA,NA,NA,NA,NA,NA,1,NA,2,1,NA,NA,NA,NA,NA,NA,NA,NA,1,NA,NA,NA,NA,NA,NA,3,NA,NA,2,NA,NA,NA,NA,NA,1,2,1,NA,NA,NA,NA,NA,1,NA,NA,NA,NA,NA,NA,NA,NA,1,1,NA,NA,NA,NA
PLFEKH_02380,NA,NA,NA,1,NA,NA,NA,NA,1,1,NA,NA,NA,NA,NA,NA,3,NA,1,NA,NA,NA,NA,1,2,2,NA,NA,NA,NA,NA,NA,2,NA,2,NA,NA,NA,1,NA,NA,NA,NA,NA,NA,NA,NA,2,1,2,NA,NA,NA,NA,1,2,1,1,NA,NA,NA
PLFEKH_02385,3,2,1,5,1,2,1,1,4,3,2,3,3,2,3,NA,6,2,3,1,7,3,5,2,8,5,7,1,5,14,5,1,4,2,4,3,NA,6,3,9,3,1,3,2,NA,9,3,NA,6,8,7,10,2,6,10,11,5,5,4,2,3
PLFEKH_02390,3,2,4,NA,2,2,1,NA,1,1,NA,2,6,1,4,NA,15,NA,NA,3,4,2,1,2,4,4,3,NA,NA,6,6,NA,5,NA,4,NA,NA,2,5,7,NA,NA,7,NA,NA,2,4,NA,6,3,3,6,5,8,7,12,2,7,7,NA,NA
PLFEKH_02395,7,6,2,4,1,1,NA,5,5,3,1,NA,8,5,5,2,25,4,2,2,5,2,1,7,4,3,4,NA,2,11,16,NA,15,1,6,NA,7,4,4,6,4,8,3,NA,NA,2,3,5,9,6,10,1,15,5,3,5,1,7,12,2,3
PLFEKH_02400,2,NA,NA,NA,NA,NA,NA,NA,NA,NA,NA,1,1,NA,NA,NA,1,NA,NA,NA,1,NA,NA,NA,NA,NA,NA,NA,NA,1,1,NA,1,NA,NA,NA,1,NA,NA,NA,NA,NA,NA,NA,NA,NA,NA,NA,NA,NA,NA,NA,NA,NA,NA,NA,1,NA,NA,1,NA
PLFEKH_02405,3,10,NA,NA,2,5,2,1,6,8,1,3,1,NA,1,NA,16,3,NA,1,12,3,4,3,7,10,10,NA,NA,8,25,NA,13,1,8,NA,NA,3,10,15,2,1,1,NA,NA,8,2,7,3,7,5,7,9,6,11,18,8,12,19,NA,NA
PLFEKH_02410,NA,2,NA,NA,1,2,NA,NA,NA,1,NA,1,NA,NA,NA,NA,1,1,NA,3,3,NA,1,1,3,NA,1,NA,NA,NA,5,NA,7,1,4,NA,NA,NA,3,5,NA,1,1,NA,NA,3,NA,1,3,2,2,3,5,1,2,5,NA,4,1,NA,NA
PLFEKH_02415,7,1,3,1,1,1,2,NA,1,1,2,1,5,NA,1,NA,14,2,NA,4,6,3,1,4,5,6,5,2,NA,4,3,1,8,4,6,NA,3,3,1,7,NA,4,1,NA,NA,6,4,1,6,1,10,5,8,6,4,8,3,12,7,2,5
PLFEKH_02420,7,5,14,10,3,NA,NA,8,9,5,1,2,10,7,8,1,22,3,1,2,11,8,6,13,17,17,12,4,4,15,13,2,18,2,16,2,9,14,8,8,3,7,10,1,1,16,3,6,3,5,11,6,8,20,6,20,17,10,10,3,9
PLFEKH_02425,2,4,1,2,4,6,NA,1,1,2,2,NA,NA,1,3,NA,12,NA,NA,4,9,1,2,1,6,13,7,NA,NA,8,12,NA,9,2,6,NA,1,2,6,3,2,NA,5,NA,NA,15,2,3,6,10,4,8,5,2,5,24,1,16,11,NA,NA
PLFEKH_02430,1,1,2,5,2,5,NA,3,5,1,2,NA,1,3,NA,NA,19,4,NA,4,10,2,1,5,17,13,6,NA,1,3,5,NA,7,4,2,2,6,5,7,7,1,1,3,NA,NA,12,3,3,9,6,3,3,9,11,3,10,4,9,5,2,2
PLFEKH_02435,2,4,2,2,1,NA,NA,2,NA,1,NA,NA,3,3,1,NA,5,NA,NA,NA,1,1,NA,NA,3,NA,3,NA,NA,4,2,1,3,NA,NA,1,NA,2,2,1,NA,2,2,1,NA,1,4,4,7,1,1,2,3,2,NA,1,1,2,3,NA,NA
PLFEKH_02440,1,1,4,2,NA,NA,NA,1,1,1,1,1,NA,NA,2,NA,4,NA,NA,NA,4,2,2,NA,5,NA,1,NA,NA,2,3,1,2,2,2,1,2,1,NA,4,1,NA,2,1,1,2,4,1,5,NA,2,5,5,5,4,4,2,5,4,1,1
PLFEKH_02445,7,6,NA,2,2,4,3,4,7,4,2,4,1,2,1,NA,21,1,1,2,5,4,6,4,11,10,17,NA,2,14,11,NA,10,2,12,NA,6,8,2,15,2,NA,5,NA,NA,7,5,4,11,7,6,3,12,11,8,27,13,6,3,2,7
PLFEKH_02450,23,18,15,15,3,8,8,9,9,7,NA,2,39,10,15,1,54,11,6,6,27,10,10,17,27,16,19,2,3,27,16,4,18,6,19,5,24,34,24,43,8,17,24,1,NA,17,9,6,17,7,23,20,32,41,31,37,11,28,33,7,8
PLFEKH_02470,4,5,2,4,2,5,2,4,6,5,1,1,2,4,2,NA,15,NA,NA,2,10,3,1,4,8,12,9,NA,NA,10,6,NA,12,3,10,NA,4,1,9,13,4,4,6,NA,NA,7,8,8,13,2,4,5,12,17,5,23,5,18,17,1,3
PLFEKH_02475,3,1,NA,2,1,2,3,1,4,5,1,2,3,1,1,NA,11,NA,4,2,5,2,NA,3,3,4,7,NA,NA,5,9,1,7,3,3,2,3,6,2,5,1,1,3,2,NA,4,3,1,8,NA,8,2,3,6,2,9,3,2,5,1,4
PLFEKH_02480,NA,NA,NA,NA,NA,NA,NA,NA,NA,NA,NA,NA,NA,NA,NA,NA,NA,NA,NA,NA,NA,NA,NA,NA,NA,NA,NA,NA,NA,NA,NA,NA,NA,NA,1,NA,NA,NA,1,NA,NA,NA,NA,NA,NA,NA,NA,NA,NA,NA,NA,NA,NA,NA,NA,NA,NA,NA,NA,NA,NA
PLFEKH_02485,NA,NA,NA,NA,NA,NA,NA,NA,1,NA,NA,NA,2,NA,1,NA,2,NA,NA,NA,NA,NA,NA,1,NA,2,1,NA,NA,NA,2,NA,NA,NA,NA,NA,NA,1,5,1,1,1,1,NA,NA,2,NA,NA,1,NA,NA,NA,NA,NA,1,3,NA,NA,NA,1,NA
PLFEKH_02490,15,7,6,9,5,4,2,7,7,1,7,3,12,7,9,1,29,2,NA,3,13,5,4,11,15,12,14,6,5,18,25,5,18,6,8,4,12,9,6,11,4,4,8,1,1,7,3,5,14,2,10,9,18,11,6,23,6,6,11,4,7
PLFEKH_02495,2,NA,1,NA,NA,NA,NA,NA,NA,NA,NA,NA,NA,1,NA,NA,1,NA,NA,NA,NA,1,NA,NA,NA,2,1,NA,NA,1,NA,1,NA,NA,NA,NA,NA,NA,NA,1,NA,NA,NA,NA,NA,1,NA,NA,NA,NA,NA,NA,1,NA,NA,1,2,NA,1,1,NA
PLFEKH_02510,6,2,NA,NA,7,2,1,NA,1,1,1,2,NA,1,NA,NA,19,1,NA,1,6,NA,1,3,7,6,NA,NA,NA,6,6,NA,2,4,6,NA,1,NA,7,15,NA,NA,1,NA,NA,16,2,2,6,5,4,7,6,5,3,13,2,11,7,NA,1
PLFEKH_02515,3,2,3,1,4,1,NA,3,1,2,NA,NA,NA,1,1,1,9,3,NA,2,3,NA,4,5,7,1,6,NA,1,12,14,NA,4,NA,8,NA,3,3,15,4,1,2,NA,NA,NA,4,2,2,7,1,4,NA,6,12,2,6,3,7,8,2,4
PLFEKH_02520,9,3,7,5,3,4,NA,3,1,NA,NA,NA,NA,6,2,1,9,2,2,4,6,1,NA,7,10,4,7,1,2,14,14,NA,4,NA,5,1,5,5,13,19,1,4,12,NA,NA,1,7,2,12,6,10,8,8,18,5,13,5,13,15,4,2
PLFEKH_02525,1,1,1,NA,2,1,NA,NA,2,NA,NA,NA,NA,NA,NA,NA,6,NA,NA,NA,3,NA,2,NA,2,2,2,NA,NA,NA,NA,NA,2,NA,1,NA,NA,1,2,1,NA,NA,3,NA,NA,1,NA,NA,1,NA,2,3,2,2,1,4,1,NA,NA,NA,NA
PLFEKH_02530,13,3,3,3,2,NA,3,1,7,1,2,1,5,4,3,3,11,1,NA,1,4,4,1,2,7,6,4,1,5,8,1,NA,12,2,2,3,2,2,2,8,2,1,NA,NA,NA,2,2,1,7,1,3,2,6,8,6,10,7,3,5,2,2
PLFEKH_02535,1,1,NA,1,NA,NA,NA,NA,1,2,NA,NA,NA,NA,NA,NA,3,1,NA,1,1,NA,3,1,NA,5,1,NA,NA,2,5,NA,3,1,3,NA,NA,NA,2,6,1,NA,NA,NA,NA,3,NA,1,2,4,NA,NA,2,1,2,2,2,4,3,NA,NA
PLFEKH_02540,NA,1,NA,NA,2,1,NA,NA,NA,2,NA,NA,NA,NA,NA,NA,7,NA,NA,NA,1,NA,1,NA,2,5,1,NA,NA,NA,4,NA,2,1,2,NA,NA,NA,NA,3,NA,NA,NA,NA,NA,3,1,NA,NA,4,NA,NA,1,NA,4,3,2,6,1,NA,NA
PLFEKH_02550,3,NA,NA,NA,1,NA,NA,2,NA,2,NA,NA,NA,NA,1,NA,3,1,NA,1,3,1,1,NA,1,2,2,NA,NA,2,3,NA,3,1,1,NA,NA,4,3,NA,1,NA,1,NA,NA,3,1,1,2,4,2,1,2,8,1,6,2,NA,4,NA,NA
PLFEKH_02560,2,7,3,2,4,2,1,2,2,NA,NA,NA,2,2,2,NA,10,2,NA,2,1,5,3,5,3,3,4,NA,NA,3,8,NA,3,NA,2,NA,NA,NA,9,4,NA,1,1,NA,NA,3,3,NA,3,2,5,5,11,7,3,11,2,2,1,NA,2
PLFEKH_02565,3,5,1,1,2,NA,NA,1,8,4,NA,3,1,2,3,NA,11,1,NA,1,5,2,3,3,7,3,1,NA,NA,5,6,NA,4,NA,1,NA,NA,NA,3,11,1,NA,4,NA,NA,1,5,4,4,1,3,2,6,11,1,11,2,3,6,NA,NA
PLFEKH_02570,12,12,3,4,1,1,1,2,4,5,1,2,12,1,6,NA,22,1,NA,5,5,4,NA,3,6,10,5,NA,NA,9,13,NA,12,3,6,NA,3,2,4,9,NA,3,4,NA,NA,5,9,4,9,9,5,7,8,3,6,8,1,11,9,1,7
PLFEKH_02580,3,NA,2,2,1,2,NA,NA,2,NA,1,1,1,1,NA,NA,9,NA,NA,1,3,4,1,1,6,NA,2,NA,NA,5,3,NA,NA,1,5,1,1,2,NA,3,NA,NA,1,NA,1,4,1,1,4,3,2,6,11,5,1,1,2,6,7,2,3
PLFEKH_02585,3,1,1,NA,NA,NA,NA,1,NA,1,1,1,NA,1,NA,NA,2,NA,NA,NA,2,2,2,2,1,NA,NA,NA,1,2,2,NA,2,1,NA,NA,NA,NA,NA,2,NA,NA,1,NA,NA,1,NA,NA,1,NA,1,1,1,3,NA,2,3,1,1,2,NA
PLFEKH_02630,4,12,1,NA,NA,3,1,1,3,4,1,6,4,2,1,NA,13,NA,NA,1,8,1,4,1,6,8,9,NA,NA,6,10,NA,12,1,7,NA,2,1,12,15,2,1,3,NA,NA,1,6,3,9,NA,4,1,8,12,7,23,9,8,13,1,3
PLFEKH_02635,16,27,8,5,6,14,2,12,17,17,5,9,14,3,14,NA,76,5,2,2,35,9,16,6,34,22,41,NA,NA,22,39,2,31,4,32,NA,11,6,37,47,9,2,18,NA,NA,14,17,8,21,4,31,16,35,41,29,57,14,25,47,NA,3
PLFEKH_02640,4,NA,2,3,NA,1,NA,2,6,4,3,2,5,2,1,1,16,1,NA,1,6,7,3,3,11,6,7,NA,NA,7,NA,1,4,1,3,NA,4,4,1,4,2,NA,4,NA,NA,3,2,1,8,3,9,NA,9,5,4,13,1,2,5,3,4
PLFEKH_02645,13,8,9,9,6,5,8,4,7,8,1,NA,6,7,9,3,39,3,2,2,15,7,3,13,25,15,10,NA,3,21,12,NA,18,NA,20,3,13,10,10,31,7,6,9,NA,NA,12,11,1,19,4,11,3,15,36,14,37,23,13,12,4,5
PLFEKH_02665,2,2,3,2,NA,NA,NA,NA,1,NA,2,1,NA,2,NA,NA,7,2,NA,NA,4,3,NA,1,3,3,2,1,NA,4,2,1,5,1,4,NA,3,3,1,2,3,NA,1,NA,NA,2,2,NA,5,1,3,4,7,8,2,8,2,4,2,1,1
PLFEKH_02670,6,2,3,NA,1,2,NA,3,1,3,NA,NA,8,2,1,NA,8,2,1,2,NA,2,2,2,3,5,2,1,NA,4,2,1,2,NA,1,NA,3,5,2,5,1,NA,4,NA,NA,1,5,1,4,3,4,3,4,4,2,7,2,2,4,2,3
PLFEKH_02675,2,NA,1,2,NA,1,1,1,3,1,3,2,4,1,1,NA,8,NA,NA,1,3,1,1,4,3,4,3,1,2,5,2,1,1,NA,4,1,3,1,2,3,4,2,1,NA,NA,1,2,NA,2,NA,1,1,2,4,4,4,4,4,NA,2,NA
PLFEKH_02680,NA,NA,NA,NA,1,NA,NA,NA,NA,NA,NA,NA,NA,NA,NA,NA,2,NA,NA,NA,NA,NA,NA,NA,1,NA,NA,NA,1,1,NA,NA,1,NA,1,NA,NA,NA,NA,1,NA,NA,NA,NA,NA,1,NA,NA,NA,NA,1,NA,NA,1,NA,2,NA,NA,NA,1,NA
PLFEKH_02685,3,6,2,1,1,2,3,3,2,5,1,NA,2,2,1,1,17,4,NA,2,6,1,6,2,2,10,3,3,NA,5,4,1,7,NA,5,2,3,3,5,5,1,3,5,NA,NA,2,6,1,2,2,5,2,3,8,7,10,4,4,2,NA,NA
PLFEKH_02690,2,2,2,NA,NA,NA,NA,NA,NA,NA,NA,1,NA,1,1,NA,9,1,NA,NA,3,2,1,2,1,2,2,NA,1,2,4,1,1,3,2,NA,2,1,1,5,NA,1,NA,NA,NA,3,NA,NA,1,2,4,2,2,2,3,5,NA,2,4,NA,NA
PLFEKH_02695,NA,NA,NA,NA,NA,NA,NA,NA,NA,1,NA,NA,NA,NA,NA,NA,1,NA,NA,NA,NA,2,NA,NA,1,NA,NA,NA,NA,2,NA,NA,1,NA,NA,1,NA,NA,1,NA,NA,NA,1,NA,NA,NA,NA,1,NA,1,2,1,1,2,1,2,NA,3,NA,NA,NA
PLFEKH_02700,6,4,4,2,3,4,NA,5,4,5,1,1,5,1,7,1,20,1,1,4,8,5,4,10,12,4,12,1,1,9,14,1,8,5,10,2,7,5,6,8,5,8,8,1,NA,3,9,2,7,2,10,1,5,18,15,25,6,6,6,NA,1
PLFEKH_02705,3,1,NA,2,1,2,1,1,2,1,1,NA,NA,NA,3,NA,11,1,NA,NA,4,2,5,2,3,6,10,NA,NA,10,9,NA,3,1,NA,1,1,1,4,2,NA,2,3,NA,NA,4,1,2,2,3,4,2,6,5,9,9,3,2,6,NA,3
PLFEKH_02710,2,2,NA,NA,NA,NA,NA,NA,1,4,NA,NA,NA,NA,NA,NA,5,NA,NA,NA,2,NA,2,1,8,1,NA,NA,NA,3,2,NA,3,1,6,NA,2,3,1,9,3,NA,2,NA,NA,5,3,1,3,3,1,2,NA,3,3,4,1,5,4,NA,NA
PLFEKH_02715,3,NA,3,1,2,3,NA,1,6,1,NA,NA,2,2,2,1,3,NA,NA,1,2,NA,1,2,4,NA,3,1,NA,1,3,NA,2,NA,3,3,5,2,5,4,3,NA,2,1,NA,4,3,2,2,1,2,2,1,6,3,4,NA,1,1,2,1
PLFEKH_02720,1,1,1,2,1,NA,1,NA,3,1,2,NA,1,NA,2,NA,5,NA,NA,1,3,1,1,NA,2,4,2,1,NA,5,4,NA,1,1,2,1,1,2,NA,5,1,NA,2,NA,NA,1,2,2,3,4,6,1,4,7,2,6,NA,2,3,NA,3
PLFEKH_02725,5,2,8,NA,1,3,2,1,NA,NA,2,2,NA,4,2,NA,11,1,NA,2,6,6,1,NA,3,5,7,NA,NA,7,7,1,14,2,7,1,4,2,3,9,1,2,6,NA,NA,8,6,2,6,2,11,6,5,13,3,6,3,7,8,1,5
PLFEKH_02730,7,1,8,8,1,2,1,1,1,3,NA,1,3,4,5,1,11,1,3,4,1,1,1,3,3,7,3,NA,2,9,7,1,5,1,4,1,5,4,4,2,NA,2,6,1,NA,6,5,3,7,4,7,6,7,5,4,6,4,7,4,5,2
PLFEKH_02735,5,2,2,4,4,1,NA,1,2,NA,1,NA,1,3,2,NA,13,2,2,2,3,4,2,3,3,6,3,NA,2,6,3,1,10,2,1,1,NA,2,3,3,2,3,2,NA,NA,2,2,2,9,3,4,2,12,9,4,3,5,3,2,1,6
PLFEKH_02740,2,5,2,4,3,1,1,5,2,1,1,NA,6,NA,1,1,13,NA,1,1,3,NA,NA,3,NA,5,2,NA,2,8,5,NA,9,2,5,1,4,1,2,1,1,4,2,NA,NA,7,8,NA,8,2,6,3,5,3,2,3,2,3,7,2,6
PLFEKH_02745,1,1,1,NA,2,1,NA,1,3,1,NA,NA,NA,1,NA,NA,11,NA,NA,NA,3,NA,NA,2,2,2,2,NA,1,7,1,NA,1,2,1,1,2,2,2,3,3,3,1,NA,NA,2,2,1,3,1,NA,1,2,6,4,6,NA,4,5,NA,NA
PLFEKH_02750,1,2,NA,NA,NA,1,NA,NA,4,7,NA,NA,3,NA,NA,NA,10,NA,NA,2,4,NA,1,3,9,6,1,NA,NA,7,2,NA,3,NA,8,NA,2,1,3,5,2,2,NA,NA,NA,1,1,1,4,5,2,NA,4,3,3,3,2,4,2,1,NA
PLFEKH_02755,NA,NA,NA,NA,NA,NA,NA,NA,NA,NA,NA,NA,NA,2,1,NA,3,NA,NA,NA,NA,1,NA,NA,2,NA,NA,NA,NA,NA,1,NA,NA,NA,NA,NA,2,NA,1,1,1,NA,NA,NA,NA,NA,NA,1,1,NA,NA,1,NA,2,NA,NA,NA,NA,1,1,1
PLFEKH_02760,NA,NA,NA,NA,NA,NA,NA,NA,2,NA,NA,NA,NA,NA,NA,NA,1,NA,NA,NA,1,1,NA,NA,2,NA,1,NA,NA,2,NA,NA,1,NA,NA,NA,1,NA,1,NA,NA,NA,NA,NA,NA,NA,1,NA,NA,1,NA,NA,1,1,NA,1,NA,NA,NA,NA,NA
PLFEKH_02765,3,5,2,1,5,1,3,NA,2,3,4,2,2,1,1,1,16,2,NA,1,7,5,3,2,7,16,4,NA,NA,11,12,NA,9,1,10,1,7,3,4,10,2,NA,7,NA,NA,11,7,4,9,6,4,11,13,15,4,20,1,11,12,1,4
PLFEKH_02775,4,2,2,1,1,1,2,NA,4,2,3,NA,1,2,5,NA,14,NA,NA,1,6,4,2,1,8,3,4,1,NA,4,8,NA,9,3,5,1,4,3,7,6,NA,NA,3,NA,1,6,4,3,4,8,10,7,3,9,6,15,6,6,9,1,1
PLFEKH_02780,1,1,NA,NA,NA,NA,NA,NA,1,NA,NA,NA,NA,NA,NA,NA,NA,1,NA,NA,NA,NA,2,NA,NA,4,NA,NA,NA,NA,2,NA,NA,NA,NA,NA,NA,NA,NA,4,1,NA,NA,NA,NA,6,NA,1,NA,2,NA,NA,NA,1,NA,1,NA,1,3,NA,NA
PLFEKH_02785,1,NA,NA,NA,NA,NA,NA,NA,NA,NA,NA,1,NA,NA,NA,NA,1,NA,NA,NA,NA,NA,1,NA,NA,1,NA,NA,NA,NA,NA,NA,NA,1,NA,NA,NA,NA,NA,1,NA,NA,NA,NA,NA,NA,NA,1,NA,1,NA,1,NA,NA,2,NA,NA,3,NA,NA,NA
PLFEKH_02795,4,6,1,1,2,NA,NA,3,5,1,1,2,5,2,2,NA,22,NA,NA,4,6,NA,4,NA,8,8,3,NA,1,8,7,NA,8,1,6,1,3,1,8,16,7,NA,3,NA,NA,5,2,2,5,6,1,2,9,17,4,16,8,10,8,2,1
PLFEKH_02800,8,6,3,6,5,2,2,5,6,3,1,3,4,6,4,NA,12,2,5,1,6,3,4,10,16,6,8,2,2,10,4,3,12,2,9,2,7,7,10,11,3,4,4,NA,NA,5,5,4,8,2,17,4,12,17,8,6,2,8,9,5,3
PLFEKH_02805,2,NA,NA,NA,1,NA,NA,NA,1,NA,NA,1,NA,NA,NA,NA,4,1,NA,NA,NA,NA,NA,1,4,3,2,NA,NA,4,3,NA,1,1,2,NA,1,2,4,4,1,NA,NA,NA,NA,3,1,2,2,4,1,NA,1,5,3,8,NA,1,4,NA,1
PLFEKH_02810,NA,NA,NA,1,NA,NA,NA,NA,NA,NA,1,NA,NA,NA,NA,NA,NA,NA,NA,NA,NA,NA,NA,NA,1,NA,2,NA,NA,NA,3,NA,NA,NA,3,NA,NA,1,NA,1,NA,NA,NA,NA,NA,NA,1,1,2,1,2,NA,NA,1,NA,4,NA,NA,1,NA,NA
PLFEKH_02815,4,2,1,NA,NA,2,1,NA,3,NA,1,1,1,3,NA,1,6,2,1,2,3,NA,NA,2,3,4,2,NA,NA,2,4,NA,8,NA,1,1,2,NA,1,4,3,1,2,NA,1,5,4,1,7,1,1,2,3,8,3,5,2,6,7,2,NA
PLFEKH_02820,4,17,1,5,6,6,NA,2,4,4,NA,1,4,1,3,NA,23,5,1,7,16,3,5,1,16,28,10,NA,NA,10,26,NA,22,7,8,NA,5,4,14,26,7,2,5,NA,NA,16,4,4,7,9,4,9,18,15,14,33,8,26,16,1,NA
PLFEKH_02825,3,4,1,3,NA,5,3,1,2,NA,1,1,1,1,2,NA,8,NA,1,1,3,4,1,4,3,4,4,1,NA,9,4,1,6,NA,3,NA,1,3,3,7,1,1,2,NA,NA,8,4,NA,3,5,1,4,6,3,4,11,9,7,3,2,1
PLFEKH_02830,2,5,2,2,3,2,2,2,3,3,1,2,1,4,2,NA,15,NA,NA,2,6,5,2,NA,7,10,3,NA,NA,8,11,NA,13,3,4,2,1,2,6,13,1,1,6,NA,NA,6,1,1,12,5,6,8,11,10,6,16,8,9,10,1,2
PLFEKH_02835,NA,3,1,NA,NA,NA,NA,NA,NA,NA,NA,NA,1,NA,NA,NA,3,NA,NA,NA,1,NA,NA,NA,NA,NA,1,NA,NA,NA,3,NA,2,NA,2,NA,1,2,1,1,NA,2,2,NA,NA,NA,NA,NA,1,NA,NA,1,1,NA,NA,2,NA,2,NA,NA,NA
PLFEKH_02850,6,4,NA,1,3,4,1,2,6,6,1,2,5,3,1,NA,23,1,NA,2,3,4,2,4,7,12,6,NA,NA,10,11,NA,15,2,11,1,4,2,9,12,1,NA,7,NA,NA,3,5,2,6,4,7,4,5,13,10,18,6,13,9,1,1
PLFEKH_02860,NA,1,NA,NA,NA,1,1,NA,1,1,1,NA,1,NA,2,NA,4,NA,1,1,1,NA,2,1,2,3,1,NA,NA,NA,3,NA,2,1,2,1,1,NA,2,2,NA,1,1,NA,NA,5,3,3,3,4,1,NA,2,3,1,6,1,2,1,1,NA
PLFEKH_02865,2,9,1,3,5,2,NA,2,4,1,1,NA,3,3,3,NA,24,1,NA,NA,10,1,3,NA,16,19,6,NA,NA,8,17,NA,8,2,14,NA,3,1,13,15,3,NA,4,NA,NA,15,3,4,15,8,11,10,12,25,11,40,5,8,10,NA,2
PLFEKH_02870,3,8,NA,2,11,10,4,2,3,6,3,NA,2,2,5,NA,35,1,NA,1,16,1,10,12,24,43,13,NA,NA,7,26,NA,20,8,17,1,3,2,23,47,12,NA,10,NA,NA,33,8,11,13,20,9,15,33,17,22,73,15,26,24,2,1
PLFEKH_02880,NA,4,NA,NA,1,NA,1,NA,1,1,NA,NA,NA,NA,1,NA,6,NA,NA,NA,1,NA,NA,NA,NA,1,2,NA,NA,NA,3,NA,3,NA,1,NA,NA,NA,3,5,NA,NA,1,NA,NA,2,NA,NA,2,1,NA,NA,3,1,3,4,NA,1,1,NA,1
PLFEKH_02885,4,2,3,2,3,2,2,2,6,3,1,2,NA,3,2,NA,15,1,NA,3,4,1,1,1,6,10,4,NA,1,10,6,NA,6,NA,4,1,2,3,2,8,1,2,NA,NA,NA,7,NA,2,3,1,1,2,9,6,5,15,3,3,9,2,1
PLFEKH_02890,NA,NA,NA,NA,1,NA,NA,NA,NA,1,NA,NA,NA,NA,1,NA,3,NA,NA,NA,NA,NA,1,NA,1,4,1,NA,NA,NA,NA,NA,1,NA,NA,NA,NA,NA,NA,1,NA,NA,1,NA,NA,1,NA,NA,NA,NA,NA,NA,NA,NA,1,NA,NA,1,NA,NA,NA
PLFEKH_02900,1,15,NA,1,16,4,NA,NA,2,10,NA,1,2,2,NA,NA,40,1,NA,2,20,2,6,2,18,27,9,NA,NA,12,31,NA,16,4,15,NA,1,3,14,25,4,NA,6,NA,NA,23,5,9,14,12,3,10,15,14,14,44,10,32,18,NA,NA
PLFEKH_02905,5,6,9,4,1,NA,NA,3,8,8,NA,NA,3,5,6,1,9,2,1,1,1,2,3,4,6,3,3,2,1,2,2,1,2,1,3,NA,4,4,9,4,6,5,2,NA,2,3,1,2,2,4,5,8,8,15,5,9,7,3,4,2,2
PLFEKH_02915,5,9,2,NA,7,2,NA,NA,1,8,NA,NA,2,2,1,NA,40,3,NA,2,18,3,5,3,19,48,9,NA,NA,11,11,NA,17,9,7,NA,2,1,13,16,2,NA,12,NA,NA,15,1,4,7,7,4,11,12,18,14,36,8,20,13,1,2
PLFEKH_02925,4,6,NA,3,NA,1,2,2,4,1,NA,1,3,3,1,NA,9,NA,3,NA,8,3,2,3,8,2,6,NA,NA,6,5,NA,11,NA,4,NA,2,7,3,4,NA,2,2,NA,NA,NA,NA,1,8,1,5,NA,9,9,3,3,NA,2,5,NA,4
PLFEKH_02930,4,3,NA,1,NA,3,1,2,2,4,2,6,2,1,7,NA,12,NA,NA,1,4,1,1,1,9,1,6,NA,NA,4,NA,1,7,1,3,NA,2,5,11,6,1,1,4,NA,NA,1,2,NA,9,2,5,NA,3,4,3,9,6,3,6,NA,1
PLFEKH_02935,5,2,1,1,1,NA,NA,6,8,2,3,2,4,1,3,NA,12,1,NA,NA,10,6,2,4,8,7,9,NA,1,6,4,NA,5,1,3,NA,2,3,5,5,1,2,4,NA,NA,1,3,NA,12,4,8,1,10,2,6,9,5,4,4,NA,2
PLFEKH_02940,4,2,2,NA,NA,NA,NA,1,1,NA,NA,NA,2,1,1,NA,13,NA,NA,NA,1,1,NA,4,2,3,2,NA,1,5,NA,NA,5,NA,1,NA,2,1,2,4,NA,3,2,NA,NA,NA,NA,NA,5,1,4,NA,5,9,3,3,4,NA,2,NA,1
PLFEKH_02945,2,2,1,NA,NA,NA,NA,1,3,2,NA,1,2,NA,1,NA,6,NA,NA,NA,3,2,1,2,4,4,2,NA,NA,1,NA,NA,1,1,NA,NA,1,1,NA,1,NA,1,NA,NA,NA,1,3,1,4,NA,2,3,4,4,1,4,1,1,7,2,1
PLFEKH_02950,NA,NA,NA,NA,NA,NA,NA,NA,1,NA,NA,NA,NA,NA,NA,NA,3,NA,NA,1,NA,NA,NA,2,NA,2,1,NA,1,NA,NA,NA,NA,NA,1,NA,NA,NA,NA,2,NA,NA,NA,NA,NA,1,NA,1,1,NA,NA,NA,1,NA,NA,1,NA,NA,1,NA,NA
PLFEKH_02955,2,1,1,NA,NA,NA,NA,1,NA,1,NA,NA,1,NA,NA,NA,1,NA,NA,NA,4,NA,NA,NA,3,NA,4,NA,1,1,3,NA,2,NA,1,NA,NA,NA,1,3,NA,NA,1,NA,NA,1,NA,2,1,NA,2,NA,3,1,2,4,2,1,NA,1,1
PLFEKH_02960,1,NA,NA,NA,NA,NA,NA,NA,NA,NA,NA,NA,NA,NA,NA,NA,2,NA,NA,NA,1,NA,NA,NA,NA,NA,NA,NA,NA,NA,NA,NA,NA,NA,1,NA,NA,NA,NA,1,NA,NA,1,NA,NA,NA,NA,NA,1,NA,NA,NA,NA,3,NA,1,NA,NA,NA,NA,NA
PLFEKH_02965,4,2,3,1,NA,1,NA,2,1,1,2,NA,2,1,1,NA,2,NA,1,NA,NA,2,1,1,3,2,2,1,4,4,1,NA,7,NA,5,NA,3,NA,3,5,NA,1,1,NA,NA,NA,4,NA,3,1,3,1,6,4,3,4,3,1,2,NA,3
PLFEKH_02975,NA,1,1,1,1,1,1,4,2,NA,NA,NA,1,1,NA,NA,4,NA,NA,1,1,NA,NA,NA,5,3,2,NA,NA,5,1,NA,2,1,5,NA,2,1,6,8,1,NA,2,NA,NA,1,NA,NA,8,2,1,2,3,1,3,10,1,3,4,NA,2
PLFEKH_02980,1,NA,NA,NA,NA,2,NA,NA,NA,NA,NA,NA,NA,NA,NA,NA,NA,NA,NA,NA,NA,NA,NA,NA,1,NA,2,NA,NA,2,NA,NA,1,NA,1,NA,NA,NA,1,1,NA,NA,NA,NA,NA,NA,NA,1,NA,NA,NA,NA,1,3,1,NA,NA,NA,1,NA,NA
PLFEKH_02985,2,1,1,1,1,NA,NA,NA,1,NA,NA,1,1,1,1,NA,1,NA,NA,NA,NA,1,1,1,1,2,3,NA,1,NA,NA,1,1,2,2,NA,NA,1,NA,2,NA,2,1,NA,NA,NA,NA,NA,2,NA,2,1,2,4,NA,1,1,NA,3,NA,1
PLFEKH_02990,10,4,7,7,1,6,4,2,3,5,1,1,8,2,3,1,28,4,NA,6,17,2,NA,19,33,9,11,NA,NA,12,14,NA,14,4,12,3,7,15,19,21,1,2,9,1,1,8,2,7,7,5,12,11,25,20,7,16,6,13,13,1,1
PLFEKH_02995,4,NA,6,2,NA,2,1,NA,1,1,2,NA,2,NA,NA,2,19,2,NA,NA,4,4,3,4,2,7,4,NA,1,7,1,NA,1,1,5,NA,4,1,2,9,NA,NA,2,NA,NA,4,NA,1,3,2,2,2,12,7,2,15,2,1,7,1,3
PLFEKH_03095,5,4,1,NA,2,1,NA,1,3,NA,NA,NA,1,1,2,NA,6,1,2,2,4,1,1,1,7,5,3,1,NA,7,3,1,2,1,2,1,2,2,7,5,2,1,4,NA,NA,NA,4,5,4,2,5,4,7,9,1,6,3,1,10,NA,NA
PLFEKH_03100,NA,3,1,2,NA,2,2,NA,2,1,NA,1,NA,NA,1,NA,13,1,NA,1,5,3,1,1,4,1,1,NA,NA,8,5,NA,12,1,3,1,4,4,4,10,3,2,3,NA,NA,2,2,1,9,3,1,7,13,8,5,7,3,9,8,1,1
PLFEKH_03130,3,2,8,NA,3,3,2,NA,2,2,2,1,NA,NA,2,NA,6,1,NA,3,3,2,3,3,4,5,2,1,NA,15,4,1,7,3,5,NA,3,3,6,14,NA,3,3,2,NA,3,9,1,9,5,2,7,9,10,5,14,NA,8,7,2,1
PLFEKH_03135,12,15,1,3,11,6,NA,5,7,5,2,4,7,3,3,NA,33,2,1,3,8,2,3,1,3,6,2,NA,1,11,15,NA,15,1,4,2,3,3,8,13,2,NA,3,NA,NA,10,3,2,10,4,6,7,7,2,6,8,3,10,8,NA,1
PLFEKH_03145,7,17,NA,2,3,2,2,9,13,13,NA,4,5,1,5,NA,36,1,NA,2,13,3,11,2,15,17,11,NA,NA,14,15,NA,23,3,12,2,6,6,13,24,6,1,3,NA,NA,2,5,3,15,4,8,4,19,20,15,27,5,7,17,1,5
PLFEKH_03155,5,4,3,2,6,1,5,3,5,4,3,4,3,1,2,1,16,5,NA,NA,10,6,2,2,5,8,4,NA,4,12,11,1,17,4,4,NA,5,5,10,8,3,2,2,NA,NA,6,6,7,7,2,11,10,14,13,2,16,7,4,13,3,6
PLFEKH_03160,6,2,NA,1,NA,NA,1,NA,3,NA,1,1,3,NA,NA,NA,3,NA,NA,NA,4,NA,NA,NA,3,NA,NA,NA,1,3,2,NA,4,NA,1,NA,NA,2,2,2,NA,NA,1,NA,NA,NA,NA,1,3,NA,2,1,1,NA,NA,3,NA,NA,2,1,NA
PLFEKH_03165,3,3,5,4,2,1,2,8,1,1,4,2,6,3,3,NA,17,1,NA,1,4,6,2,1,8,5,3,NA,NA,10,7,NA,13,NA,8,1,7,5,8,6,6,3,4,NA,NA,5,8,2,13,3,7,9,25,12,NA,11,7,6,7,2,10
PLFEKH_03175,3,1,3,3,1,NA,NA,2,3,NA,NA,2,2,2,3,NA,6,NA,1,2,1,6,2,5,5,1,3,3,NA,5,1,NA,2,NA,3,NA,1,6,NA,5,1,1,5,NA,NA,1,2,NA,2,NA,4,NA,4,3,3,5,5,3,2,1,2
PLFEKH_03180,2,2,5,4,1,2,NA,4,3,NA,1,NA,4,1,3,NA,10,1,NA,NA,8,4,1,1,4,6,4,1,2,7,4,NA,7,1,6,1,4,2,2,9,NA,1,2,NA,1,3,4,2,7,1,3,2,9,8,3,12,5,1,1,NA,7
PLFEKH_03195,8,3,1,NA,NA,2,2,1,7,8,1,1,5,2,5,1,13,1,1,NA,5,2,5,2,6,4,5,2,NA,6,7,NA,4,1,9,NA,3,3,6,7,3,1,4,NA,NA,3,2,1,4,NA,6,1,3,9,4,9,1,1,3,1,NA
PLFEKH_03200,6,2,1,NA,1,NA,NA,1,1,1,NA,NA,1,1,NA,NA,12,NA,NA,NA,1,NA,1,2,NA,NA,NA,NA,NA,3,1,NA,5,1,2,NA,2,NA,3,2,NA,NA,1,NA,NA,NA,1,NA,1,NA,1,2,1,NA,NA,2,1,5,4,2,NA
PLFEKH_03205,1,NA,NA,NA,NA,1,NA,NA,NA,1,NA,NA,4,NA,NA,NA,4,1,NA,NA,NA,1,NA,NA,NA,1,5,NA,NA,1,1,NA,3,NA,NA,NA,1,2,NA,NA,NA,2,1,1,NA,NA,1,NA,1,1,1,NA,1,1,NA,NA,NA,1,2,NA,NA
PLFEKH_03210,1,1,1,1,NA,NA,NA,1,1,NA,NA,NA,2,2,NA,1,8,NA,NA,NA,1,NA,NA,1,NA,2,2,NA,NA,2,1,NA,5,NA,2,NA,2,1,NA,1,NA,NA,1,NA,NA,1,NA,NA,2,1,1,2,2,NA,NA,NA,NA,1,2,NA,NA
PLFEKH_03215,NA,NA,NA,NA,NA,NA,NA,NA,2,NA,NA,NA,1,NA,NA,NA,1,NA,NA,NA,NA,NA,NA,1,NA,3,1,NA,NA,NA,NA,NA,NA,NA,2,NA,NA,NA,NA,1,NA,NA,NA,NA,NA,NA,1,NA,1,NA,2,NA,2,2,NA,2,1,2,NA,NA,NA
PLFEKH_03220,NA,NA,1,NA,NA,NA,1,NA,NA,NA,1,NA,NA,NA,NA,NA,2,NA,NA,NA,NA,1,NA,2,2,1,1,NA,1,1,1,NA,NA,NA,NA,NA,NA,1,1,5,4,1,1,NA,NA,NA,1,NA,1,NA,4,1,2,6,NA,2,2,NA,1,NA,NA
PLFEKH_03225,2,1,1,1,NA,1,NA,NA,NA,1,NA,NA,1,1,1,NA,1,1,2,NA,NA,1,1,NA,3,NA,NA,NA,NA,2,3,NA,NA,1,1,1,NA,NA,NA,3,NA,1,1,1,NA,NA,1,NA,NA,1,1,1,1,NA,6,NA,NA,1,1,NA,NA
PLFEKH_03230,5,1,6,2,1,NA,2,1,2,2,NA,2,5,1,3,1,15,NA,1,NA,4,5,2,3,3,NA,4,1,NA,6,1,NA,5,1,2,2,3,2,3,3,1,1,2,1,NA,1,3,2,2,NA,3,1,5,NA,2,NA,1,4,4,NA,2
PLFEKH_03245,11,9,2,2,3,7,NA,NA,7,2,3,NA,14,NA,3,NA,30,NA,NA,1,10,2,3,2,10,6,2,NA,NA,8,16,NA,18,2,5,NA,6,1,9,6,2,1,3,NA,NA,4,5,6,4,7,5,14,10,2,5,8,3,24,5,NA,1
PLFEKH_03250,7,8,1,NA,6,2,1,NA,1,7,2,2,10,NA,1,NA,23,NA,NA,NA,11,1,8,2,15,14,10,NA,NA,3,8,NA,14,4,9,NA,1,1,16,13,3,NA,6,NA,NA,1,2,1,8,4,5,2,12,10,11,22,5,8,10,NA,1
PLFEKH_03265,3,11,NA,3,8,5,1,3,2,1,4,1,4,NA,2,NA,38,1,3,NA,7,NA,3,1,4,3,2,NA,NA,11,8,NA,12,1,14,NA,2,7,11,6,1,1,5,NA,NA,8,2,2,13,4,9,8,6,6,2,4,NA,6,9,NA,2
PLFEKH_03275,8,4,1,1,3,2,1,2,4,4,1,3,NA,2,2,NA,17,NA,1,NA,3,4,1,1,11,2,3,NA,1,9,3,NA,5,NA,4,NA,NA,6,4,9,NA,2,6,NA,NA,NA,3,NA,11,1,9,4,7,9,1,8,5,3,4,1,NA
PLFEKH_03280,5,2,1,3,NA,NA,2,1,3,2,NA,1,2,NA,1,NA,2,NA,NA,NA,3,3,1,1,2,3,2,1,1,4,7,NA,2,1,2,NA,1,3,2,8,1,1,1,NA,1,1,1,1,3,1,3,2,NA,4,2,3,1,1,1,2,1
PLFEKH_03285,3,NA,1,1,NA,NA,NA,NA,1,1,NA,NA,NA,NA,1,NA,3,NA,NA,NA,4,3,3,NA,4,1,2,NA,NA,NA,4,NA,3,NA,NA,NA,NA,2,2,6,3,NA,NA,NA,NA,NA,1,NA,6,1,1,1,3,1,1,1,3,NA,1,NA,NA
PLFEKH_03290,6,7,2,1,NA,4,1,1,1,4,NA,2,4,NA,5,NA,16,1,NA,1,8,3,2,3,3,1,7,NA,NA,8,5,NA,5,2,6,1,3,5,9,8,3,NA,5,NA,NA,2,1,NA,6,2,5,1,9,10,5,6,5,3,4,NA,1
PLFEKH_03355,10,9,4,2,1,2,NA,2,4,3,3,4,1,6,5,NA,18,NA,1,2,11,4,3,6,7,5,8,1,2,10,8,NA,11,2,10,1,6,8,8,16,4,NA,6,NA,NA,5,2,2,8,3,11,2,11,10,4,11,14,6,13,4,4
PLFEKH_03360,6,1,4,3,1,2,3,5,3,1,2,1,8,4,1,1,19,1,1,1,7,5,2,2,16,8,8,NA,3,12,6,1,14,1,14,2,6,8,9,16,4,7,7,1,NA,3,2,3,24,3,13,3,18,16,3,11,11,2,8,4,5
PLFEKH_03365,3,1,1,NA,NA,NA,NA,2,NA,3,NA,1,1,NA,1,NA,7,NA,NA,1,2,NA,2,1,8,4,4,NA,1,6,3,NA,2,NA,4,NA,1,2,3,3,3,NA,2,NA,NA,1,2,NA,1,NA,NA,NA,4,7,1,9,2,5,1,NA,1
PLFEKH_03370,4,3,1,1,NA,1,NA,2,5,2,NA,1,4,2,2,1,6,2,NA,3,6,2,4,3,5,2,6,NA,1,1,4,1,3,NA,1,NA,3,2,NA,4,1,NA,4,NA,NA,4,4,2,4,NA,2,2,4,12,3,8,2,3,3,2,NA
PLFEKH_03380,NA,1,1,1,NA,NA,2,1,3,NA,1,NA,2,NA,1,NA,5,NA,1,2,1,1,1,2,7,2,2,NA,NA,4,NA,NA,NA,NA,1,NA,2,1,NA,4,3,1,1,NA,NA,1,1,NA,1,NA,1,3,2,2,1,3,1,3,2,1,2
PLFEKH_03385,4,10,NA,2,8,7,NA,2,2,7,NA,2,4,3,3,NA,34,1,NA,1,12,3,5,3,20,20,13,NA,NA,11,27,NA,23,2,23,NA,6,NA,16,18,11,1,4,NA,NA,13,4,3,9,10,9,6,17,24,17,54,10,6,9,NA,3
PLFEKH_03390,14,8,10,6,3,1,3,5,7,9,3,2,3,13,3,2,22,6,5,6,5,4,5,10,15,9,16,4,4,7,4,7,15,2,11,2,11,13,13,11,3,3,5,1,NA,7,7,1,9,4,5,8,17,14,14,23,12,10,17,2,3
PLFEKH_03395,NA,NA,NA,NA,1,NA,NA,NA,NA,NA,NA,NA,NA,NA,NA,NA,NA,NA,NA,NA,NA,NA,NA,NA,NA,NA,NA,NA,NA,NA,NA,NA,NA,NA,NA,NA,NA,NA,NA,NA,NA,NA,NA,NA,NA,NA,NA,NA,NA,NA,NA,NA,NA,NA,NA,NA,NA,NA,NA,NA,NA
PLFEKH_03400,8,3,5,1,2,1,NA,1,3,1,NA,NA,1,NA,1,NA,12,1,NA,NA,7,3,NA,NA,6,5,2,NA,2,3,5,NA,10,2,5,NA,4,NA,4,7,4,1,2,NA,NA,2,1,2,6,2,7,3,11,11,3,7,3,2,11,2,4
PLFEKH_03430,4,6,3,2,NA,NA,NA,3,1,NA,NA,1,8,1,1,2,9,NA,2,1,1,1,1,1,NA,1,NA,NA,NA,5,5,NA,3,NA,3,NA,NA,NA,1,3,2,NA,1,NA,NA,4,3,3,1,3,5,4,2,1,2,1,NA,1,4,8,NA
PLFEKH_03440,6,7,2,5,NA,1,2,2,2,1,1,1,3,NA,1,NA,14,NA,NA,NA,4,NA,4,1,4,4,1,NA,NA,9,4,2,11,NA,3,NA,3,1,NA,4,1,NA,3,NA,NA,2,1,1,3,1,2,1,6,4,1,3,1,4,5,1,4
PLFEKH_03450,7,4,5,1,NA,3,2,NA,3,3,NA,2,6,1,5,NA,19,2,1,3,11,5,5,5,6,10,11,NA,2,7,3,NA,6,1,8,1,4,4,3,8,1,1,NA,2,NA,4,4,1,4,4,9,4,8,14,4,18,10,8,5,1,NA
PLFEKH_03455,1,NA,3,2,1,1,NA,NA,2,NA,NA,NA,3,2,1,NA,6,NA,NA,2,1,NA,NA,3,7,2,2,NA,NA,1,5,NA,3,1,5,NA,NA,5,4,9,1,NA,4,NA,NA,NA,3,NA,6,NA,6,1,1,5,3,5,2,NA,4,NA,1
PLFEKH_03460,4,3,5,4,2,3,NA,1,4,2,NA,2,8,2,2,NA,19,2,NA,1,7,6,3,6,11,6,10,NA,NA,6,3,NA,5,1,8,1,4,1,5,12,1,NA,9,1,NA,2,1,3,6,4,3,4,19,9,3,14,4,2,9,2,2
PLFEKH_03465,15,8,9,13,3,4,1,7,11,11,3,4,18,8,8,1,55,1,NA,4,13,13,3,13,33,16,20,1,8,24,8,NA,26,2,8,NA,13,7,8,13,5,4,9,NA,NA,4,4,1,20,5,7,2,26,33,19,39,19,6,14,4,6
PLFEKH_03470,5,2,1,NA,4,5,NA,6,2,3,1,1,2,1,5,NA,26,NA,NA,3,8,2,2,3,7,5,4,NA,3,9,4,NA,8,NA,7,NA,5,6,6,15,2,3,2,NA,NA,7,8,2,13,5,7,5,16,9,9,21,4,8,9,NA,4
PLFEKH_03495,5,3,4,NA,2,2,1,4,NA,1,NA,NA,NA,4,1,NA,12,1,1,NA,NA,3,NA,7,22,13,6,2,2,9,9,1,10,1,8,2,4,6,10,18,2,NA,5,1,NA,8,5,4,5,3,8,9,7,11,2,31,9,2,3,1,1
PLFEKH_03500,4,1,3,1,NA,NA,3,NA,4,NA,NA,3,2,2,3,1,2,2,1,3,NA,5,NA,3,1,NA,1,NA,NA,7,1,1,1,2,3,2,NA,1,1,5,NA,1,2,1,NA,1,2,NA,2,3,1,1,NA,1,1,6,1,6,1,4,NA
PLFEKH_03515,NA,NA,NA,NA,NA,NA,NA,NA,NA,NA,NA,NA,1,NA,NA,NA,NA,NA,NA,NA,NA,NA,NA,NA,NA,NA,NA,NA,NA,NA,NA,NA,NA,NA,NA,NA,NA,NA,NA,1,NA,NA,NA,NA,NA,NA,NA,NA,NA,NA,NA,NA,NA,NA,NA,3,NA,NA,NA,NA,NA
PLFEKH_03545,2,1,NA,NA,1,NA,NA,NA,1,NA,1,2,NA,NA,NA,NA,7,NA,NA,3,NA,1,3,1,2,3,4,NA,NA,6,NA,NA,6,5,7,NA,3,4,1,4,NA,NA,1,NA,NA,5,NA,2,2,3,4,4,3,6,1,4,4,6,5,NA,NA
PLFEKH_03550,4,2,3,3,NA,NA,NA,2,3,NA,NA,NA,2,2,3,NA,9,2,1,1,4,3,1,1,2,NA,2,NA,NA,6,5,NA,10,1,1,1,NA,3,3,4,1,1,3,NA,NA,1,1,NA,2,NA,5,4,4,1,2,6,2,4,2,2,1
PLFEKH_03555,3,1,3,2,NA,NA,NA,3,5,1,NA,NA,8,NA,1,NA,8,1,1,2,4,3,1,1,4,1,NA,NA,NA,3,NA,NA,5,NA,2,1,3,3,3,3,1,2,NA,NA,NA,2,1,NA,7,2,3,NA,5,5,2,3,5,1,2,2,3
PLFEKH_03560,5,10,3,2,NA,2,2,2,8,1,1,3,10,4,2,NA,16,1,NA,3,9,2,5,4,12,4,5,NA,NA,9,6,NA,8,1,7,NA,3,2,10,8,2,2,5,NA,NA,2,1,1,7,2,5,3,3,14,4,16,5,4,8,1,NA
PLFEKH_03565,3,2,NA,NA,1,2,1,1,2,4,3,1,1,NA,NA,NA,4,NA,NA,4,5,NA,NA,1,9,4,NA,NA,NA,NA,NA,NA,8,1,6,NA,NA,1,5,7,1,1,2,NA,NA,3,NA,1,NA,4,6,4,6,NA,4,8,NA,7,6,1,NA
PLFEKH_03570,4,2,8,5,3,7,2,5,9,9,NA,NA,1,2,1,1,19,1,NA,3,7,1,1,12,24,7,6,NA,NA,13,5,NA,4,2,17,1,5,11,26,13,1,3,8,NA,NA,7,3,2,7,3,5,3,16,12,8,12,5,9,5,1,1
PLFEKH_03575,2,1,1,1,NA,NA,1,1,NA,2,NA,NA,2,NA,NA,2,5,NA,1,1,2,1,1,NA,3,3,3,NA,2,8,1,1,3,NA,4,NA,1,NA,2,3,NA,3,3,NA,NA,4,2,2,6,1,5,5,3,4,4,12,7,3,2,NA,2
PLFEKH_03580,1,1,NA,1,NA,NA,2,1,3,2,1,NA,1,1,NA,NA,1,1,1,NA,1,3,NA,2,4,1,2,1,1,2,1,1,2,2,2,1,1,1,NA,2,2,1,2,NA,NA,NA,NA,NA,4,1,NA,NA,4,1,2,4,NA,NA,NA,NA,NA
PLFEKH_03585,7,3,3,3,1,2,NA,1,1,2,3,2,6,1,2,NA,15,1,3,2,6,7,5,4,9,4,3,NA,NA,3,4,NA,1,1,3,1,3,NA,3,2,3,2,2,NA,NA,NA,3,NA,4,2,1,2,12,10,2,4,6,7,6,NA,NA
PLFEKH_03590,2,NA,NA,2,NA,1,2,2,3,6,1,1,2,NA,1,1,10,NA,2,NA,4,2,1,3,6,NA,4,NA,NA,4,1,1,2,1,2,NA,2,NA,4,1,NA,NA,NA,NA,NA,NA,4,NA,5,1,1,2,4,5,2,6,2,3,3,2,2
PLFEKH_03595,6,7,4,3,5,2,1,6,4,6,3,6,7,6,4,1,22,1,NA,2,11,3,5,2,20,11,12,NA,NA,9,12,NA,12,3,9,NA,5,4,11,21,9,NA,6,NA,NA,11,2,6,14,3,9,4,14,21,10,26,8,14,13,1,6
PLFEKH_03600,NA,1,NA,NA,2,NA,NA,NA,NA,NA,NA,NA,1,1,NA,NA,NA,NA,NA,NA,2,NA,1,NA,2,NA,NA,NA,NA,1,2,NA,3,NA,1,NA,NA,NA,NA,NA,NA,1,1,NA,NA,NA,NA,NA,1,NA,NA,1,2,NA,NA,2,1,NA,NA,NA,NA
PLFEKH_03605,2,5,NA,NA,NA,NA,NA,NA,1,1,NA,NA,6,1,1,NA,3,NA,NA,1,3,1,1,1,1,NA,1,NA,NA,1,1,1,5,NA,4,2,NA,1,3,11,NA,NA,1,NA,NA,1,NA,3,5,2,1,1,2,6,2,5,NA,1,3,NA,NA
PLFEKH_03610,6,3,5,4,1,NA,2,4,4,3,NA,NA,4,4,6,5,16,1,2,4,6,4,4,9,7,6,7,4,4,7,11,NA,11,1,7,2,4,3,7,7,NA,3,3,1,1,7,5,1,8,4,5,3,12,18,11,14,3,4,7,2,2
PLFEKH_03620,NA,NA,NA,NA,1,1,NA,NA,NA,1,NA,NA,2,NA,1,NA,1,NA,NA,NA,1,NA,NA,NA,1,1,3,NA,NA,NA,4,NA,NA,1,2,NA,2,2,1,4,NA,NA,2,NA,NA,2,NA,1,3,NA,1,1,NA,4,3,2,1,1,1,NA,NA
PLFEKH_03640,5,4,6,4,6,2,4,2,15,9,1,1,13,4,1,NA,15,4,NA,6,12,5,4,4,11,9,2,1,NA,13,10,NA,7,9,16,3,1,6,17,32,5,3,8,NA,NA,13,4,3,8,6,9,5,10,18,11,22,5,10,8,NA,2
PLFEKH_03645,5,7,3,10,3,6,NA,8,7,6,NA,1,5,3,7,NA,41,2,NA,1,29,8,3,5,18,18,15,NA,1,16,10,NA,25,1,14,NA,6,5,13,26,9,1,9,NA,NA,8,5,4,14,6,8,7,25,20,14,29,13,15,16,1,3
PLFEKH_03650,1,5,1,3,1,1,NA,3,3,1,1,2,3,1,NA,NA,5,1,2,1,6,1,4,NA,4,3,4,NA,NA,7,3,1,4,2,1,1,1,6,6,7,3,1,1,1,NA,1,3,NA,5,5,1,3,2,1,2,4,2,2,6,NA,1
PLFEKH_03655,5,9,1,1,3,2,2,9,5,4,1,NA,13,4,NA,2,19,3,3,5,13,3,3,7,10,6,10,NA,2,12,5,NA,11,5,2,2,6,5,13,2,3,4,5,1,NA,9,5,4,10,4,3,4,9,14,8,12,5,9,10,6,3
PLFEKH_03660,6,7,3,7,5,1,NA,7,15,9,3,3,8,NA,2,NA,18,4,NA,4,23,9,5,1,13,19,16,NA,NA,16,12,NA,23,2,12,NA,3,6,12,28,11,NA,6,NA,NA,4,3,1,12,6,6,4,19,25,12,20,10,10,12,NA,5
PLFEKH_03685,4,3,1,3,1,4,1,NA,5,3,1,NA,5,NA,2,NA,22,1,NA,3,10,3,7,5,6,4,6,NA,NA,6,8,NA,7,NA,8,2,5,3,6,14,3,NA,2,NA,NA,6,2,4,10,8,11,6,6,8,7,14,4,8,13,NA,NA
PLFEKH_03690,6,3,5,7,1,1,2,3,5,5,NA,2,NA,NA,3,NA,13,3,NA,NA,6,4,2,2,6,5,4,1,3,9,4,1,9,NA,4,1,3,6,2,5,3,NA,4,NA,NA,NA,5,1,6,NA,4,5,7,3,2,10,10,1,6,1,1
PLFEKH_03695,5,2,4,4,NA,1,NA,NA,3,NA,NA,2,5,2,NA,NA,10,1,NA,3,1,1,1,NA,5,2,4,NA,NA,6,1,1,6,NA,4,NA,4,1,2,4,NA,3,2,NA,NA,1,2,2,1,1,3,5,2,2,2,1,NA,2,4,3,2
PLFEKH_03700,9,3,3,3,NA,3,1,2,6,1,1,3,6,2,2,1,16,1,1,2,3,7,3,5,3,2,3,2,1,9,9,1,8,1,8,2,2,4,5,8,2,4,8,NA,NA,6,1,1,5,2,10,2,8,10,1,11,3,2,9,2,4
PLFEKH_03705,4,NA,2,3,NA,1,1,NA,2,NA,NA,NA,1,1,1,NA,10,NA,NA,NA,1,1,NA,4,7,7,1,NA,1,5,6,NA,3,1,2,NA,3,2,7,3,2,NA,7,NA,NA,2,4,2,1,3,3,8,9,3,2,7,3,8,4,NA,NA
PLFEKH_03710,1,2,1,1,1,NA,NA,2,1,1,NA,NA,NA,NA,NA,NA,NA,NA,NA,NA,5,NA,NA,NA,1,NA,1,NA,NA,NA,1,NA,4,NA,4,1,3,1,2,3,2,NA,1,NA,NA,1,2,1,1,1,NA,NA,3,3,2,3,1,1,NA,NA,NA
PLFEKH_03725,2,1,NA,3,1,2,1,3,NA,1,NA,NA,2,NA,1,NA,10,NA,NA,NA,NA,1,1,NA,NA,NA,1,NA,NA,4,3,NA,6,NA,NA,NA,1,2,4,6,1,NA,NA,NA,NA,1,3,1,5,NA,NA,3,2,5,NA,NA,3,2,1,NA,1
PLFEKH_03730,1,NA,NA,1,NA,NA,NA,NA,2,1,NA,NA,1,NA,NA,NA,6,NA,NA,NA,1,1,NA,1,NA,2,3,NA,1,1,2,NA,NA,NA,1,NA,1,1,NA,NA,NA,NA,2,NA,NA,NA,1,1,1,NA,2,NA,4,4,1,4,2,1,2,NA,NA
PLFEKH_03750,1,1,NA,NA,NA,NA,NA,NA,1,NA,NA,NA,1,1,NA,NA,2,NA,NA,NA,NA,NA,NA,NA,1,NA,1,NA,NA,1,NA,NA,2,NA,NA,NA,1,NA,NA,1,NA,NA,1,NA,NA,NA,NA,1,NA,NA,1,NA,1,2,NA,1,1,1,NA,1,NA
PLFEKH_03755,1,7,1,1,3,3,2,NA,4,3,3,6,4,3,3,NA,7,NA,NA,5,10,5,10,2,5,7,2,NA,NA,8,11,NA,2,4,2,NA,3,NA,11,11,1,NA,1,NA,NA,10,5,1,8,4,6,3,5,5,NA,15,6,12,16,NA,3
PLFEKH_03760,NA,NA,NA,NA,NA,NA,NA,NA,NA,3,2,3,NA,NA,NA,NA,3,NA,NA,NA,4,NA,1,NA,NA,1,NA,NA,NA,1,NA,NA,1,NA,NA,NA,NA,NA,1,2,NA,NA,NA,NA,NA,NA,1,NA,NA,NA,NA,NA,2,1,NA,NA,1,1,3,NA,1
PLFEKH_03765,9,14,2,5,2,2,2,6,3,8,3,1,10,1,2,1,29,NA,NA,NA,10,2,2,1,2,7,4,NA,NA,9,12,NA,11,NA,6,NA,2,1,7,NA,6,2,1,NA,NA,1,4,3,13,3,3,4,13,2,4,7,4,9,8,NA,1
PLFEKH_03770,1,12,NA,2,6,6,1,3,4,10,2,2,11,1,2,NA,30,1,NA,1,16,3,7,5,12,8,3,NA,NA,13,14,NA,8,4,12,NA,5,6,15,20,4,2,4,NA,NA,15,2,3,14,4,2,5,15,9,13,14,5,12,8,NA,NA
PLFEKH_03775,2,1,NA,2,1,NA,NA,2,NA,NA,NA,NA,NA,2,NA,NA,6,NA,NA,NA,6,2,1,NA,2,NA,2,NA,NA,3,3,NA,4,NA,1,NA,2,1,1,2,2,NA,NA,NA,NA,1,1,NA,NA,NA,3,1,3,3,2,5,3,NA,2,1,NA
PLFEKH_03780,1,1,NA,NA,NA,1,NA,4,1,NA,NA,1,3,2,1,NA,8,NA,1,NA,5,NA,1,4,1,NA,1,1,NA,1,3,NA,5,NA,2,NA,2,1,NA,2,NA,2,NA,NA,NA,3,1,NA,2,NA,NA,NA,NA,1,1,3,1,1,3,NA,1
PLFEKH_03790,1,NA,NA,NA,NA,NA,NA,NA,NA,NA,NA,NA,NA,NA,NA,NA,NA,NA,NA,NA,NA,NA,1,NA,NA,NA,NA,NA,NA,NA,1,NA,1,NA,NA,NA,NA,NA,NA,NA,NA,NA,1,NA,NA,NA,1,NA,NA,NA,1,NA,NA,NA,NA,1,NA,NA,NA,1,NA
PLFEKH_03800,9,3,NA,1,NA,1,NA,2,3,5,NA,NA,6,1,2,NA,6,NA,NA,NA,7,4,1,3,5,3,5,NA,NA,4,3,NA,3,2,1,NA,2,NA,4,3,3,1,1,NA,NA,2,1,NA,4,NA,4,1,2,8,NA,5,3,3,7,1,1
PLFEKH_03930,12,5,NA,1,NA,2,NA,1,9,1,5,3,5,1,NA,NA,9,1,NA,NA,10,7,1,2,7,3,1,NA,NA,5,1,NA,6,NA,2,NA,2,1,6,10,1,NA,1,NA,NA,2,1,NA,7,NA,4,NA,4,11,2,16,2,6,4,NA,NA
PLFEKH_03935,9,22,4,1,2,2,2,4,5,5,1,1,8,3,1,NA,25,1,NA,2,8,1,4,3,6,3,3,NA,NA,13,18,1,22,3,11,1,NA,2,8,8,2,2,7,NA,NA,6,2,2,9,4,7,3,10,3,5,5,1,4,10,NA,4
PLFEKH_03945,NA,NA,NA,NA,NA,NA,NA,NA,NA,NA,NA,NA,NA,NA,1,NA,1,NA,NA,NA,NA,NA,1,NA,1,NA,1,NA,NA,NA,NA,NA,3,NA,NA,NA,NA,2,1,1,2,NA,NA,NA,NA,NA,1,NA,NA,NA,1,NA,NA,NA,NA,1,2,NA,NA,NA,NA
PLFEKH_03950,8,6,4,5,1,1,2,3,5,3,3,2,8,4,6,1,6,1,2,NA,10,3,3,4,6,1,4,NA,1,6,NA,NA,6,NA,5,NA,5,4,4,9,1,2,4,NA,NA,1,3,2,7,1,5,2,11,6,2,7,4,4,7,1,3
PLFEKH_03955,4,4,1,1,3,NA,4,1,2,1,1,1,2,3,2,NA,8,3,NA,NA,6,6,2,NA,3,4,4,NA,NA,4,1,NA,9,NA,1,NA,2,3,2,8,NA,NA,3,NA,NA,2,NA,2,8,1,NA,2,8,5,5,8,3,3,2,NA,1
PLFEKH_03960,1,NA,NA,NA,NA,NA,NA,NA,1,NA,NA,2,2,NA,NA,NA,2,NA,NA,NA,1,1,NA,NA,2,1,NA,NA,NA,1,2,NA,1,NA,NA,NA,NA,NA,1,2,1,NA,1,NA,NA,NA,NA,NA,1,NA,2,NA,NA,NA,1,4,NA,1,2,NA,NA
PLFEKH_03965,1,1,3,NA,NA,2,1,NA,4,NA,NA,NA,2,1,NA,NA,9,NA,NA,2,1,NA,1,4,13,2,5,NA,NA,7,2,NA,6,NA,2,NA,3,2,4,12,3,NA,8,NA,NA,2,1,NA,3,1,3,1,5,8,2,7,3,1,7,2,NA
PLFEKH_03975,6,3,2,4,3,1,3,3,8,2,2,NA,6,3,2,NA,4,1,1,NA,1,1,1,8,14,3,2,2,2,6,4,1,5,1,5,NA,4,8,4,21,4,4,3,NA,NA,2,3,NA,4,1,2,6,9,17,4,7,3,3,2,2,2
PLFEKH_03985,10,3,2,2,NA,3,NA,NA,8,5,1,1,4,3,2,NA,11,NA,NA,NA,8,5,1,3,11,8,5,NA,NA,8,2,NA,5,NA,4,1,5,3,2,5,1,1,4,NA,NA,NA,1,NA,1,3,NA,2,9,10,2,15,4,5,8,NA,2
PLFEKH_03990,1,3,1,NA,NA,3,NA,NA,3,1,NA,2,1,NA,NA,NA,7,1,NA,1,2,1,2,2,1,4,2,NA,NA,4,NA,NA,NA,2,2,NA,NA,NA,NA,5,2,NA,NA,NA,NA,NA,NA,2,1,NA,2,2,6,4,4,8,NA,3,1,NA,NA
PLFEKH_03995,1,1,NA,NA,NA,NA,NA,NA,NA,NA,NA,NA,NA,1,1,NA,1,NA,NA,NA,NA,NA,1,1,1,NA,1,NA,1,1,NA,NA,NA,NA,NA,NA,NA,NA,NA,2,2,NA,1,NA,NA,NA,NA,NA,2,NA,1,NA,NA,NA,NA,2,NA,1,2,NA,NA
PLFEKH_04000,1,2,1,NA,NA,NA,NA,1,1,1,NA,NA,3,NA,2,1,17,NA,NA,1,6,NA,NA,NA,2,1,5,NA,NA,11,4,NA,6,NA,2,NA,NA,1,NA,3,NA,1,3,NA,NA,3,2,1,5,NA,3,2,1,2,NA,1,NA,2,1,NA,1
PLFEKH_04005,5,1,2,2,2,1,1,1,1,2,1,NA,2,2,1,1,9,3,1,NA,4,4,NA,4,6,4,6,NA,NA,7,3,NA,4,NA,1,1,2,1,4,3,1,2,1,NA,1,2,1,3,1,3,2,7,1,2,5,10,3,1,1,3,3
PLFEKH_04010,5,2,5,9,NA,NA,1,3,3,NA,2,NA,1,1,2,1,13,2,1,1,4,3,1,5,14,3,1,NA,7,5,1,1,4,NA,3,NA,4,5,1,4,1,2,1,NA,NA,3,1,NA,8,1,NA,1,4,9,2,12,5,1,2,2,5
PLFEKH_04015,1,1,NA,NA,2,1,NA,NA,NA,NA,NA,NA,1,1,1,NA,1,NA,NA,NA,2,2,NA,NA,1,5,NA,NA,1,1,2,NA,1,NA,1,NA,NA,1,1,3,NA,NA,1,1,NA,2,NA,1,NA,NA,3,NA,2,NA,3,2,1,3,2,NA,NA
PLFEKH_04020,2,1,NA,2,1,3,2,NA,1,NA,NA,1,3,NA,4,1,9,NA,1,NA,7,2,NA,3,NA,2,5,NA,NA,8,4,NA,3,2,3,NA,2,5,3,5,2,NA,1,NA,NA,1,1,NA,2,3,2,1,1,6,3,9,1,1,1,NA,3
PLFEKH_04025,3,4,1,NA,1,NA,NA,1,1,4,2,2,4,1,2,NA,17,1,NA,4,8,1,1,1,6,8,7,NA,NA,10,4,NA,3,3,7,NA,3,3,5,12,2,1,3,NA,NA,2,1,NA,4,1,7,1,4,8,7,11,5,5,9,NA,2
PLFEKH_04030,3,NA,2,3,2,NA,NA,3,1,NA,3,1,2,2,3,NA,9,1,NA,2,5,1,2,1,7,4,6,NA,NA,7,5,NA,4,2,1,NA,2,2,3,6,3,2,4,NA,NA,2,1,1,5,1,7,3,1,5,2,14,2,3,3,2,NA
PLFEKH_04035,1,4,NA,NA,NA,NA,1,1,4,4,NA,5,7,NA,1,NA,4,NA,NA,2,2,1,1,4,8,2,5,NA,NA,2,1,NA,6,NA,2,1,1,3,6,7,3,NA,3,NA,NA,3,2,1,2,NA,5,2,1,6,3,5,3,4,7,1,NA
PLFEKH_04040,1,1,NA,3,NA,1,NA,NA,1,1,NA,NA,4,1,1,NA,6,NA,2,1,NA,6,1,1,3,1,5,NA,NA,1,NA,NA,2,NA,2,NA,1,2,2,2,2,1,1,NA,NA,2,NA,3,2,NA,1,1,NA,NA,NA,8,1,NA,1,NA,NA
PLFEKH_04045,9,13,NA,3,4,4,NA,2,6,3,NA,2,12,4,5,1,28,NA,NA,3,7,1,1,3,7,3,9,NA,NA,10,17,NA,20,1,11,2,4,NA,11,10,1,4,6,NA,NA,8,5,7,7,5,11,7,11,4,3,12,2,12,11,1,4
PLFEKH_04050,3,5,1,NA,4,5,1,1,4,7,2,1,3,1,NA,NA,20,3,NA,3,6,1,3,1,12,12,2,NA,NA,4,16,NA,8,6,6,NA,NA,1,4,12,1,NA,2,NA,NA,10,1,4,7,7,4,6,4,6,14,16,3,11,13,NA,NA
PLFEKH_04055,1,15,2,3,3,3,1,3,8,5,3,4,7,1,6,NA,35,3,NA,1,18,6,10,8,18,20,5,NA,NA,11,13,NA,18,4,7,1,3,6,11,9,7,NA,5,NA,NA,8,9,2,14,4,3,8,8,17,11,31,8,10,20,1,4
PLFEKH_04060,4,5,NA,NA,NA,1,NA,2,2,1,1,3,2,NA,2,NA,11,1,NA,NA,7,3,6,NA,5,3,3,NA,NA,5,4,NA,7,NA,6,NA,2,2,5,5,3,NA,2,NA,NA,4,NA,4,7,3,5,1,1,11,9,4,3,8,3,NA,1
PLFEKH_04065,3,NA,NA,NA,NA,NA,2,1,2,2,1,NA,NA,2,NA,NA,5,NA,NA,1,1,1,2,4,5,1,NA,NA,NA,2,3,NA,9,NA,1,1,1,3,3,3,NA,1,5,NA,NA,NA,3,NA,3,1,3,1,5,6,3,7,NA,3,4,NA,2
PLFEKH_04070,1,16,NA,1,7,9,NA,NA,3,14,1,2,10,NA,3,NA,32,NA,NA,NA,20,1,14,NA,18,12,7,NA,NA,6,17,NA,18,3,13,1,2,2,13,23,3,NA,1,NA,NA,10,1,1,5,12,5,11,14,5,21,33,3,24,10,NA,NA
PLFEKH_04105,9,NA,2,6,2,3,2,2,2,2,1,3,3,3,4,NA,6,2,2,1,4,6,5,8,4,6,4,2,2,8,7,3,1,NA,7,2,5,4,6,8,NA,3,1,NA,NA,7,8,7,5,1,9,8,3,16,5,9,1,5,8,NA,1
PLFEKH_04110,1,11,NA,NA,9,8,NA,NA,NA,6,1,2,1,NA,2,NA,24,1,NA,NA,8,NA,4,1,4,2,4,NA,NA,2,13,NA,3,6,7,NA,NA,1,11,21,2,NA,1,NA,NA,18,NA,3,7,20,NA,12,6,5,14,17,4,14,12,NA,NA
PLFEKH_04115,1,6,NA,NA,8,5,NA,NA,1,8,NA,3,4,NA,NA,NA,18,NA,NA,NA,12,1,10,2,9,2,1,NA,NA,NA,12,NA,6,3,9,NA,NA,NA,13,15,4,NA,4,NA,NA,11,NA,4,2,10,NA,1,5,4,10,14,2,16,5,NA,NA
PLFEKH_04165,4,4,1,3,1,NA,2,3,2,1,1,2,3,5,1,1,14,3,NA,NA,4,3,3,8,6,3,6,NA,NA,2,4,NA,3,2,5,NA,3,1,2,5,NA,2,4,NA,NA,1,5,2,6,3,2,NA,3,5,5,12,3,2,6,NA,1
PLFEKH_04175,3,1,NA,1,NA,3,NA,1,NA,2,1,NA,NA,2,3,NA,6,1,NA,1,4,NA,3,1,3,3,NA,NA,NA,5,7,2,5,2,2,NA,NA,1,4,7,1,2,2,NA,NA,6,2,1,6,3,1,3,5,6,4,9,NA,1,10,NA,NA
PLFEKH_04180,4,4,NA,3,6,3,2,5,5,1,3,NA,1,2,1,2,25,NA,1,4,7,5,4,3,7,5,6,1,NA,11,10,NA,7,6,4,1,3,8,9,9,2,1,3,NA,NA,6,4,3,10,3,8,4,16,8,6,15,4,8,11,2,1
PLFEKH_04195,3,2,2,3,1,1,NA,NA,4,2,NA,NA,2,2,3,NA,4,NA,2,2,2,4,NA,4,2,NA,3,NA,NA,NA,1,1,3,NA,2,NA,1,NA,2,2,1,1,NA,NA,1,1,1,1,4,1,2,NA,1,4,1,4,1,4,1,1,NA
PLFEKH_04205,NA,1,1,2,NA,NA,NA,NA,1,1,NA,NA,NA,NA,NA,NA,1,NA,NA,NA,NA,NA,NA,1,4,2,NA,NA,1,2,1,NA,2,1,1,NA,NA,1,NA,1,1,1,1,NA,NA,NA,1,NA,NA,NA,1,2,2,NA,1,3,1,NA,NA,NA,NA
PLFEKH_04210,1,3,1,NA,1,NA,NA,1,1,2,NA,1,1,6,NA,NA,8,1,NA,NA,1,1,3,1,4,2,NA,NA,1,NA,3,NA,3,NA,3,NA,2,1,2,2,1,NA,2,NA,NA,3,1,NA,1,2,2,2,2,8,5,8,3,4,4,NA,NA
PLFEKH_04215,5,7,2,1,1,2,NA,2,6,4,NA,1,4,3,3,NA,16,1,NA,2,5,6,5,2,7,8,9,NA,1,13,6,NA,7,1,11,NA,2,2,10,9,NA,NA,5,NA,NA,5,2,3,10,1,3,1,6,7,7,24,5,3,8,1,NA
PLFEKH_04220,5,NA,2,3,2,NA,1,1,1,3,3,1,6,2,2,NA,16,1,NA,NA,3,4,NA,7,6,3,6,1,1,2,1,NA,6,1,4,NA,2,2,4,2,NA,1,1,NA,NA,7,4,1,5,3,3,3,8,8,3,10,1,1,5,2,3
PLFEKH_04225,8,3,5,2,NA,2,1,3,5,2,NA,1,7,5,NA,NA,13,1,1,1,5,6,6,1,11,7,6,NA,1,9,4,NA,7,NA,1,NA,5,7,1,10,2,NA,4,NA,NA,2,3,NA,6,4,6,2,12,10,4,13,2,3,8,1,4
PLFEKH_04235,5,6,1,1,2,3,NA,1,2,3,NA,NA,4,2,4,NA,15,1,1,NA,5,3,1,3,7,7,6,NA,1,8,4,1,8,2,7,2,2,6,4,8,1,NA,4,NA,NA,5,2,1,9,1,9,1,12,9,5,20,2,7,11,NA,3
PLFEKH_04240,NA,NA,NA,NA,NA,NA,1,NA,2,NA,NA,1,1,NA,NA,NA,2,NA,NA,1,2,NA,NA,NA,NA,NA,NA,NA,NA,1,2,NA,NA,NA,NA,NA,1,NA,2,3,NA,NA,5,NA,NA,2,NA,3,2,NA,2,1,6,3,1,4,NA,1,2,NA,NA
PLFEKH_04245,9,14,3,NA,5,4,2,3,10,12,6,3,7,6,5,NA,46,2,NA,2,27,13,14,6,26,15,22,NA,NA,14,22,NA,32,7,17,NA,5,5,18,29,2,1,9,NA,NA,8,7,3,29,10,21,12,29,22,11,41,5,19,26,2,3
PLFEKH_04260,NA,NA,NA,NA,NA,NA,1,NA,NA,NA,NA,1,NA,NA,NA,NA,4,NA,NA,NA,NA,1,NA,NA,1,NA,NA,NA,NA,NA,NA,NA,1,NA,2,NA,NA,1,NA,1,NA,NA,NA,NA,NA,NA,NA,NA,NA,NA,NA,2,NA,NA,NA,2,NA,NA,NA,NA,NA
PLFEKH_04265,2,2,3,3,2,NA,NA,3,4,1,NA,1,4,NA,3,NA,9,NA,NA,NA,2,2,3,1,NA,NA,1,1,1,8,4,1,5,NA,4,NA,1,NA,NA,4,2,1,3,NA,NA,2,1,1,4,1,3,2,4,1,1,1,NA,NA,6,1,2
PLFEKH_04275,6,4,3,NA,1,NA,NA,1,2,NA,NA,1,6,1,1,NA,16,1,NA,NA,2,1,NA,2,9,5,4,1,1,3,3,NA,6,1,4,NA,NA,3,5,11,NA,NA,6,NA,NA,1,NA,1,6,1,7,2,9,5,3,16,3,7,5,1,1
PLFEKH_04280,NA,NA,NA,NA,NA,NA,NA,NA,NA,NA,NA,NA,1,NA,NA,NA,2,NA,NA,NA,NA,NA,1,NA,NA,NA,NA,NA,NA,NA,NA,NA,1,NA,NA,NA,NA,NA,1,1,NA,NA,NA,NA,NA,NA,NA,NA,NA,NA,1,1,NA,2,NA,1,NA,1,NA,NA,NA
PLFEKH_04285,1,NA,2,2,1,NA,NA,NA,NA,NA,NA,1,4,NA,NA,NA,2,NA,NA,NA,1,1,NA,2,3,2,2,NA,1,3,1,NA,5,NA,NA,NA,NA,1,NA,2,1,NA,3,NA,NA,1,1,NA,NA,1,NA,1,NA,1,3,1,1,NA,1,NA,2
PLFEKH_04290,2,3,NA,NA,NA,NA,NA,NA,3,2,NA,NA,5,2,2,NA,7,NA,NA,1,3,1,NA,2,2,1,NA,NA,NA,2,2,NA,NA,1,3,NA,1,NA,2,3,1,NA,NA,NA,NA,1,2,NA,2,1,1,NA,3,4,6,6,1,2,3,NA,2
PLFEKH_04295,2,2,7,6,1,1,3,NA,7,1,NA,NA,3,2,1,1,10,NA,2,3,4,6,2,2,11,7,3,1,1,4,2,NA,4,NA,3,1,3,1,1,7,2,4,5,NA,NA,1,4,NA,6,3,3,4,6,7,2,9,4,4,3,NA,2
PLFEKH_04300,2,1,NA,1,NA,NA,NA,NA,3,4,2,2,1,5,NA,NA,5,NA,NA,1,1,3,2,1,5,1,1,NA,NA,3,5,NA,6,3,5,1,NA,3,3,9,1,NA,4,NA,NA,4,4,NA,5,NA,1,2,4,5,2,2,3,4,3,NA,3
PLFEKH_04310,3,4,NA,NA,5,7,NA,3,5,2,NA,2,4,4,3,NA,10,NA,NA,NA,3,NA,4,1,13,11,8,NA,NA,5,9,NA,8,1,4,1,2,1,5,11,4,NA,4,NA,NA,7,2,2,4,4,4,2,9,9,11,25,6,7,9,NA,3
PLFEKH_04320,1,1,3,NA,NA,NA,NA,1,2,NA,3,1,5,NA,NA,NA,NA,1,NA,1,4,NA,1,2,1,1,3,NA,NA,2,2,NA,2,1,1,NA,NA,1,1,2,NA,2,2,NA,NA,1,NA,1,5,NA,2,1,NA,6,NA,6,NA,1,2,NA,1
PLFEKH_04445,NA,1,1,NA,NA,2,4,3,3,6,1,NA,3,NA,1,1,3,2,1,3,4,2,1,3,3,5,2,1,NA,8,4,NA,4,NA,6,5,5,5,2,12,1,1,3,NA,NA,3,NA,4,4,3,2,3,4,4,1,2,NA,5,4,2,6
PLFEKH_04545,12,9,4,2,3,2,6,3,6,3,1,3,6,6,3,2,9,4,1,2,1,4,2,NA,6,3,1,NA,NA,21,7,7,12,1,4,3,4,4,5,11,4,2,3,1,NA,5,5,6,3,4,6,5,1,2,1,7,1,6,5,2,3
PLFEKH_04565,4,6,NA,2,2,NA,NA,NA,1,2,NA,1,9,NA,NA,NA,12,NA,NA,1,2,NA,NA,NA,4,4,4,NA,NA,5,4,NA,17,NA,5,NA,1,NA,5,5,NA,NA,3,NA,NA,NA,NA,NA,1,NA,3,2,6,4,NA,8,NA,3,1,NA,NA
PLFEKH_04570,6,1,3,NA,NA,1,1,NA,3,1,2,2,1,NA,NA,NA,6,3,NA,1,NA,NA,NA,3,6,5,4,NA,3,10,1,NA,3,1,4,NA,1,2,NA,2,NA,1,NA,NA,NA,1,NA,NA,5,2,1,3,8,4,NA,11,3,2,3,2,3
PLFEKH_04575,9,2,9,1,3,1,4,3,3,2,1,2,2,2,6,1,12,3,3,NA,4,5,1,5,7,6,6,3,3,3,4,NA,2,1,4,1,1,NA,2,2,NA,2,4,NA,NA,4,4,3,6,NA,3,4,7,7,1,10,3,1,NA,4,1
PLFEKH_04585,5,2,5,3,3,1,2,1,5,3,3,NA,1,2,2,NA,13,2,1,2,4,4,3,5,7,9,5,1,1,10,4,NA,9,3,5,1,3,7,5,4,NA,1,1,NA,NA,2,2,2,9,6,9,2,9,13,3,11,3,8,4,1,1
PLFEKH_04600,16,11,4,7,3,4,2,4,10,8,1,2,7,10,4,2,31,6,3,7,16,10,4,9,15,13,20,1,1,17,13,3,21,6,13,2,11,2,7,29,5,4,7,NA,NA,8,9,6,19,3,11,12,14,13,10,28,12,7,19,4,8
PLFEKH_04605,9,3,3,7,1,3,2,3,4,5,1,3,5,2,6,2,20,NA,2,2,6,1,NA,3,4,3,2,NA,2,14,7,1,11,NA,7,NA,6,7,5,6,3,4,3,NA,NA,4,4,7,12,5,11,6,16,2,1,5,1,15,12,1,5
PLFEKH_04610,5,2,2,NA,1,1,NA,4,7,4,NA,1,3,1,5,NA,14,2,1,1,2,4,2,5,4,4,5,NA,1,3,4,NA,3,4,4,NA,2,3,5,9,3,2,6,1,NA,3,4,2,2,NA,5,4,3,4,4,9,3,3,8,1,2
PLFEKH_04620,4,5,NA,3,1,1,3,2,NA,2,NA,NA,2,3,3,NA,15,1,NA,NA,2,1,3,NA,2,2,3,NA,NA,9,7,1,8,NA,1,2,1,1,NA,4,1,1,2,NA,NA,2,1,3,5,1,6,1,3,3,1,8,NA,5,4,1,1
PLFEKH_04625,1,1,4,NA,NA,NA,1,NA,1,NA,1,NA,5,2,2,1,8,2,NA,NA,5,NA,2,1,1,3,6,NA,3,4,3,2,2,1,3,2,2,3,NA,5,NA,2,5,NA,NA,4,NA,NA,4,1,2,2,3,3,2,11,5,4,3,1,1
PLFEKH_04640,10,7,10,10,3,3,3,5,10,7,NA,3,4,13,6,2,39,6,6,5,14,8,2,11,23,17,18,5,8,18,13,2,21,3,9,1,11,8,10,16,3,5,6,NA,1,7,11,10,10,8,12,13,24,28,4,42,11,10,14,3,9
PLFEKH_04645,9,13,1,3,1,4,1,NA,4,5,NA,NA,5,3,3,NA,13,NA,1,2,7,NA,2,3,7,6,5,NA,NA,13,5,NA,7,2,2,1,NA,1,4,3,NA,NA,1,NA,NA,5,1,NA,5,NA,3,NA,3,3,3,5,1,5,11,2,1
PLFEKH_04650,1,6,2,1,1,3,1,NA,4,3,1,1,7,1,3,1,10,NA,1,2,6,5,2,2,9,5,3,NA,NA,6,5,NA,4,3,1,NA,2,1,6,6,1,NA,3,NA,NA,1,2,2,4,1,3,2,4,7,7,8,NA,2,5,NA,NA
PLFEKH_04655,2,2,2,1,NA,1,2,1,1,NA,1,1,6,2,1,NA,2,1,1,1,NA,3,1,NA,NA,1,4,NA,NA,1,2,NA,1,NA,2,1,1,2,3,1,NA,3,1,NA,NA,NA,2,NA,2,1,1,1,NA,1,1,3,2,NA,3,NA,3
PLFEKH_04660,3,1,NA,1,NA,1,NA,1,1,NA,1,NA,4,NA,1,1,3,NA,NA,NA,3,3,NA,NA,6,1,1,NA,1,4,4,NA,1,2,1,NA,2,2,1,2,3,1,1,NA,NA,1,2,2,3,1,2,NA,3,4,3,4,2,4,NA,1,NA
PLFEKH_04665,1,NA,2,2,NA,NA,NA,3,1,NA,1,1,4,NA,NA,NA,1,NA,NA,1,NA,NA,1,NA,3,1,NA,1,NA,1,NA,NA,1,NA,1,1,NA,1,NA,1,NA,NA,1,NA,NA,4,1,NA,NA,1,1,2,NA,2,NA,2,NA,NA,2,1,NA
PLFEKH_04670,NA,NA,NA,NA,NA,NA,NA,2,NA,NA,1,NA,3,NA,NA,NA,1,1,NA,1,NA,1,NA,2,3,NA,NA,1,1,1,1,NA,1,NA,NA,1,2,NA,1,NA,NA,NA,2,NA,NA,1,2,NA,NA,NA,NA,NA,2,NA,NA,NA,NA,NA,NA,1,NA
PLFEKH_04675,29,14,12,11,2,7,2,5,22,10,6,7,26,11,8,10,53,7,4,7,31,13,6,19,44,21,17,3,4,19,20,3,24,5,10,3,7,4,20,17,5,7,17,1,1,13,7,3,19,4,13,8,29,33,23,47,14,13,14,3,6
PLFEKH_04680,14,13,9,9,3,5,3,11,17,13,1,NA,10,5,8,NA,29,3,2,5,22,5,5,11,34,14,13,1,2,17,10,NA,27,3,12,2,7,18,16,41,12,4,18,NA,NA,13,12,7,13,9,12,11,29,35,12,26,19,9,12,NA,8
PLFEKH_04685,25,13,9,19,3,9,2,9,16,10,2,6,23,11,9,2,52,2,7,4,19,11,13,20,40,30,27,5,7,14,22,NA,27,4,20,2,11,12,11,23,3,11,9,NA,NA,15,9,5,13,10,14,19,35,38,18,62,21,13,17,1,8
PLFEKH_04690,8,3,7,10,5,1,2,6,6,2,4,3,6,8,4,NA,23,NA,NA,3,10,9,3,11,11,14,12,6,3,11,7,NA,11,1,9,1,9,9,3,11,5,2,6,1,NA,4,2,4,10,8,11,5,21,22,7,18,13,7,10,3,4
PLFEKH_04700,10,5,1,4,2,2,2,3,4,3,NA,NA,NA,NA,3,NA,12,1,1,1,5,2,2,5,14,5,6,NA,NA,7,7,1,9,1,7,NA,4,6,6,16,8,4,4,NA,NA,4,3,5,9,1,4,4,10,6,14,11,4,3,5,NA,6
PLFEKH_04720,7,5,NA,NA,3,NA,1,2,9,4,NA,NA,4,1,1,NA,7,NA,NA,1,11,3,2,5,11,9,6,NA,NA,8,5,NA,8,NA,3,1,1,4,10,8,1,4,2,NA,NA,4,1,1,8,1,5,5,4,12,3,9,6,12,9,NA,2
PLFEKH_04730,3,1,NA,1,1,NA,1,1,2,1,3,3,NA,1,1,NA,6,NA,1,NA,4,NA,NA,1,6,1,5,NA,3,10,3,NA,6,NA,4,NA,6,3,3,8,3,NA,1,NA,NA,1,2,3,8,1,1,2,8,12,NA,2,2,4,2,1,3
PLFEKH_04735,2,1,1,3,NA,NA,1,NA,1,NA,NA,1,1,1,NA,NA,4,NA,NA,NA,NA,NA,NA,NA,3,1,2,NA,NA,1,NA,NA,1,1,1,NA,NA,NA,2,3,NA,NA,2,NA,NA,1,1,NA,2,1,4,1,2,1,NA,3,3,NA,2,3,NA
PLFEKH_04740,7,2,3,3,1,2,2,1,5,2,NA,3,6,1,NA,1,20,NA,2,2,5,5,4,8,6,4,4,NA,NA,5,4,1,7,3,3,2,2,4,5,9,NA,2,5,NA,NA,3,4,NA,9,6,9,3,9,12,NA,11,1,4,9,3,3
PLFEKH_04755,7,3,5,5,1,1,2,2,6,1,1,1,3,2,3,2,10,NA,1,1,7,6,1,5,7,7,2,2,2,3,3,3,2,NA,2,1,3,5,3,8,2,3,4,NA,NA,7,2,NA,6,4,6,2,8,8,3,9,2,2,2,3,5
PLFEKH_04760,2,3,2,1,NA,1,NA,NA,1,1,NA,1,3,1,1,NA,5,NA,NA,NA,1,1,NA,NA,1,2,1,NA,NA,NA,3,NA,1,NA,NA,NA,1,NA,NA,NA,NA,2,3,NA,NA,2,1,NA,3,NA,NA,1,4,NA,NA,NA,NA,1,4,NA,NA
PLFEKH_04765,5,6,2,3,NA,2,3,1,6,4,NA,3,9,1,2,1,11,NA,1,1,13,3,2,2,10,8,7,NA,2,7,1,1,10,NA,3,NA,2,6,5,11,4,3,3,NA,NA,6,1,4,4,3,3,5,9,12,1,14,5,2,7,NA,2
PLFEKH_04770,4,1,3,3,2,3,2,3,3,2,2,2,3,2,2,NA,5,1,2,NA,1,6,2,3,2,2,7,NA,NA,8,9,1,2,NA,1,1,1,6,2,10,NA,4,4,NA,NA,NA,2,NA,NA,2,2,3,3,8,4,7,3,1,2,NA,4
PLFEKH_04775,4,NA,1,1,NA,NA,1,NA,1,NA,1,NA,NA,1,2,1,2,2,NA,NA,1,NA,NA,2,1,3,1,1,1,NA,5,NA,2,1,NA,NA,NA,2,NA,1,NA,1,NA,NA,NA,NA,NA,2,1,NA,2,NA,5,1,4,4,NA,1,NA,NA,NA
PLFEKH_04795,1,1,2,1,2,1,NA,NA,2,2,1,1,2,4,1,NA,5,2,1,1,1,7,2,3,NA,2,NA,1,NA,6,2,NA,2,1,2,1,2,4,3,3,1,NA,3,1,NA,6,1,NA,3,2,3,2,9,2,1,5,2,1,1,1,1
PLFEKH_04800,6,2,1,1,1,1,NA,2,3,4,2,1,2,1,4,1,11,1,NA,6,8,6,2,NA,5,5,3,1,1,15,6,NA,10,4,6,2,1,4,7,7,5,1,4,NA,NA,8,4,3,9,6,3,5,17,13,5,11,3,10,5,2,5
PLFEKH_04805,6,1,5,2,NA,NA,2,1,1,4,1,2,5,2,NA,NA,6,1,1,3,5,3,2,2,8,5,5,1,NA,3,3,1,3,NA,NA,3,2,1,2,9,2,2,4,NA,NA,5,4,1,1,NA,8,2,6,10,1,7,5,2,4,1,2
PLFEKH_04810,5,2,1,NA,6,1,2,1,2,5,2,7,2,2,4,1,20,2,NA,1,7,5,4,1,13,5,8,NA,1,9,9,NA,16,5,7,1,1,1,14,10,2,1,5,NA,NA,6,3,1,9,5,6,8,12,11,4,15,8,15,8,NA,2
PLFEKH_04815,5,17,NA,NA,9,1,NA,3,1,7,NA,NA,5,1,2,NA,33,NA,NA,2,12,NA,8,NA,5,6,3,NA,NA,11,29,NA,23,4,9,NA,2,1,12,8,4,NA,7,NA,NA,8,NA,8,4,7,1,13,9,1,3,10,3,12,8,NA,NA
PLFEKH_04820,11,6,2,10,2,3,2,2,3,5,1,2,2,1,3,1,18,3,2,3,10,4,5,3,7,12,13,1,NA,15,14,NA,13,1,3,1,1,7,14,12,2,1,3,NA,NA,5,11,3,5,10,8,1,8,7,7,19,9,10,6,3,2
PLFEKH_04825,5,4,3,1,NA,1,1,1,7,3,NA,5,4,3,1,NA,12,NA,NA,2,2,3,3,3,8,7,5,NA,NA,3,5,1,NA,2,4,NA,3,6,5,5,2,2,5,1,NA,2,1,1,3,NA,1,1,2,7,6,9,5,6,3,1,NA
PLFEKH_04830,6,1,1,1,NA,1,NA,1,1,NA,1,NA,2,NA,1,2,5,NA,3,NA,1,2,1,4,5,1,NA,NA,1,3,2,1,1,2,3,2,3,3,1,4,NA,1,NA,NA,1,1,NA,1,5,1,1,NA,3,3,1,7,3,2,1,1,2
PLFEKH_04840,1,NA,2,2,NA,NA,NA,NA,2,NA,NA,NA,1,NA,NA,NA,2,NA,NA,NA,3,NA,NA,1,2,NA,NA,1,NA,NA,NA,NA,2,NA,NA,NA,NA,NA,1,NA,NA,NA,NA,NA,NA,1,NA,NA,1,1,NA,NA,2,1,NA,1,NA,NA,NA,NA,NA
PLFEKH_04845,5,NA,4,6,1,1,2,NA,2,3,NA,NA,3,2,NA,NA,11,1,NA,2,4,9,2,3,9,3,5,1,2,4,2,NA,5,2,3,NA,3,1,NA,6,NA,1,3,NA,NA,NA,NA,2,5,2,3,2,4,4,3,8,2,3,6,4,NA
PLFEKH_04850,1,3,NA,3,NA,1,NA,NA,3,NA,NA,1,NA,1,2,NA,4,1,NA,NA,1,NA,NA,NA,7,1,NA,NA,NA,3,NA,NA,NA,NA,1,NA,2,3,NA,2,NA,2,1,NA,NA,2,NA,NA,3,1,1,NA,1,3,3,2,1,NA,4,1,1
PLFEKH_04860,2,4,NA,NA,NA,1,NA,NA,5,NA,NA,1,7,NA,1,NA,7,NA,NA,NA,4,4,1,NA,1,2,NA,NA,NA,4,NA,NA,5,NA,4,NA,NA,1,NA,3,1,NA,NA,NA,NA,NA,NA,NA,2,1,2,NA,5,7,NA,7,2,4,2,NA,NA
PLFEKH_04865,4,9,NA,1,1,2,NA,2,7,2,1,NA,7,1,3,NA,22,1,1,NA,8,4,2,5,8,9,5,NA,1,7,4,1,12,1,7,1,3,3,4,14,NA,NA,2,NA,NA,3,2,4,9,1,5,6,13,17,3,18,4,11,6,1,6
PLFEKH_04870,10,11,11,8,6,9,4,10,9,2,3,6,3,9,12,2,51,9,5,8,12,17,8,19,18,11,26,4,3,36,15,1,33,5,13,7,15,23,15,25,6,8,12,NA,NA,17,9,5,14,3,7,15,17,36,11,37,13,12,19,4,8
PLFEKH_04875,7,2,11,4,2,2,1,2,6,1,2,2,4,4,2,1,11,4,4,1,5,5,2,7,11,2,10,4,1,7,1,3,7,2,4,3,3,4,2,16,NA,6,6,NA,1,7,6,6,3,2,6,9,13,13,3,20,2,6,7,1,NA
PLFEKH_04880,4,7,5,4,1,5,2,6,6,9,NA,3,9,4,4,NA,34,3,1,3,12,7,13,9,18,20,12,NA,3,19,15,1,14,1,9,2,4,4,15,29,3,6,7,NA,NA,10,11,6,15,9,12,6,18,25,14,24,17,9,6,3,6
PLFEKH_04895,7,1,4,NA,1,NA,NA,1,NA,3,NA,2,2,1,NA,NA,6,1,NA,NA,NA,4,NA,3,6,6,4,NA,NA,2,3,NA,5,NA,1,1,2,1,1,10,NA,1,1,NA,NA,4,1,NA,4,2,4,1,4,6,3,10,7,2,1,1,2
PLFEKH_04900,4,9,2,5,6,4,2,NA,4,6,4,3,3,NA,3,NA,25,3,NA,3,14,4,7,2,14,18,10,1,NA,16,17,NA,11,4,9,1,5,6,14,16,4,1,6,NA,NA,19,8,6,8,3,2,6,11,14,11,29,11,13,17,NA,5
PLFEKH_04905,NA,11,NA,NA,8,4,NA,NA,2,6,NA,1,1,NA,NA,NA,24,NA,NA,NA,8,1,5,NA,10,4,1,NA,NA,4,24,NA,11,8,7,NA,NA,NA,17,29,3,NA,1,NA,NA,14,NA,4,1,28,2,6,7,3,16,22,2,15,16,NA,NA
PLFEKH_04920,NA,1,NA,2,NA,1,NA,NA,1,NA,NA,2,2,1,1,NA,5,1,NA,3,2,2,NA,NA,3,NA,1,2,NA,5,1,NA,1,2,6,NA,1,1,2,2,5,2,3,NA,NA,NA,2,1,2,NA,NA,2,1,5,NA,7,3,3,NA,1,NA
PLFEKH_04975,1,1,1,NA,NA,NA,NA,NA,1,NA,NA,NA,3,NA,2,NA,1,NA,NA,1,1,NA,1,NA,NA,NA,NA,NA,NA,3,1,NA,NA,NA,NA,NA,NA,1,1,3,NA,NA,1,NA,NA,3,NA,NA,NA,1,NA,1,1,4,NA,2,1,NA,NA,NA,NA
PLFEKH_04980,8,8,3,NA,2,5,1,4,5,2,NA,2,9,3,1,NA,23,2,NA,1,11,3,2,6,13,5,9,NA,NA,8,7,1,6,2,5,NA,5,4,10,19,4,NA,6,NA,NA,9,7,2,14,4,14,5,13,9,13,36,6,5,10,NA,2
PLFEKH_04985,5,8,2,NA,1,NA,NA,3,7,4,1,4,7,5,2,NA,23,1,NA,NA,13,5,6,NA,11,11,12,NA,1,5,19,1,12,2,10,2,5,5,18,20,7,NA,3,NA,NA,1,4,2,7,1,9,NA,14,13,6,19,9,7,12,NA,4
PLFEKH_04990,3,NA,4,NA,NA,2,NA,NA,3,3,NA,NA,6,NA,2,NA,7,NA,NA,1,4,3,NA,3,5,2,2,1,1,5,3,NA,1,NA,5,1,1,2,4,8,NA,NA,1,NA,NA,1,1,1,6,2,1,1,2,3,1,10,1,NA,6,1,NA
PLFEKH_05040,3,3,7,1,1,NA,NA,1,8,1,2,NA,3,3,3,NA,7,2,NA,NA,3,5,NA,3,5,NA,4,1,3,11,2,1,5,1,4,2,4,13,4,8,4,4,2,1,1,1,1,4,3,2,7,5,2,13,5,9,3,6,3,5,NA
PLFEKH_05045,2,9,NA,1,2,1,1,NA,3,3,NA,1,7,NA,1,NA,13,1,NA,2,7,4,1,3,4,5,8,NA,1,5,5,NA,8,NA,6,NA,1,4,5,11,NA,1,2,NA,NA,2,NA,NA,4,2,3,NA,4,6,4,10,8,4,7,NA,2
PLFEKH_05050,8,3,3,1,3,2,2,3,3,4,NA,NA,2,2,5,NA,20,NA,NA,NA,4,2,2,6,11,8,6,1,NA,5,13,NA,6,NA,7,1,3,4,5,6,3,6,3,NA,NA,3,2,1,21,1,8,2,7,17,5,17,5,7,6,2,4
PLFEKH_05055,4,NA,4,1,NA,NA,NA,2,2,1,NA,2,NA,NA,2,NA,6,1,NA,1,1,2,2,1,1,3,7,NA,NA,2,3,1,2,NA,1,NA,2,3,NA,4,1,1,2,NA,NA,4,3,1,2,NA,5,2,5,6,NA,12,NA,4,2,4,1
PLFEKH_05060,2,1,NA,1,NA,NA,1,NA,NA,2,NA,NA,1,NA,NA,1,3,1,NA,NA,NA,1,NA,NA,NA,NA,1,NA,NA,2,1,NA,2,NA,1,NA,NA,NA,NA,NA,1,1,NA,NA,NA,NA,NA,NA,2,NA,NA,NA,NA,NA,1,NA,NA,NA,NA,1,1
PLFEKH_05065,1,NA,NA,NA,NA,NA,NA,NA,NA,NA,NA,NA,NA,1,3,NA,NA,NA,NA,NA,1,NA,NA,NA,1,2,NA,NA,NA,1,NA,NA,1,NA,1,NA,NA,2,NA,NA,NA,NA,1,NA,1,NA,NA,NA,NA,NA,1,NA,2,2,1,4,2,NA,3,NA,NA
PLFEKH_05070,2,1,2,3,NA,NA,NA,1,1,NA,1,1,2,NA,NA,1,6,2,NA,NA,2,6,1,2,2,3,4,NA,NA,3,2,1,1,NA,2,NA,4,3,2,3,NA,1,3,NA,NA,2,2,1,4,4,6,2,6,7,2,5,2,2,6,NA,1
PLFEKH_05075,3,1,NA,1,NA,NA,NA,NA,1,NA,NA,1,1,NA,1,NA,3,NA,NA,1,4,1,1,1,2,2,3,NA,NA,2,2,NA,3,3,1,NA,1,NA,2,3,NA,NA,1,NA,NA,1,2,NA,2,1,4,2,4,7,NA,3,1,1,3,1,NA
PLFEKH_05080,7,3,7,4,NA,NA,NA,1,2,NA,NA,3,9,1,1,1,10,NA,1,NA,3,2,1,10,6,9,9,NA,1,4,1,1,3,3,7,NA,NA,6,5,11,2,4,5,1,NA,6,2,2,6,4,8,7,11,7,3,14,1,3,5,2,2
PLFEKH_05085,3,NA,2,NA,NA,2,NA,1,3,2,1,1,1,2,NA,NA,6,NA,NA,NA,12,5,NA,3,1,1,4,NA,NA,7,3,NA,3,1,5,NA,3,4,1,4,NA,NA,NA,NA,NA,2,2,2,4,2,3,2,5,8,3,2,NA,3,2,1,3
PLFEKH_05090,1,NA,3,1,NA,NA,1,4,3,NA,NA,1,3,2,2,1,4,NA,1,1,4,4,1,2,9,4,1,1,4,6,2,1,3,1,2,1,3,2,NA,3,NA,NA,NA,NA,NA,3,2,1,3,1,NA,3,4,2,2,6,2,3,4,3,2
PLFEKH_05095,1,1,NA,3,4,3,2,2,5,3,NA,NA,3,2,NA,NA,5,3,NA,6,9,2,NA,12,18,2,5,NA,1,11,11,1,6,4,11,8,7,6,11,9,4,7,5,NA,NA,5,4,3,4,6,5,7,6,5,3,5,4,6,10,5,4
PLFEKH_05100,NA,NA,NA,NA,NA,1,NA,NA,1,NA,NA,NA,1,NA,NA,NA,7,NA,NA,NA,1,NA,NA,NA,1,3,2,NA,NA,1,1,NA,1,NA,NA,NA,NA,NA,1,1,NA,NA,NA,NA,NA,NA,NA,NA,NA,NA,NA,NA,NA,3,2,2,NA,1,NA,NA,NA
PLFEKH_05110,NA,NA,NA,NA,NA,NA,NA,NA,1,NA,NA,NA,1,NA,NA,NA,1,1,NA,NA,1,NA,1,1,1,1,NA,NA,NA,2,NA,NA,NA,NA,NA,NA,NA,1,NA,1,NA,NA,NA,NA,NA,1,NA,NA,NA,NA,NA,NA,2,NA,NA,4,NA,NA,NA,1,NA
PLFEKH_05115,NA,NA,NA,NA,NA,1,NA,NA,1,1,NA,NA,NA,NA,NA,NA,2,NA,1,NA,2,2,NA,NA,NA,NA,NA,NA,NA,NA,NA,NA,NA,NA,NA,1,NA,NA,1,NA,NA,NA,NA,NA,NA,NA,NA,NA,NA,NA,NA,NA,3,NA,NA,NA,NA,NA,NA,NA,NA
PLFEKH_05125,NA,NA,NA,NA,NA,NA,NA,NA,1,NA,NA,NA,NA,NA,NA,NA,3,NA,NA,NA,1,NA,NA,NA,1,NA,NA,NA,NA,1,1,NA,3,NA,NA,NA,1,NA,NA,3,1,NA,NA,NA,NA,NA,NA,NA,2,NA,NA,1,2,4,1,4,NA,6,1,NA,NA
PLFEKH_05135,2,NA,NA,NA,NA,NA,NA,NA,4,NA,NA,NA,4,1,NA,NA,NA,NA,NA,NA,NA,2,NA,NA,1,NA,NA,NA,NA,1,1,NA,1,NA,1,NA,NA,1,1,1,NA,1,NA,NA,NA,NA,NA,NA,NA,NA,NA,NA,1,3,1,1,NA,NA,1,NA,NA
PLFEKH_05150,NA,NA,1,NA,NA,NA,NA,NA,NA,1,3,NA,2,NA,1,NA,1,NA,NA,1,3,2,1,NA,3,4,NA,NA,NA,1,1,NA,3,NA,1,NA,NA,NA,NA,2,2,NA,NA,NA,NA,NA,NA,NA,2,NA,1,1,NA,NA,NA,2,2,NA,NA,NA,1
PLFEKH_05165,8,10,2,NA,1,NA,NA,2,2,1,5,4,1,1,1,1,10,1,NA,1,9,3,3,6,12,2,6,1,NA,4,9,1,7,NA,6,NA,2,5,5,6,2,2,3,1,NA,1,3,1,8,1,8,3,6,10,4,8,4,7,9,NA,1
PLFEKH_05170,1,NA,1,NA,NA,NA,NA,NA,NA,NA,NA,NA,NA,NA,1,NA,1,NA,NA,NA,NA,NA,1,NA,NA,NA,1,NA,NA,1,NA,NA,1,1,NA,NA,NA,1,NA,NA,NA,NA,1,NA,NA,1,NA,2,NA,NA,3,NA,NA,NA,2,2,NA,NA,1,NA,NA
PLFEKH_05175,3,1,NA,NA,NA,4,NA,NA,2,1,NA,5,NA,2,4,NA,14,NA,NA,3,6,2,2,2,5,1,6,NA,1,8,3,NA,6,2,5,NA,1,1,8,9,2,NA,5,NA,NA,6,1,NA,4,3,5,NA,4,3,9,15,NA,7,4,NA,NA
PLFEKH_05180,NA,NA,NA,NA,NA,NA,NA,NA,1,NA,4,3,1,NA,1,1,2,NA,NA,1,NA,1,1,2,2,NA,4,NA,NA,NA,NA,NA,NA,NA,1,1,1,NA,NA,1,NA,NA,1,NA,NA,1,1,NA,2,NA,1,NA,1,NA,1,5,1,2,1,NA,NA
PLFEKH_05185,3,1,1,NA,NA,NA,NA,NA,2,3,1,NA,NA,1,2,NA,2,NA,NA,NA,NA,1,2,NA,2,NA,2,NA,1,4,3,NA,1,NA,3,NA,NA,NA,2,4,1,NA,3,NA,NA,2,4,NA,NA,1,NA,NA,2,3,4,7,1,NA,4,NA,NA
PLFEKH_05240,NA,NA,NA,NA,NA,NA,NA,NA,1,NA,NA,NA,NA,NA,NA,NA,3,NA,NA,NA,2,1,NA,NA,1,1,2,NA,NA,3,NA,NA,3,NA,NA,NA,1,1,1,NA,NA,NA,NA,NA,NA,NA,NA,NA,1,NA,NA,NA,3,3,NA,NA,1,1,NA,NA,NA
PLFEKH_05245,1,NA,NA,NA,NA,NA,NA,NA,1,NA,3,7,NA,NA,NA,NA,NA,NA,NA,NA,5,3,NA,NA,2,4,1,NA,1,3,1,NA,3,NA,1,1,1,2,4,4,NA,NA,1,NA,NA,1,2,1,3,5,1,1,3,2,3,5,NA,2,NA,NA,1
PLFEKH_05250,9,6,7,13,1,1,1,1,6,3,8,4,13,5,3,NA,29,7,2,1,24,16,3,12,23,7,11,NA,4,11,10,NA,14,2,6,1,7,6,11,10,NA,6,8,NA,NA,2,3,2,19,6,10,3,25,20,7,17,8,6,15,3,4
PLFEKH_05255,5,1,4,4,2,NA,NA,NA,2,1,2,2,3,4,1,NA,18,NA,NA,1,4,3,NA,6,13,3,9,2,2,9,4,NA,7,NA,6,NA,7,8,3,8,1,3,2,NA,NA,3,2,2,8,1,14,6,3,10,4,11,3,4,6,1,2
PLFEKH_05265,12,5,4,7,NA,2,NA,2,4,NA,1,1,1,2,5,NA,19,1,2,4,7,6,2,7,10,3,9,2,5,13,3,NA,4,2,1,1,4,5,6,5,6,4,4,2,NA,4,2,3,17,2,8,3,21,11,4,17,11,5,5,2,5
PLFEKH_05270,6,NA,2,1,2,3,1,2,NA,NA,NA,NA,1,2,1,NA,14,NA,NA,1,7,3,3,1,2,3,6,NA,NA,4,7,NA,13,NA,6,NA,3,2,NA,9,2,NA,3,NA,NA,1,3,1,7,1,7,4,8,6,3,7,NA,3,8,1,1
PLFEKH_05280,1,1,1,1,NA,NA,NA,NA,NA,NA,NA,NA,NA,NA,NA,NA,1,NA,2,NA,NA,NA,NA,1,1,NA,NA,1,1,2,2,NA,2,NA,2,NA,NA,NA,NA,2,NA,NA,NA,NA,NA,NA,2,NA,2,NA,NA,1,NA,3,1,NA,NA,1,NA,1,NA
PLFEKH_05285,6,3,NA,2,2,1,1,2,4,2,NA,1,NA,NA,1,1,12,NA,NA,NA,2,1,1,4,5,3,4,NA,NA,5,5,NA,4,1,1,NA,1,1,3,9,1,1,5,NA,NA,NA,2,2,3,1,5,2,1,5,2,4,3,7,2,1,2
PLFEKH_05305,4,10,1,2,3,1,2,3,5,8,1,NA,7,3,3,NA,15,1,NA,6,13,2,4,3,19,5,6,NA,1,5,5,NA,9,2,4,1,5,7,10,11,1,NA,5,NA,NA,3,1,2,9,NA,6,5,9,11,3,5,5,8,11,1,5
PLFEKH_05310,3,1,NA,NA,1,NA,NA,NA,NA,1,NA,NA,1,NA,NA,NA,1,1,NA,NA,1,1,NA,NA,1,2,1,NA,1,2,2,1,2,NA,3,NA,1,NA,1,2,NA,3,NA,NA,NA,NA,4,NA,4,3,3,1,4,3,1,6,2,1,3,1,1
PLFEKH_05315,2,4,NA,1,4,4,NA,NA,NA,5,2,1,2,2,2,NA,17,NA,NA,1,6,NA,2,NA,9,10,NA,NA,NA,1,19,NA,7,2,4,NA,4,1,12,17,6,NA,4,NA,NA,4,2,2,8,3,3,8,13,3,5,14,8,14,11,1,1
PLFEKH_05320,4,NA,NA,1,NA,1,1,NA,3,1,1,2,2,NA,NA,NA,2,2,NA,1,NA,1,NA,NA,4,4,4,2,NA,2,3,NA,1,1,NA,1,2,1,NA,5,1,NA,3,NA,NA,2,1,NA,NA,NA,2,2,5,3,3,8,NA,2,1,1,NA
PLFEKH_05325,6,22,2,3,11,7,3,4,8,9,3,2,7,6,2,NA,49,2,NA,2,13,5,13,6,25,28,18,NA,NA,17,21,NA,19,8,14,2,8,9,18,32,8,1,9,NA,NA,21,9,10,17,12,7,17,26,28,26,43,16,32,28,3,4
PLFEKH_05365,3,1,7,1,NA,NA,NA,1,1,NA,1,1,6,3,NA,1,2,NA,2,1,NA,NA,NA,1,NA,2,3,NA,NA,NA,3,NA,3,1,NA,3,NA,1,1,3,NA,1,2,NA,NA,4,1,1,NA,1,NA,2,1,1,NA,NA,1,3,2,1,2
PLFEKH_05380,3,NA,NA,1,NA,NA,NA,2,1,2,1,1,1,1,NA,NA,6,NA,NA,2,1,2,2,NA,8,4,1,NA,NA,4,3,NA,5,1,2,NA,1,1,2,2,NA,1,NA,1,NA,NA,1,1,2,2,1,1,2,5,1,3,3,4,2,NA,1
PLFEKH_05395,2,NA,2,3,2,2,1,NA,NA,NA,1,2,2,1,3,NA,5,1,NA,NA,1,3,2,2,5,4,5,NA,NA,4,1,NA,1,NA,2,2,4,NA,5,3,NA,2,2,NA,NA,1,NA,NA,NA,1,1,NA,3,3,NA,8,5,2,NA,NA,1
PLFEKH_05425,4,4,1,1,NA,1,1,NA,3,6,1,1,7,2,NA,NA,9,NA,1,1,8,4,1,1,8,1,NA,NA,NA,3,6,NA,6,NA,10,NA,3,3,11,15,3,2,1,NA,NA,4,3,1,6,2,11,4,5,13,5,5,3,3,10,NA,1
PLFEKH_05430,4,6,1,1,1,1,2,3,NA,NA,1,NA,5,4,6,NA,20,NA,1,2,8,2,NA,NA,9,4,5,1,NA,14,15,NA,13,1,4,NA,3,1,4,3,NA,3,1,1,NA,10,8,NA,8,1,12,1,10,5,3,2,NA,8,7,1,6
PLFEKH_05435,3,6,12,2,2,5,NA,3,4,2,1,NA,NA,4,5,NA,8,1,3,1,6,3,2,6,11,7,8,1,NA,17,3,2,11,1,6,3,2,10,NA,9,2,1,2,1,NA,NA,8,2,7,NA,9,1,9,18,4,16,5,6,8,4,3
PLFEKH_05440,8,6,1,6,2,2,1,2,5,6,1,NA,3,2,4,NA,10,NA,2,NA,6,3,2,5,5,2,3,1,NA,4,6,NA,5,1,4,NA,3,8,3,7,3,4,2,NA,NA,3,2,2,2,NA,9,3,4,10,3,14,2,3,4,1,NA
PLFEKH_05445,17,12,4,4,2,5,5,10,21,11,1,2,6,NA,6,NA,28,3,3,2,7,10,2,4,19,12,21,NA,2,14,16,2,15,5,9,5,9,16,13,16,3,4,5,NA,NA,5,3,2,10,3,18,8,10,16,9,21,9,8,14,2,1
PLFEKH_05450,3,NA,1,1,NA,NA,NA,NA,1,1,NA,1,1,NA,1,NA,1,NA,NA,1,1,NA,NA,1,NA,NA,3,1,1,2,NA,NA,1,NA,NA,NA,2,1,3,1,NA,NA,1,NA,NA,1,NA,NA,3,2,NA,NA,NA,1,NA,1,2,4,5,1,NA
PLFEKH_05455,NA,NA,NA,1,NA,NA,NA,NA,NA,NA,NA,NA,1,1,NA,NA,NA,NA,NA,NA,1,NA,NA,NA,NA,NA,NA,NA,NA,1,NA,NA,NA,NA,NA,NA,NA,NA,NA,NA,NA,NA,1,NA,NA,NA,NA,NA,1,NA,NA,NA,NA,1,NA,NA,NA,NA,1,NA,NA
PLFEKH_05460,1,NA,NA,NA,1,NA,NA,NA,NA,NA,1,1,1,NA,NA,NA,1,NA,NA,NA,NA,1,NA,1,2,2,NA,NA,NA,NA,NA,NA,1,1,NA,NA,NA,NA,NA,1,NA,NA,NA,NA,NA,1,NA,NA,NA,NA,2,NA,1,2,NA,2,NA,1,1,NA,NA
PLFEKH_05465,1,NA,2,NA,NA,1,NA,1,2,1,NA,1,NA,1,1,NA,1,NA,1,1,1,4,NA,1,NA,2,NA,NA,NA,2,1,NA,NA,1,NA,2,NA,NA,NA,2,NA,2,NA,NA,NA,1,NA,NA,NA,2,NA,NA,1,2,NA,3,1,1,1,NA,NA
PLFEKH_05470,1,1,2,2,NA,NA,2,2,3,2,NA,NA,3,NA,NA,NA,2,NA,NA,1,2,1,NA,NA,2,NA,2,NA,NA,2,3,1,5,NA,NA,NA,1,1,2,2,NA,1,1,NA,NA,4,1,NA,6,1,NA,3,3,2,1,NA,NA,1,3,NA,1
PLFEKH_05475,NA,1,1,NA,NA,NA,NA,NA,1,NA,NA,NA,2,NA,NA,NA,3,NA,NA,1,4,NA,NA,NA,3,2,1,NA,NA,2,NA,NA,1,1,3,1,NA,1,1,6,1,NA,NA,NA,NA,1,NA,NA,NA,2,NA,NA,NA,1,1,3,3,4,NA,1,NA
PLFEKH_05480,1,3,9,NA,NA,NA,NA,NA,1,NA,NA,1,1,NA,1,NA,1,NA,1,1,1,NA,1,2,3,1,2,NA,NA,2,2,2,1,NA,2,NA,NA,3,NA,4,NA,1,NA,NA,NA,2,NA,2,1,NA,3,4,1,3,NA,2,1,5,2,2,2
PLFEKH_05485,NA,NA,NA,NA,1,1,1,NA,1,NA,NA,NA,NA,1,NA,1,1,NA,NA,NA,NA,1,NA,2,1,1,1,NA,2,4,2,NA,1,NA,1,1,NA,2,NA,1,NA,NA,NA,NA,NA,NA,NA,1,NA,NA,3,NA,1,1,NA,NA,2,NA,NA,1,1
PLFEKH_05495,1,1,NA,NA,1,1,NA,NA,1,2,NA,NA,NA,1,NA,NA,1,NA,NA,1,NA,NA,NA,NA,4,NA,NA,NA,NA,3,2,NA,NA,1,1,NA,1,4,1,6,1,2,1,NA,NA,1,2,NA,1,NA,5,NA,3,2,2,1,2,2,2,NA,NA
PLFEKH_05505,2,4,NA,NA,NA,NA,NA,1,3,1,NA,NA,8,1,NA,NA,NA,NA,1,NA,2,NA,NA,NA,NA,NA,1,NA,NA,NA,2,NA,6,NA,NA,NA,NA,NA,2,2,NA,NA,NA,NA,NA,3,NA,NA,1,NA,NA,NA,NA,1,NA,3,1,NA,3,NA,NA
PLFEKH_05520,8,3,1,2,NA,3,2,5,5,2,2,4,3,1,3,1,14,1,5,1,5,6,1,4,7,NA,9,NA,4,13,5,NA,8,NA,7,1,5,2,11,7,5,1,7,1,NA,1,3,2,7,1,4,4,6,3,4,7,5,2,10,1,4
PLFEKH_05525,4,4,NA,2,1,NA,1,1,3,2,1,NA,4,2,1,NA,13,NA,2,NA,3,4,2,1,7,2,5,NA,1,2,3,NA,7,NA,1,NA,1,3,6,8,2,NA,3,NA,NA,2,2,1,7,1,2,NA,9,8,6,5,5,3,3,NA,NA
PLFEKH_05695,1,NA,1,1,NA,2,2,NA,1,2,NA,2,2,2,2,NA,2,1,NA,1,NA,1,NA,NA,1,2,3,1,NA,NA,3,NA,1,NA,3,NA,1,2,2,6,1,NA,2,NA,NA,NA,3,1,4,NA,3,NA,1,1,2,2,NA,2,3,1,NA
PLFEKH_05700,7,NA,NA,3,1,1,NA,NA,NA,NA,NA,NA,1,NA,2,NA,2,1,NA,NA,2,1,NA,1,3,1,1,NA,1,3,1,NA,2,2,3,NA,2,1,1,3,4,2,1,NA,NA,NA,NA,1,1,NA,NA,NA,2,2,NA,NA,4,NA,NA,NA,2
PLFEKH_05705,NA,NA,1,NA,NA,NA,NA,NA,1,NA,NA,NA,NA,NA,NA,NA,NA,NA,NA,NA,1,1,NA,NA,NA,1,NA,NA,1,2,1,NA,NA,1,1,NA,NA,NA,1,3,NA,NA,2,NA,NA,NA,1,NA,2,NA,NA,NA,NA,5,NA,NA,1,NA,2,NA,NA
PLFEKH_05710,1,2,NA,1,NA,1,NA,NA,1,1,NA,NA,1,NA,NA,NA,1,NA,NA,1,1,1,NA,5,2,NA,1,NA,NA,NA,NA,NA,1,NA,1,1,3,1,NA,NA,NA,NA,NA,NA,NA,1,1,1,NA,NA,NA,1,1,1,NA,1,NA,4,NA,NA,NA
PLFEKH_05715,9,1,5,6,1,2,4,2,5,5,3,3,2,6,4,1,26,3,NA,6,2,12,8,17,23,12,7,NA,2,8,8,NA,12,1,10,3,4,3,5,16,NA,3,9,NA,NA,3,4,4,4,5,6,13,12,12,11,28,6,11,7,2,1
PLFEKH_05720,4,3,1,2,1,2,1,2,2,2,2,1,NA,2,4,NA,10,NA,2,1,2,5,1,4,5,6,4,1,NA,8,6,2,3,NA,2,1,3,3,5,4,NA,1,5,NA,NA,1,1,NA,5,NA,2,1,7,9,5,7,3,4,6,NA,1
PLFEKH_05725,1,2,NA,2,1,NA,NA,1,NA,NA,NA,NA,NA,NA,NA,NA,11,NA,NA,1,2,1,1,NA,3,5,NA,NA,NA,4,3,NA,6,1,NA,NA,1,1,5,5,2,NA,1,NA,NA,3,NA,2,6,3,2,1,4,7,3,12,2,2,2,NA,NA
PLFEKH_05730,4,2,1,2,1,2,2,5,2,3,NA,NA,4,2,5,1,13,1,NA,2,6,1,2,3,5,3,8,NA,NA,12,9,NA,13,2,6,1,2,4,7,12,3,4,2,NA,NA,1,9,1,8,NA,6,1,1,12,9,12,6,2,9,NA,1
PLFEKH_05735,6,2,1,2,3,1,1,1,3,4,1,2,7,2,3,2,16,NA,3,1,NA,3,3,3,1,3,4,NA,1,8,9,NA,10,1,2,NA,4,3,8,2,3,2,3,NA,NA,2,7,1,7,3,4,1,8,2,2,6,1,2,6,4,1
PLFEKH_05740,2,8,2,NA,2,NA,NA,NA,1,1,NA,1,NA,3,4,NA,18,1,NA,1,10,3,3,3,13,7,5,NA,NA,2,12,NA,20,1,4,NA,4,5,5,22,9,NA,3,NA,NA,11,4,2,7,1,7,3,14,10,12,11,13,12,13,NA,2
PLFEKH_05745,NA,NA,NA,NA,NA,NA,NA,NA,NA,NA,NA,NA,1,NA,NA,NA,2,NA,NA,NA,NA,NA,1,NA,NA,NA,2,NA,NA,NA,1,NA,NA,NA,NA,NA,NA,NA,NA,NA,NA,NA,NA,NA,NA,1,NA,NA,NA,1,NA,NA,NA,2,NA,NA,NA,NA,1,NA,NA
PLFEKH_05750,1,1,NA,NA,NA,NA,1,1,NA,3,1,1,3,1,4,NA,6,1,NA,NA,1,NA,2,1,7,2,NA,NA,NA,2,3,NA,4,1,2,NA,NA,3,2,4,5,NA,1,NA,NA,2,4,3,1,NA,NA,1,4,7,4,6,1,3,3,1,1
PLFEKH_05755,2,NA,4,4,NA,3,2,2,2,3,NA,1,3,3,1,NA,9,3,NA,2,4,3,1,5,2,4,4,NA,3,6,2,2,5,1,2,NA,4,1,2,3,2,1,1,2,1,3,1,1,6,2,3,7,3,6,2,11,5,5,6,4,2
PLFEKH_05760,NA,2,NA,NA,3,1,NA,NA,NA,NA,NA,NA,NA,NA,NA,NA,1,NA,NA,NA,1,NA,2,NA,1,6,1,NA,NA,2,NA,NA,NA,2,NA,NA,NA,NA,2,3,NA,NA,1,NA,NA,4,2,1,NA,2,NA,1,NA,NA,1,1,1,2,2,NA,NA
PLFEKH_05775,6,1,6,NA,2,NA,5,1,3,NA,2,2,NA,NA,NA,NA,1,2,NA,2,2,NA,1,5,1,NA,NA,NA,NA,5,4,NA,1,1,2,2,NA,5,1,NA,1,1,1,1,NA,NA,2,1,NA,NA,5,NA,2,1,1,3,2,2,2,NA,NA
PLFEKH_05785,6,NA,1,2,3,5,1,1,5,2,3,2,3,3,1,1,14,4,2,1,7,3,4,4,8,8,6,1,NA,8,4,NA,11,3,4,1,2,8,5,10,NA,1,6,NA,NA,4,3,5,3,5,8,4,9,13,1,12,3,7,5,2,4
PLFEKH_05790,6,5,4,1,3,1,1,4,2,5,3,NA,5,3,NA,NA,19,1,NA,1,8,2,5,6,10,7,3,2,3,11,3,NA,10,2,NA,NA,NA,4,NA,6,5,3,3,NA,NA,8,3,1,6,5,4,6,8,13,5,6,12,4,6,4,2
PLFEKH_05795,5,5,5,8,2,3,3,1,5,4,NA,2,2,2,5,NA,11,NA,1,NA,3,7,5,8,13,3,4,1,NA,14,1,1,6,3,8,NA,4,8,1,9,2,2,3,1,NA,5,2,3,3,4,8,3,5,6,3,14,4,5,7,1,1
PLFEKH_05805,NA,NA,NA,1,NA,NA,NA,NA,NA,1,NA,NA,NA,NA,1,NA,3,1,NA,NA,NA,1,1,NA,2,2,NA,NA,1,1,2,NA,1,NA,NA,2,NA,2,3,3,1,1,NA,NA,NA,2,NA,NA,NA,NA,2,2,NA,1,1,4,NA,1,2,NA,NA
PLFEKH_05815,5,2,2,2,NA,2,NA,1,7,5,NA,NA,1,NA,1,NA,9,1,NA,NA,6,2,NA,3,7,8,6,1,NA,1,3,1,6,NA,4,1,2,4,4,5,NA,3,1,NA,NA,2,2,2,2,3,5,3,5,12,3,5,NA,1,3,NA,1
PLFEKH_05820,3,1,1,3,1,2,NA,1,5,NA,1,NA,1,2,NA,NA,7,2,NA,2,9,10,5,1,5,15,4,NA,1,6,9,NA,9,2,3,NA,4,2,1,8,1,NA,NA,NA,NA,3,3,3,6,2,2,2,6,9,2,13,3,5,5,1,NA
PLFEKH_05825,4,1,1,1,1,NA,1,NA,5,NA,2,3,3,4,1,NA,4,2,NA,1,2,2,1,1,3,2,2,1,NA,5,NA,NA,2,1,NA,1,4,2,NA,2,3,1,1,NA,NA,3,1,1,5,4,5,2,4,3,NA,3,5,1,6,1,2
PLFEKH_05835,7,8,6,8,10,5,4,4,9,4,1,2,2,9,7,NA,44,3,NA,3,10,7,7,11,28,39,13,2,1,27,13,1,19,7,11,2,6,8,17,36,3,1,8,1,NA,10,9,5,16,11,10,13,27,27,17,59,14,26,16,3,5
PLFEKH_05870,11,12,12,6,1,2,5,4,10,2,4,NA,7,3,3,3,14,4,NA,1,2,2,1,7,4,6,7,NA,NA,7,4,5,16,4,7,2,3,3,2,7,3,4,1,1,NA,13,2,3,11,8,10,8,8,3,1,9,2,10,7,9,2
PLFEKH_05875,NA,1,NA,NA,1,NA,1,NA,NA,NA,NA,NA,3,1,NA,NA,NA,NA,NA,NA,NA,NA,NA,NA,NA,NA,1,NA,NA,NA,NA,NA,2,NA,NA,NA,NA,NA,NA,1,NA,1,3,NA,NA,NA,NA,NA,NA,NA,1,NA,1,3,NA,NA,NA,NA,1,NA,1
PLFEKH_05880,3,7,1,6,1,NA,1,1,12,6,1,2,7,5,2,1,21,3,NA,3,7,5,5,3,13,13,10,1,3,14,13,1,7,2,5,1,1,9,12,12,8,2,4,NA,1,12,3,3,3,4,7,4,5,19,11,12,6,4,9,1,3
PLFEKH_05890,16,4,10,13,3,3,1,9,10,5,2,4,11,8,11,3,32,5,5,5,15,13,3,13,18,12,20,6,5,28,13,NA,19,NA,13,3,8,10,16,17,5,6,16,NA,NA,14,8,5,10,9,22,7,16,30,9,31,12,8,13,4,5
PLFEKH_05895,5,1,2,2,1,1,NA,3,5,NA,1,NA,2,3,1,NA,3,2,3,3,3,NA,NA,4,1,3,4,NA,2,3,3,NA,6,NA,6,1,NA,1,1,3,3,2,NA,NA,NA,1,3,1,2,2,5,1,1,7,1,3,3,NA,2,NA,1
PLFEKH_05900,3,3,NA,NA,NA,NA,NA,NA,NA,NA,NA,2,2,NA,NA,1,NA,NA,1,1,2,NA,NA,1,1,3,2,NA,NA,3,2,NA,1,NA,1,NA,1,1,NA,3,NA,NA,2,NA,NA,1,1,NA,4,1,NA,NA,1,3,1,4,1,2,1,NA,NA
PLFEKH_05905,2,5,1,2,1,2,1,1,1,3,1,1,5,NA,NA,NA,9,NA,NA,1,8,3,4,NA,13,9,9,NA,NA,5,4,NA,4,2,4,2,3,NA,8,10,4,3,4,NA,NA,6,1,4,9,1,5,6,9,12,3,16,4,6,8,NA,2
PLFEKH_05910,4,2,NA,4,NA,2,1,NA,2,NA,NA,NA,4,1,3,NA,4,2,1,NA,3,8,2,1,6,1,4,NA,NA,3,1,NA,1,1,1,NA,1,5,1,5,1,NA,2,NA,NA,3,NA,NA,5,NA,1,2,3,3,1,3,1,2,2,2,1
PLFEKH_05915,1,NA,NA,NA,NA,NA,NA,NA,2,1,NA,NA,NA,NA,NA,NA,4,NA,NA,2,2,1,NA,NA,1,3,2,NA,NA,1,1,NA,NA,1,1,NA,NA,NA,2,2,1,NA,NA,NA,NA,6,NA,2,1,NA,NA,2,NA,1,NA,7,NA,2,NA,NA,NA
PLFEKH_05925,NA,NA,1,NA,NA,NA,NA,NA,NA,NA,NA,NA,NA,NA,NA,NA,1,1,NA,NA,1,1,NA,NA,NA,1,NA,NA,NA,NA,1,NA,NA,NA,NA,NA,NA,NA,1,1,NA,NA,NA,NA,NA,NA,NA,NA,NA,NA,NA,NA,NA,1,NA,1,NA,NA,NA,NA,NA
PLFEKH_05935,4,4,2,5,1,2,1,2,5,2,NA,2,3,NA,4,NA,19,NA,NA,3,5,10,3,1,8,15,14,NA,NA,9,7,1,6,2,11,NA,5,1,8,20,7,1,3,NA,NA,3,3,3,6,2,7,2,9,11,5,15,10,5,9,1,NA
PLFEKH_05940,3,2,4,2,NA,2,NA,NA,1,NA,NA,4,3,1,NA,NA,5,NA,NA,1,3,3,1,NA,9,2,3,2,3,6,3,NA,2,NA,1,1,2,2,3,NA,NA,1,2,NA,NA,1,2,NA,3,1,1,3,7,6,NA,8,4,2,1,3,1
PLFEKH_05945,5,2,3,3,3,1,1,1,7,4,3,3,8,1,6,NA,13,4,NA,NA,7,13,7,2,6,5,9,1,3,16,NA,2,11,1,2,2,7,11,5,4,4,3,3,NA,NA,6,4,2,7,2,11,7,4,16,5,15,5,6,12,NA,2
PLFEKH_05955,2,2,NA,2,4,1,1,1,1,1,NA,1,3,3,2,NA,2,2,1,2,6,2,2,6,16,4,2,1,NA,2,3,NA,6,NA,2,2,1,4,NA,3,NA,NA,1,NA,NA,2,1,6,1,NA,4,4,4,2,NA,8,3,2,1,1,NA
PLFEKH_05960,4,3,2,4,4,1,1,4,3,5,NA,NA,3,7,2,1,2,3,NA,4,8,1,NA,2,6,6,10,2,1,5,4,NA,7,NA,5,2,5,5,5,5,1,3,8,1,NA,6,2,3,3,3,1,3,1,12,4,10,1,5,3,1,NA
PLFEKH_05970,3,2,4,NA,NA,1,NA,1,1,NA,1,NA,1,1,2,2,2,NA,1,NA,4,NA,NA,2,1,NA,NA,NA,1,2,4,NA,1,NA,NA,NA,NA,NA,NA,1,1,NA,2,NA,NA,1,1,1,1,3,2,3,1,1,NA,3,NA,1,1,1,1
PLFEKH_05975,4,11,1,NA,3,4,4,3,9,8,4,2,2,1,5,NA,30,2,NA,2,14,NA,6,3,19,14,11,NA,NA,11,15,NA,10,2,15,NA,5,5,12,20,11,1,3,NA,NA,11,4,10,13,3,5,6,19,15,16,27,6,9,19,NA,2
PLFEKH_05980,7,6,1,1,1,2,2,2,4,5,NA,1,4,2,NA,NA,9,2,NA,2,15,1,1,4,8,5,4,NA,1,9,5,NA,6,2,5,2,3,3,5,9,4,1,4,NA,NA,3,4,2,8,4,NA,1,6,9,2,11,3,7,3,3,3
PLFEKH_05985,3,2,5,1,NA,NA,2,NA,4,NA,NA,2,1,2,2,NA,7,1,NA,2,3,1,3,3,4,8,2,NA,1,4,3,NA,2,1,2,1,3,1,1,5,NA,2,4,NA,NA,2,4,1,1,NA,3,1,2,5,2,9,4,5,5,1,NA
PLFEKH_05990,2,3,NA,1,3,1,1,NA,2,3,NA,NA,2,1,4,NA,10,2,NA,NA,4,3,3,NA,7,6,5,NA,NA,5,9,NA,9,2,5,NA,1,1,8,10,4,NA,2,NA,NA,2,2,1,10,NA,2,2,10,5,3,17,3,2,6,NA,4
PLFEKH_05995,6,4,4,2,1,1,NA,NA,4,4,NA,1,NA,5,2,NA,4,3,1,2,2,2,1,NA,1,2,9,NA,1,1,4,NA,2,1,4,1,4,2,2,6,1,1,4,NA,1,1,3,1,NA,NA,1,3,5,2,4,10,2,5,3,1,3
PLFEKH_06000,4,NA,NA,NA,1,NA,NA,NA,2,NA,NA,2,NA,NA,1,NA,9,1,NA,NA,1,2,4,1,6,5,1,NA,NA,4,7,NA,5,1,5,NA,NA,2,2,7,2,NA,NA,NA,NA,4,NA,1,3,2,10,3,5,4,3,7,6,4,3,NA,1
PLFEKH_06005,4,NA,1,NA,NA,NA,NA,NA,NA,NA,NA,NA,1,NA,NA,NA,2,NA,NA,1,NA,NA,NA,NA,NA,NA,1,NA,1,NA,1,NA,NA,NA,NA,NA,NA,3,NA,3,1,NA,NA,NA,NA,1,NA,1,NA,NA,NA,2,3,1,NA,3,2,1,2,NA,1
PLFEKH_06020,NA,NA,NA,NA,NA,NA,NA,NA,NA,NA,NA,NA,NA,NA,NA,NA,NA,NA,1,NA,2,1,NA,NA,1,NA,NA,NA,NA,1,1,NA,NA,1,NA,NA,NA,1,NA,NA,1,NA,NA,NA,NA,NA,NA,NA,2,NA,NA,NA,NA,1,NA,NA,NA,NA,NA,NA,NA
PLFEKH_06030,3,2,3,4,1,NA,NA,NA,3,2,NA,1,6,2,NA,NA,9,NA,1,NA,6,1,1,1,6,4,2,1,1,2,3,1,2,1,4,NA,1,3,NA,2,1,4,1,NA,NA,4,1,1,NA,1,3,1,3,4,3,2,2,3,4,NA,NA
PLFEKH_06035,1,NA,1,1,1,NA,NA,NA,2,NA,2,NA,NA,1,1,NA,2,NA,1,NA,1,4,2,1,1,NA,2,NA,NA,2,3,1,6,1,1,NA,1,2,NA,1,NA,2,NA,NA,NA,NA,2,1,4,1,2,2,5,3,3,4,1,3,1,3,NA
PLFEKH_06040,12,3,6,1,2,3,4,4,13,11,NA,NA,6,3,10,NA,22,5,3,NA,8,4,1,6,16,6,7,NA,2,7,3,NA,10,2,10,3,6,8,8,21,4,3,10,NA,NA,4,4,5,10,6,13,4,10,21,9,17,8,5,11,1,2
PLFEKH_06045,17,15,2,5,13,8,NA,7,12,7,5,5,16,12,5,NA,64,3,1,2,38,12,18,9,32,26,22,1,NA,17,17,NA,31,4,20,1,15,5,31,27,4,NA,13,NA,NA,10,8,8,22,11,18,16,36,35,22,57,11,27,30,1,6
PLFEKH_06060,5,3,8,2,4,3,1,3,4,5,1,3,3,9,2,NA,22,NA,3,1,4,6,3,12,10,11,8,1,3,7,5,NA,14,1,3,3,5,9,5,7,3,5,11,1,1,6,2,1,11,4,10,4,7,9,3,16,8,4,4,3,9
PLFEKH_06065,1,1,1,2,1,NA,1,2,4,2,2,NA,4,2,4,1,11,1,NA,NA,4,NA,1,10,9,2,10,NA,1,4,2,NA,2,NA,5,NA,NA,3,1,4,1,1,2,NA,NA,2,1,NA,NA,2,2,1,7,5,3,6,3,1,1,1,1
PLFEKH_06070,8,2,2,7,2,1,2,1,2,1,1,NA,2,1,2,1,18,1,NA,4,8,3,2,3,16,4,10,1,2,16,2,NA,10,1,6,2,2,3,7,10,2,1,8,1,NA,3,7,1,6,4,2,5,15,10,3,12,8,4,5,1,3
PLFEKH_06075,1,1,NA,NA,NA,NA,NA,NA,1,NA,1,NA,NA,NA,NA,NA,1,NA,NA,NA,2,NA,NA,1,NA,NA,1,NA,NA,5,2,NA,1,NA,1,NA,1,NA,NA,3,NA,NA,NA,NA,NA,NA,2,1,2,NA,NA,NA,1,3,3,NA,1,2,1,NA,NA
PLFEKH_06080,7,10,1,3,2,1,NA,NA,6,4,NA,1,6,1,3,NA,16,1,NA,2,8,2,7,4,12,4,8,NA,NA,5,6,NA,7,2,4,2,3,6,7,13,2,NA,7,NA,NA,4,5,3,7,4,9,8,8,12,5,21,2,10,10,NA,2
PLFEKH_06085,2,8,NA,1,3,5,NA,NA,4,12,1,1,2,NA,NA,NA,24,4,NA,1,10,3,6,2,6,4,3,NA,NA,3,11,NA,8,6,6,NA,NA,1,13,23,1,NA,5,NA,NA,13,3,3,5,13,4,1,13,11,6,15,3,17,11,NA,NA
PLFEKH_06160,9,8,2,8,1,1,1,5,5,5,2,2,12,3,7,NA,14,1,1,1,3,2,2,4,8,4,7,NA,NA,9,6,NA,9,NA,4,1,3,2,2,2,1,3,3,NA,NA,4,6,3,9,1,8,5,13,5,NA,2,1,3,11,NA,4
PLFEKH_06170,4,2,2,2,1,2,1,NA,3,2,NA,NA,4,2,1,1,3,1,1,3,4,2,6,2,3,2,2,NA,1,5,6,1,3,1,2,NA,1,6,2,5,1,4,3,NA,NA,3,2,1,3,4,6,1,1,9,2,5,1,3,7,1,2
PLFEKH_06175,2,9,NA,NA,3,NA,NA,NA,NA,5,NA,NA,2,1,1,NA,11,1,NA,2,3,1,2,1,5,7,4,NA,NA,3,11,NA,2,2,10,NA,1,NA,8,6,NA,NA,3,NA,NA,7,2,1,1,5,2,2,4,7,5,9,1,12,8,NA,NA
PLFEKH_06180,4,NA,1,2,NA,NA,NA,1,4,1,1,1,2,NA,2,NA,9,NA,NA,NA,6,5,NA,1,5,4,3,NA,NA,3,1,NA,4,1,5,NA,4,4,2,2,NA,NA,4,NA,NA,2,3,NA,5,2,3,1,4,4,2,10,4,5,1,NA,2
PLFEKH_06190,1,NA,2,1,2,1,NA,NA,1,NA,1,1,1,NA,1,NA,5,NA,NA,1,NA,NA,1,NA,4,5,NA,NA,NA,2,1,NA,NA,1,3,NA,NA,1,2,3,NA,NA,5,NA,NA,4,NA,2,2,NA,3,NA,1,5,1,3,NA,5,6,1,NA
PLFEKH_06195,3,3,2,1,6,5,NA,1,5,4,1,2,1,1,3,NA,20,1,NA,NA,6,1,7,1,8,17,5,NA,NA,5,23,NA,10,3,8,NA,1,2,9,15,1,NA,5,NA,NA,7,4,2,2,3,4,7,9,6,9,19,7,10,10,NA,1
PLFEKH_06200,1,NA,NA,NA,2,2,NA,NA,NA,1,1,NA,1,1,1,NA,2,NA,NA,NA,1,NA,1,NA,1,1,NA,NA,NA,4,2,NA,NA,1,2,NA,NA,NA,NA,4,1,NA,1,NA,NA,NA,1,NA,2,3,NA,NA,2,1,2,6,NA,2,1,NA,1
PLFEKH_06205,2,1,NA,NA,NA,NA,NA,NA,NA,NA,NA,NA,NA,NA,NA,NA,3,NA,NA,NA,NA,NA,NA,1,NA,NA,NA,NA,NA,NA,1,NA,NA,NA,NA,NA,1,NA,NA,3,NA,NA,1,NA,NA,NA,2,NA,3,NA,NA,NA,NA,1,4,4,NA,1,3,NA,1
PLFEKH_06210,4,1,2,2,1,NA,NA,NA,1,NA,NA,NA,2,1,2,NA,6,NA,NA,NA,1,3,1,1,6,4,4,NA,1,1,2,NA,4,1,4,NA,1,NA,2,4,2,NA,2,NA,NA,1,NA,NA,3,NA,1,NA,7,5,3,7,3,NA,NA,NA,NA
PLFEKH_06215,5,7,4,1,6,4,1,4,6,2,1,1,1,2,4,1,34,2,NA,2,9,5,4,8,20,13,11,1,1,13,12,NA,11,3,12,NA,5,1,5,16,1,4,9,NA,NA,11,4,4,19,10,12,5,30,22,14,22,5,9,14,NA,4
PLFEKH_06220,1,NA,1,NA,NA,NA,1,NA,NA,NA,NA,3,1,NA,NA,NA,2,NA,NA,NA,NA,NA,1,NA,2,1,1,NA,NA,NA,1,NA,1,NA,NA,NA,NA,NA,NA,1,NA,NA,3,NA,NA,1,NA,NA,NA,NA,1,NA,1,NA,4,4,2,1,NA,NA,NA
PLFEKH_06230,6,5,NA,2,1,1,1,5,4,4,1,3,7,NA,2,NA,23,NA,NA,1,9,2,4,4,6,8,6,NA,1,3,7,NA,6,2,7,NA,2,1,10,12,3,3,5,NA,NA,6,2,1,7,1,6,5,22,18,6,12,2,8,9,2,3
PLFEKH_06235,7,1,6,1,NA,NA,1,2,NA,NA,2,NA,1,5,1,NA,3,3,NA,1,2,1,2,2,7,2,1,NA,NA,12,2,1,4,NA,7,1,1,3,NA,8,2,2,2,NA,NA,2,2,1,2,1,2,3,1,7,NA,15,4,4,4,1,1
PLFEKH_06250,8,2,4,2,2,1,1,1,1,NA,NA,1,4,4,NA,1,8,2,1,2,7,2,3,1,2,3,6,1,NA,4,1,1,3,1,2,NA,3,3,4,5,1,NA,1,NA,NA,4,1,3,7,1,5,7,5,11,2,13,3,6,3,3,NA
PLFEKH_06255,16,20,20,21,6,7,6,13,20,17,1,NA,29,12,14,2,76,10,7,9,34,9,7,30,54,36,24,NA,4,25,15,2,19,9,19,6,26,32,25,58,7,19,19,NA,1,23,20,4,32,18,22,19,41,74,13,52,25,34,29,5,12
PLFEKH_06260,12,3,9,10,3,3,5,9,10,2,NA,3,24,5,10,2,25,4,10,4,24,6,1,11,10,11,21,5,3,12,12,1,14,4,6,3,6,13,7,16,1,3,9,1,1,10,3,3,11,8,8,11,19,23,6,24,2,14,16,3,7
PLFEKH_06265,1,2,NA,NA,2,2,NA,NA,1,1,NA,NA,NA,NA,NA,NA,7,NA,NA,NA,3,NA,3,NA,1,1,1,NA,NA,NA,1,NA,1,1,3,NA,NA,1,NA,1,NA,NA,1,NA,NA,2,1,NA,1,3,NA,2,1,4,1,4,NA,5,2,1,NA
PLFEKH_06270,3,5,NA,2,1,4,2,3,3,2,5,3,3,3,2,NA,14,NA,NA,NA,9,NA,4,1,8,9,5,NA,1,6,12,NA,9,4,4,NA,5,2,12,13,2,NA,2,NA,NA,5,4,NA,9,1,2,3,8,8,10,10,5,4,10,1,1
PLFEKH_06275,4,2,2,3,2,1,1,1,3,NA,NA,1,6,1,1,NA,12,3,NA,8,5,1,1,5,10,3,4,NA,1,2,3,NA,5,1,6,4,4,5,2,11,2,3,2,NA,NA,5,1,2,5,7,6,7,8,10,2,6,1,5,3,1,2
PLFEKH_06280,1,7,1,3,3,1,NA,5,4,1,3,NA,NA,NA,4,NA,17,1,NA,NA,7,3,NA,2,6,7,8,NA,NA,8,15,NA,5,1,1,1,3,3,9,13,2,NA,3,NA,NA,10,6,3,6,3,4,2,8,13,9,13,5,6,12,1,2
PLFEKH_06290,6,6,4,3,5,2,1,1,4,7,2,3,5,5,4,1,19,2,NA,NA,7,2,3,3,11,15,10,NA,NA,2,4,1,7,3,6,3,1,5,8,10,3,NA,2,NA,NA,6,3,4,13,7,6,4,6,10,7,14,11,12,11,NA,3
PLFEKH_06300,1,6,3,2,7,4,NA,2,6,2,NA,NA,8,4,2,NA,19,2,NA,NA,4,3,2,5,10,4,6,NA,NA,8,4,NA,5,5,6,1,4,8,8,8,1,2,6,NA,NA,13,12,1,10,3,3,6,14,13,9,9,2,15,13,NA,NA
PLFEKH_06305,8,5,2,2,3,3,1,1,4,4,NA,NA,3,2,5,NA,18,1,1,1,10,1,4,3,7,13,6,NA,NA,16,8,NA,12,2,5,NA,4,1,7,12,5,2,NA,NA,NA,6,NA,7,13,2,2,1,9,14,12,25,6,10,8,1,3
PLFEKH_06315,2,2,1,2,1,1,1,1,1,1,NA,1,1,NA,1,NA,3,NA,1,NA,2,3,NA,4,10,1,4,NA,2,6,1,NA,5,NA,2,NA,NA,3,1,6,NA,2,2,NA,NA,2,1,1,3,NA,4,NA,6,5,1,9,NA,3,NA,NA,2
PLFEKH_06320,4,4,NA,NA,5,5,NA,NA,1,4,4,1,NA,NA,1,NA,23,NA,NA,NA,6,NA,7,2,10,18,8,NA,NA,5,15,NA,10,4,5,NA,1,NA,6,18,NA,NA,3,NA,NA,14,NA,2,8,7,2,3,7,1,6,28,3,15,10,NA,NA
PLFEKH_06325,7,13,NA,1,6,6,1,NA,4,3,1,4,5,1,4,NA,26,1,NA,2,14,NA,8,NA,9,12,8,NA,NA,7,11,NA,14,2,8,NA,1,1,8,17,5,NA,6,NA,NA,13,5,9,8,3,3,9,5,10,14,29,7,10,13,1,NA
PLFEKH_06350,6,1,NA,1,NA,1,NA,NA,7,1,NA,1,5,NA,NA,NA,5,NA,NA,NA,1,NA,NA,NA,1,1,2,NA,1,8,NA,NA,4,NA,2,NA,NA,2,NA,1,1,NA,NA,NA,NA,NA,NA,NA,2,NA,2,NA,5,3,NA,NA,1,1,3,NA,2
PLFEKH_06355,10,4,8,7,3,3,NA,2,3,3,3,NA,7,5,3,1,28,1,1,3,8,8,6,7,15,11,7,2,3,14,4,3,13,2,8,4,1,10,5,12,4,4,6,NA,NA,4,6,4,5,4,12,6,7,8,8,27,5,8,7,2,4
PLFEKH_06360,13,11,9,2,4,7,4,2,18,10,1,1,4,4,6,1,33,2,5,4,11,6,6,4,13,18,22,1,4,23,20,1,12,4,8,1,2,18,17,21,9,3,4,NA,NA,9,7,2,15,1,11,2,9,25,14,27,7,4,10,NA,3
PLFEKH_06365,4,1,2,2,1,1,NA,1,4,1,NA,NA,1,NA,2,NA,8,1,2,1,4,4,5,1,2,4,2,NA,1,7,2,NA,3,NA,4,1,1,1,1,3,NA,1,3,NA,NA,1,4,1,5,2,4,2,4,6,5,4,2,5,1,1,1
PLFEKH_06375,NA,1,NA,NA,1,NA,NA,1,1,2,NA,1,1,NA,NA,NA,13,NA,NA,3,5,NA,NA,NA,3,3,NA,NA,NA,3,10,NA,5,1,2,NA,1,1,3,8,1,NA,2,NA,NA,6,2,2,1,1,NA,2,5,1,3,8,2,7,3,1,NA
PLFEKH_06385,3,2,2,9,1,NA,NA,2,2,3,2,1,4,1,6,1,7,NA,NA,2,4,3,1,NA,8,7,5,1,2,4,3,NA,4,NA,2,1,2,2,2,3,2,NA,1,1,NA,1,2,NA,4,1,NA,1,7,11,4,8,4,3,5,1,3
PLFEKH_06395,5,6,6,3,2,2,1,4,8,4,NA,NA,4,1,7,1,23,1,NA,1,8,2,5,12,17,10,8,4,NA,9,5,NA,11,1,7,3,2,13,12,9,1,4,4,NA,NA,3,3,NA,6,6,12,4,18,16,2,14,NA,5,7,3,3
PLFEKH_06400,3,12,1,5,2,3,NA,4,6,2,NA,NA,8,2,2,2,18,1,NA,1,3,1,NA,2,5,NA,4,NA,1,12,6,NA,12,NA,4,NA,1,3,4,5,1,NA,1,NA,NA,2,3,1,16,1,8,3,7,2,2,4,3,3,6,2,3
PLFEKH_06465,3,3,1,1,1,2,NA,NA,NA,1,NA,2,1,1,2,NA,4,NA,1,NA,NA,2,1,1,1,1,2,NA,NA,2,3,NA,2,NA,2,NA,1,NA,2,7,1,NA,2,NA,NA,1,1,NA,2,1,NA,NA,2,7,2,4,3,1,5,NA,NA
PLFEKH_06470,NA,3,3,2,2,2,2,NA,NA,NA,1,NA,2,3,1,1,4,1,NA,2,4,4,1,2,3,2,2,NA,NA,5,1,NA,4,1,NA,2,3,4,1,2,1,NA,1,NA,NA,1,2,NA,2,2,3,6,4,2,3,5,2,2,NA,NA,NA
PLFEKH_06475,3,3,3,1,NA,2,1,1,2,2,1,3,1,1,1,1,17,1,1,3,5,6,1,3,5,6,4,NA,NA,7,6,NA,7,3,2,2,7,7,5,8,1,NA,3,NA,NA,5,3,3,6,6,5,6,6,8,4,7,3,4,5,1,4
PLFEKH_06480,NA,3,2,2,4,4,1,1,5,2,NA,NA,5,NA,NA,1,16,NA,NA,4,10,2,NA,6,14,10,2,NA,NA,2,4,NA,7,4,11,1,3,3,8,8,3,2,7,NA,NA,9,2,4,7,5,6,5,10,11,10,5,2,11,7,1,1
PLFEKH_06490,2,5,NA,NA,2,1,NA,NA,NA,4,2,1,2,1,1,NA,17,NA,NA,NA,5,NA,1,1,1,4,1,NA,NA,2,2,NA,7,1,3,NA,NA,NA,6,13,2,NA,3,NA,NA,1,3,NA,4,2,1,NA,2,7,5,8,7,3,2,1,NA
PLFEKH_06495,2,5,3,NA,2,1,1,1,4,2,1,2,3,1,2,NA,6,NA,NA,1,4,5,NA,10,13,4,2,1,1,2,4,NA,8,1,4,NA,3,1,2,5,2,2,1,NA,NA,6,2,2,3,NA,3,2,7,8,6,8,2,3,6,2,5
PLFEKH_06500,18,5,21,11,4,NA,1,8,4,2,2,6,15,8,5,2,17,6,3,7,9,8,4,15,10,13,8,1,5,8,1,1,7,3,4,2,8,4,7,8,3,4,5,NA,NA,2,3,7,6,9,9,10,24,10,6,15,4,10,8,6,3
PLFEKH_06525,9,4,3,1,1,2,NA,1,2,2,1,NA,6,3,2,1,11,2,1,1,5,9,1,2,8,5,6,1,NA,10,4,NA,7,NA,7,1,4,10,6,8,NA,4,NA,NA,NA,3,5,2,13,2,6,6,6,7,4,12,4,6,6,3,6
PLFEKH_06530,NA,NA,2,1,1,NA,NA,NA,NA,NA,NA,1,2,NA,1,NA,1,1,NA,1,NA,NA,NA,NA,NA,3,1,NA,NA,1,2,NA,2,1,4,1,NA,1,1,3,NA,NA,NA,NA,NA,NA,NA,NA,NA,NA,1,1,4,1,1,3,NA,1,NA,NA,NA
PLFEKH_06545,NA,1,1,2,1,NA,NA,1,1,1,NA,NA,2,1,NA,NA,3,NA,NA,2,1,NA,NA,1,3,1,3,NA,NA,1,NA,NA,4,1,2,NA,NA,1,2,NA,NA,1,NA,NA,NA,1,NA,NA,1,NA,NA,NA,1,NA,NA,5,NA,NA,1,1,NA
PLFEKH_06555,2,2,1,NA,NA,NA,NA,1,2,2,NA,1,1,NA,1,1,8,NA,NA,NA,2,NA,1,NA,2,NA,2,NA,NA,5,2,NA,2,1,1,NA,1,2,3,3,2,1,NA,NA,NA,2,1,NA,4,2,2,NA,1,3,2,13,5,2,3,NA,2
PLFEKH_06560,4,1,8,8,1,NA,2,5,2,NA,2,NA,6,1,2,NA,12,1,NA,4,7,1,NA,1,7,7,9,NA,3,8,2,NA,5,1,8,1,2,3,6,7,4,2,5,NA,NA,3,2,2,5,NA,3,3,8,11,2,7,6,3,5,3,4
PLFEKH_06565,12,6,1,1,1,1,1,6,11,7,1,2,11,4,3,NA,20,2,1,2,11,6,14,7,12,5,5,1,2,14,8,1,11,NA,15,NA,5,7,8,17,11,1,4,NA,1,8,3,NA,5,4,9,6,11,15,8,23,10,11,11,2,4
PLFEKH_06570,5,4,3,1,4,NA,1,2,6,2,2,2,4,NA,2,NA,9,NA,2,2,3,1,3,5,8,4,4,1,1,6,7,1,3,1,5,1,1,5,2,9,2,1,2,NA,NA,3,2,2,4,2,3,2,3,5,4,17,3,4,6,NA,NA
PLFEKH_06575,11,9,4,6,3,5,1,4,6,7,3,3,1,1,4,NA,32,1,NA,4,26,3,6,1,16,13,10,NA,1,20,24,NA,24,5,9,1,4,5,16,27,8,3,5,NA,1,14,7,4,20,6,10,11,28,19,14,33,10,12,19,NA,1
PLFEKH_06590,4,1,NA,NA,NA,1,NA,2,NA,NA,NA,1,2,NA,NA,NA,4,NA,1,NA,4,NA,1,NA,6,NA,1,NA,NA,1,6,NA,7,NA,5,NA,1,NA,2,8,2,NA,3,NA,NA,1,2,1,1,NA,3,1,NA,1,3,9,NA,2,6,1,NA
PLFEKH_06595,4,NA,1,1,2,NA,NA,2,1,1,NA,2,3,4,1,NA,13,NA,1,NA,9,2,2,1,10,1,6,NA,NA,4,2,NA,4,1,5,NA,1,1,2,4,1,NA,5,NA,NA,3,1,2,3,NA,2,NA,9,7,4,10,NA,NA,2,NA,2
PLFEKH_06600,6,3,1,1,2,3,NA,2,1,2,3,1,2,3,5,1,7,1,1,2,9,1,2,2,8,6,3,1,1,4,6,1,8,NA,3,1,4,3,1,5,NA,1,3,NA,NA,1,5,NA,8,1,11,3,15,7,2,9,2,1,8,4,2
PLFEKH_06620,4,3,2,1,2,1,NA,1,NA,3,1,NA,4,NA,3,NA,9,1,NA,1,5,6,1,4,4,3,3,NA,1,8,5,NA,1,1,2,NA,1,1,2,4,1,1,2,NA,NA,1,2,2,10,NA,3,1,7,7,5,5,5,4,8,2,1
PLFEKH_06635,3,12,3,2,2,4,NA,1,1,2,1,1,3,2,6,1,19,1,1,1,6,NA,1,NA,4,2,3,NA,NA,9,13,NA,26,NA,4,NA,2,1,7,8,1,NA,1,NA,NA,4,2,2,7,2,9,3,12,2,2,7,1,6,18,1,3
PLFEKH_06645,6,5,3,2,1,NA,1,2,2,5,1,3,2,1,6,NA,13,NA,NA,NA,8,1,4,2,11,7,6,NA,1,9,14,NA,10,1,11,NA,3,3,18,7,4,2,8,NA,NA,1,3,1,12,3,8,2,12,5,15,18,3,1,15,NA,7
PLFEKH_06650,1,2,1,1,3,1,2,2,1,2,3,NA,2,NA,2,NA,13,NA,NA,1,8,1,2,NA,6,6,5,NA,NA,4,5,NA,3,2,6,1,1,2,1,8,1,NA,2,NA,NA,7,2,NA,5,1,6,3,4,6,2,14,4,4,5,NA,1
PLFEKH_06655,1,2,1,NA,3,NA,3,3,5,1,2,NA,1,1,1,NA,5,NA,NA,1,8,1,1,NA,3,2,NA,NA,NA,3,1,NA,4,1,6,NA,1,2,2,1,NA,NA,1,NA,NA,1,1,NA,4,1,4,4,7,3,1,6,NA,5,2,NA,1
PLFEKH_06660,2,NA,1,2,1,NA,1,NA,NA,NA,2,NA,2,NA,1,NA,3,NA,2,2,1,NA,1,1,3,4,1,NA,1,NA,3,NA,2,1,1,1,1,1,1,1,2,NA,1,1,NA,2,2,2,1,2,3,2,7,1,5,5,2,2,2,2,1
PLFEKH_06665,11,2,1,3,1,1,NA,4,1,4,1,1,8,2,1,1,11,1,NA,NA,6,9,1,6,15,5,8,NA,2,7,4,1,8,NA,NA,NA,9,3,3,5,2,NA,1,NA,NA,1,4,2,6,1,6,NA,9,8,1,13,2,4,5,3,3
PLFEKH_06670,10,7,1,NA,NA,1,1,NA,5,5,1,2,6,1,1,NA,8,NA,1,2,5,4,2,1,2,2,8,NA,NA,4,NA,NA,6,NA,6,NA,NA,3,2,4,NA,1,1,NA,NA,3,3,1,1,3,5,NA,4,3,3,5,4,4,6,NA,2
PLFEKH_06675,8,NA,2,2,3,1,1,6,NA,2,NA,NA,NA,NA,2,1,10,NA,NA,1,4,5,1,3,1,5,5,NA,NA,7,4,NA,2,1,5,1,3,1,4,12,3,1,2,NA,NA,4,2,NA,9,NA,4,1,4,9,1,9,NA,2,5,1,NA
PLFEKH_06685,4,1,1,3,NA,1,NA,NA,2,NA,NA,NA,5,1,1,NA,9,NA,1,NA,2,NA,1,1,NA,NA,NA,NA,2,2,NA,NA,NA,NA,NA,NA,NA,2,1,NA,NA,NA,1,NA,NA,2,NA,1,4,1,NA,NA,3,3,NA,1,NA,3,NA,NA,1
PLFEKH_06690,4,1,NA,NA,NA,1,NA,NA,1,2,1,1,1,2,NA,NA,3,2,NA,1,1,1,NA,4,1,1,4,NA,NA,5,2,NA,3,NA,2,2,1,2,3,4,NA,1,5,NA,NA,1,1,NA,6,1,NA,1,3,7,3,6,NA,2,4,NA,2
PLFEKH_06695,4,4,NA,1,3,NA,NA,NA,1,4,NA,2,3,3,1,NA,10,NA,NA,NA,4,2,7,1,5,7,4,NA,NA,4,4,NA,6,NA,3,NA,1,NA,5,7,NA,NA,6,NA,NA,7,1,NA,6,NA,3,NA,6,9,7,11,7,6,12,NA,2
PLFEKH_06710,1,1,1,NA,1,2,NA,1,2,1,4,2,NA,NA,3,NA,7,NA,NA,NA,1,1,2,1,4,2,2,NA,1,10,1,NA,5,NA,4,1,2,3,3,10,NA,NA,2,NA,NA,3,3,NA,7,1,7,NA,4,7,NA,9,2,3,6,1,2
PLFEKH_06725,2,6,1,NA,1,1,2,2,3,2,NA,NA,7,NA,1,NA,11,NA,NA,NA,8,1,1,1,9,3,3,NA,NA,3,3,NA,3,1,6,NA,2,3,10,20,2,NA,3,NA,NA,2,1,1,4,NA,3,1,5,4,6,9,1,2,5,NA,NA
PLFEKH_06730,11,NA,2,NA,1,NA,NA,3,2,2,NA,NA,5,NA,2,NA,11,NA,1,1,5,NA,NA,NA,2,NA,4,NA,NA,3,4,NA,4,NA,4,NA,5,NA,2,3,1,1,1,NA,NA,1,NA,NA,8,NA,4,2,13,4,NA,6,2,3,3,NA,NA
PLFEKH_06735,6,3,4,1,NA,1,NA,3,1,2,1,NA,6,NA,NA,NA,14,NA,NA,NA,6,1,1,1,5,NA,4,NA,NA,9,2,NA,9,NA,2,NA,4,1,5,NA,NA,1,NA,NA,NA,2,1,NA,9,NA,4,NA,3,1,2,2,2,1,8,1,NA
PLFEKH_06740,3,3,2,1,NA,1,NA,1,3,2,NA,NA,5,2,2,NA,13,NA,NA,NA,9,7,1,3,14,6,6,NA,1,2,3,NA,5,NA,7,NA,3,3,2,7,NA,NA,4,NA,NA,2,NA,5,10,2,2,NA,8,6,2,8,2,2,8,1,3
PLFEKH_06760,1,NA,NA,NA,NA,NA,1,2,1,NA,NA,NA,NA,NA,NA,NA,2,NA,1,NA,NA,NA,NA,NA,NA,NA,1,NA,NA,3,NA,NA,NA,NA,1,NA,NA,NA,NA,NA,4,NA,1,NA,NA,1,NA,NA,1,NA,1,NA,1,1,NA,1,NA,1,1,NA,1
PLFEKH_06765,3,1,2,5,NA,2,1,1,6,1,1,1,3,4,1,1,6,2,2,NA,2,4,NA,2,5,2,5,1,NA,8,3,NA,4,2,5,NA,2,4,NA,8,1,3,6,NA,NA,NA,4,2,6,2,5,2,2,5,7,6,4,3,3,3,NA
PLFEKH_06770,1,4,NA,NA,2,1,NA,NA,NA,NA,NA,NA,NA,NA,NA,NA,5,NA,NA,1,2,NA,2,NA,1,1,NA,NA,NA,4,6,NA,2,2,4,NA,NA,NA,2,7,2,NA,1,NA,NA,5,2,1,1,2,1,NA,1,3,3,10,1,3,3,NA,NA
PLFEKH_06775,4,10,3,3,9,3,4,NA,2,7,2,1,2,5,3,NA,36,1,1,4,7,4,4,3,14,16,11,NA,NA,16,23,1,16,5,7,4,7,6,10,19,8,1,2,NA,NA,14,3,4,8,26,10,10,7,16,16,38,15,17,13,NA,2
PLFEKH_06785,3,1,1,1,5,NA,1,1,1,3,NA,NA,2,2,1,1,13,2,NA,5,3,1,NA,4,3,2,5,NA,NA,14,4,NA,5,1,12,NA,1,5,4,13,4,1,5,NA,NA,8,5,1,3,5,5,6,2,7,1,19,4,12,8,1,1
PLFEKH_06790,7,6,4,2,NA,NA,NA,NA,4,2,NA,NA,9,2,2,1,9,1,2,1,7,NA,1,4,2,NA,5,1,NA,6,8,NA,8,1,3,2,2,2,2,6,NA,1,1,NA,NA,2,3,2,4,5,4,2,1,5,1,3,1,3,2,NA,1
PLFEKH_06800,13,11,3,1,4,2,2,5,4,NA,5,3,4,9,3,NA,29,6,NA,2,14,4,5,4,13,19,11,3,1,14,7,NA,6,3,11,1,8,5,12,21,6,3,6,NA,NA,14,12,5,19,6,5,7,27,17,9,36,13,9,16,1,4
PLFEKH_06805,NA,NA,NA,NA,NA,NA,NA,NA,NA,NA,NA,NA,NA,NA,NA,NA,NA,NA,NA,NA,NA,NA,NA,1,NA,NA,NA,NA,NA,NA,1,NA,NA,NA,NA,NA,NA,NA,NA,NA,NA,NA,NA,NA,NA,NA,NA,NA,NA,NA,NA,NA,NA,NA,NA,NA,NA,NA,NA,NA,NA
PLFEKH_06810,6,5,NA,6,2,4,3,3,1,1,3,3,9,4,2,NA,13,NA,1,1,3,3,1,2,4,1,1,2,1,12,8,NA,10,2,2,1,1,5,3,7,2,1,4,NA,NA,8,6,3,10,1,3,6,8,1,3,2,1,10,5,1,2
PLFEKH_06830,4,4,1,NA,NA,NA,NA,1,2,NA,NA,NA,5,NA,NA,NA,1,NA,NA,NA,2,NA,1,NA,NA,NA,NA,NA,NA,2,NA,NA,9,NA,NA,NA,NA,NA,2,2,NA,1,NA,NA,NA,NA,1,NA,1,NA,1,NA,1,1,NA,2,NA,1,NA,NA,NA
PLFEKH_06860,4,6,1,NA,5,2,NA,NA,8,5,1,4,7,1,NA,NA,23,NA,NA,1,13,6,9,1,15,14,7,NA,NA,6,9,NA,11,3,8,NA,2,2,11,16,4,1,4,NA,NA,10,3,2,5,9,5,2,12,18,8,18,11,10,7,NA,2
PLFEKH_06865,NA,NA,NA,NA,NA,NA,NA,NA,NA,NA,NA,NA,NA,NA,NA,NA,NA,NA,NA,NA,NA,NA,NA,NA,NA,NA,NA,NA,NA,1,NA,NA,1,NA,NA,NA,NA,NA,NA,NA,NA,NA,NA,NA,NA,1,1,NA,NA,NA,NA,NA,NA,NA,NA,NA,NA,NA,NA,NA,NA
PLFEKH_06870,1,NA,NA,1,1,1,NA,NA,1,NA,NA,NA,NA,1,NA,NA,2,NA,NA,1,1,NA,NA,1,3,2,NA,NA,NA,1,NA,NA,1,NA,NA,2,1,1,NA,2,NA,NA,NA,NA,NA,2,NA,NA,1,1,1,NA,2,1,NA,7,1,1,NA,1,NA
PLFEKH_06885,24,6,6,12,NA,2,4,1,14,5,1,2,12,8,7,4,24,1,3,NA,5,7,2,10,13,7,4,3,4,21,8,2,13,1,9,2,3,6,8,10,8,6,5,1,1,5,4,NA,11,3,3,4,10,20,1,11,10,6,4,1,7
PLFEKH_06910,8,5,8,4,NA,1,1,3,3,1,NA,NA,7,1,1,NA,18,1,1,NA,7,4,2,5,7,5,NA,NA,1,17,6,NA,14,2,4,2,5,1,3,9,1,4,1,NA,NA,7,3,1,11,6,5,3,14,6,2,2,3,8,2,2,6
PLFEKH_06915,NA,NA,NA,NA,NA,NA,NA,NA,3,1,NA,NA,5,NA,NA,NA,NA,NA,NA,NA,NA,1,NA,NA,NA,6,NA,NA,NA,NA,NA,NA,NA,NA,NA,NA,NA,2,1,1,1,NA,NA,NA,NA,NA,NA,NA,NA,NA,NA,NA,NA,2,NA,NA,NA,NA,3,NA,NA
PLFEKH_06920,9,4,10,6,1,NA,1,2,NA,NA,2,1,6,5,4,4,10,1,4,3,8,6,2,1,5,2,2,1,NA,9,11,3,15,1,7,2,1,5,1,3,1,1,4,NA,NA,7,6,4,7,6,8,9,8,6,NA,3,3,5,7,4,3
PLFEKH_06925,9,4,NA,3,1,NA,1,2,3,1,1,4,3,2,4,NA,8,1,NA,2,5,8,1,NA,1,3,5,NA,NA,13,4,1,5,NA,5,NA,NA,4,3,7,4,1,3,NA,NA,4,5,2,5,3,5,2,6,7,3,13,4,7,6,1,2
PLFEKH_06970,6,5,1,1,NA,NA,4,3,5,8,2,2,5,NA,1,NA,14,NA,NA,2,10,3,1,2,8,3,9,NA,NA,10,5,NA,10,NA,NA,NA,3,1,4,12,3,1,1,NA,NA,NA,9,1,11,1,5,1,10,6,5,11,3,4,10,NA,3
PLFEKH_06980,5,5,NA,1,4,1,1,1,5,2,NA,NA,5,1,2,NA,8,NA,2,2,3,3,NA,3,5,7,8,NA,NA,2,4,NA,16,NA,6,1,1,8,5,9,3,1,2,2,NA,1,2,5,1,2,6,4,5,6,1,10,2,2,10,2,1
PLFEKH_06985,3,NA,NA,1,NA,NA,NA,NA,1,NA,1,NA,NA,1,NA,NA,NA,NA,NA,NA,1,NA,NA,NA,NA,NA,1,NA,NA,1,NA,1,3,NA,NA,NA,1,1,NA,NA,NA,NA,NA,NA,NA,NA,NA,NA,2,1,1,NA,NA,NA,NA,1,NA,1,2,NA,1
PLFEKH_07045,12,5,3,3,3,4,4,NA,8,2,3,NA,3,8,NA,NA,16,3,NA,1,4,7,4,9,7,5,6,NA,2,9,2,1,9,1,4,NA,1,3,3,13,NA,1,5,NA,NA,7,9,1,4,6,4,7,6,12,5,15,4,8,10,3,6
PLFEKH_07050,1,2,NA,NA,NA,1,NA,NA,NA,1,NA,NA,3,NA,NA,NA,6,NA,NA,NA,2,1,NA,NA,NA,NA,NA,NA,NA,2,1,NA,3,NA,NA,NA,1,1,NA,2,NA,NA,2,NA,NA,NA,NA,NA,1,NA,4,3,NA,NA,NA,3,1,5,2,NA,NA
PLFEKH_07055,4,NA,NA,1,NA,NA,NA,NA,2,NA,NA,NA,2,NA,NA,NA,1,NA,NA,NA,3,1,NA,1,NA,NA,NA,NA,NA,1,NA,NA,NA,NA,NA,NA,NA,1,NA,2,NA,NA,NA,NA,NA,NA,NA,NA,NA,NA,NA,NA,1,2,NA,1,NA,NA,NA,NA,NA
PLFEKH_07155,10,3,5,1,1,1,1,1,3,NA,NA,1,8,2,2,3,12,2,2,NA,1,1,1,2,2,NA,3,NA,NA,8,10,1,14,4,6,1,1,3,6,4,3,1,5,NA,NA,NA,5,1,6,1,4,7,6,3,3,8,3,7,7,NA,3
PLFEKH_07160,3,7,1,3,1,3,NA,NA,4,5,NA,NA,4,3,1,NA,4,2,NA,NA,4,2,2,2,5,5,2,1,1,3,1,NA,7,1,3,NA,3,1,4,3,NA,1,2,NA,NA,4,1,NA,4,2,NA,1,4,7,2,7,NA,9,3,NA,2
PLFEKH_07170,6,3,NA,1,3,NA,NA,NA,3,1,NA,NA,10,1,NA,NA,2,1,1,NA,2,NA,1,NA,3,5,2,NA,NA,3,1,NA,3,NA,2,NA,1,2,11,4,NA,1,3,NA,NA,3,NA,NA,1,NA,NA,2,3,5,2,4,NA,8,1,NA,NA
PLFEKH_07180,6,NA,2,3,2,1,2,2,2,4,NA,1,3,3,2,NA,13,1,3,NA,3,5,3,3,9,5,6,NA,1,8,2,NA,13,2,5,2,2,4,6,11,1,3,2,NA,NA,2,3,2,5,3,4,3,8,10,4,14,1,3,4,2,4
PLFEKH_07185,15,4,7,6,4,4,3,2,7,4,4,4,1,4,4,1,16,8,2,2,12,8,3,12,13,14,9,2,3,17,10,3,13,2,7,4,7,8,3,29,4,3,4,2,NA,8,7,6,11,11,5,5,18,13,9,21,9,12,12,6,7
PLFEKH_07190,1,1,4,1,NA,1,NA,1,2,NA,2,1,NA,1,NA,NA,6,2,1,NA,3,NA,1,1,1,NA,NA,1,NA,1,1,NA,1,NA,2,1,2,1,1,NA,NA,1,3,NA,NA,3,1,1,NA,1,2,1,1,3,NA,5,3,2,2,NA,2
PLFEKH_07195,NA,1,NA,NA,NA,NA,NA,NA,NA,NA,NA,NA,NA,NA,NA,NA,1,NA,NA,NA,NA,NA,NA,NA,NA,NA,NA,NA,NA,NA,NA,NA,NA,NA,NA,NA,NA,NA,NA,1,NA,NA,NA,NA,NA,NA,NA,NA,NA,NA,NA,NA,NA,NA,NA,NA,NA,NA,NA,NA,NA
PLFEKH_07210,NA,1,NA,NA,NA,NA,NA,NA,NA,NA,NA,NA,3,NA,NA,NA,3,NA,NA,NA,3,NA,NA,NA,3,NA,NA,1,NA,NA,NA,NA,2,NA,NA,NA,NA,1,1,1,NA,NA,NA,NA,NA,NA,NA,NA,1,NA,NA,NA,NA,NA,1,NA,NA,NA,1,NA,NA
PLFEKH_07215,NA,NA,NA,NA,NA,NA,NA,NA,NA,NA,NA,NA,1,NA,NA,NA,NA,NA,NA,NA,NA,NA,NA,NA,NA,NA,NA,NA,NA,NA,NA,NA,NA,NA,NA,NA,NA,NA,NA,NA,NA,NA,NA,NA,NA,NA,NA,NA,NA,NA,NA,NA,NA,NA,NA,1,NA,NA,NA,NA,NA
PLFEKH_07220,1,NA,NA,NA,NA,NA,NA,NA,NA,NA,NA,NA,1,NA,NA,NA,NA,NA,NA,NA,NA,NA,NA,NA,NA,NA,NA,NA,NA,NA,NA,NA,1,NA,NA,NA,NA,NA,NA,NA,NA,NA,NA,NA,NA,NA,NA,NA,NA,NA,NA,NA,NA,NA,NA,NA,NA,NA,NA,NA,NA
PLFEKH_07225,NA,NA,NA,NA,NA,NA,NA,NA,NA,NA,NA,NA,1,NA,NA,NA,NA,NA,NA,NA,NA,NA,NA,NA,1,NA,NA,NA,NA,NA,NA,NA,NA,NA,NA,NA,NA,NA,NA,NA,NA,NA,NA,NA,NA,NA,NA,NA,NA,NA,NA,NA,NA,NA,NA,NA,NA,NA,NA,NA,NA
PLFEKH_07230,NA,NA,NA,NA,NA,NA,NA,NA,NA,NA,NA,NA,3,NA,NA,NA,NA,NA,NA,NA,NA,NA,NA,NA,NA,NA,NA,NA,NA,NA,NA,NA,1,NA,NA,NA,NA,NA,NA,NA,NA,NA,NA,NA,NA,NA,NA,NA,NA,NA,NA,NA,NA,NA,NA,NA,NA,NA,NA,NA,NA
PLFEKH_07235,5,NA,1,2,NA,NA,NA,NA,3,NA,NA,NA,1,NA,NA,NA,2,NA,NA,NA,2,4,NA,1,4,NA,NA,NA,NA,1,NA,NA,2,NA,NA,NA,1,1,NA,2,1,NA,1,NA,NA,NA,NA,NA,NA,NA,2,NA,1,5,NA,2,1,1,NA,NA,NA
PLFEKH_07240,3,4,NA,NA,2,2,NA,NA,2,3,2,1,2,1,1,NA,9,NA,NA,1,9,2,3,2,2,2,5,NA,NA,8,4,NA,5,NA,2,NA,NA,1,5,4,NA,NA,3,NA,NA,3,4,1,4,1,3,2,5,9,3,13,1,2,6,NA,NA
PLFEKH_07245,5,2,1,2,2,2,NA,1,2,2,1,2,1,1,2,NA,5,NA,NA,NA,3,4,1,3,7,1,6,NA,NA,6,10,NA,8,1,8,1,NA,1,3,12,NA,1,6,NA,NA,3,2,NA,3,NA,3,NA,7,6,8,9,4,2,6,NA,3
PLFEKH_07250,3,4,2,2,NA,3,NA,NA,2,NA,1,1,5,1,1,NA,6,3,1,2,4,4,1,6,8,4,5,1,NA,4,1,1,5,NA,4,2,1,2,1,6,2,2,4,NA,NA,2,2,1,4,1,3,1,3,8,3,3,2,3,4,2,1
PLFEKH_07255,6,2,3,NA,1,1,3,1,1,2,1,2,1,NA,4,NA,7,NA,NA,NA,1,NA,1,2,4,NA,3,NA,1,6,3,NA,8,1,NA,NA,2,2,1,7,NA,1,2,NA,NA,4,3,NA,4,1,5,2,5,2,NA,2,NA,2,5,1,NA
PLFEKH_07260,4,4,NA,1,NA,NA,NA,1,2,1,1,1,3,NA,NA,NA,1,NA,NA,NA,3,1,1,3,3,NA,1,NA,1,4,NA,NA,1,NA,NA,NA,NA,1,NA,2,1,NA,1,NA,NA,2,NA,1,3,NA,3,2,1,4,2,4,2,NA,2,1,NA
PLFEKH_07265,NA,NA,NA,1,NA,NA,NA,NA,NA,NA,NA,NA,NA,NA,NA,NA,1,NA,NA,NA,1,1,NA,NA,2,NA,NA,NA,NA,1,NA,NA,NA,NA,1,NA,NA,NA,NA,1,NA,1,1,NA,NA,1,NA,NA,NA,NA,NA,NA,1,NA,NA,1,NA,1,NA,NA,NA
PLFEKH_07275,4,5,NA,NA,7,6,NA,1,2,6,2,1,1,1,2,NA,16,NA,NA,1,10,NA,5,1,7,5,6,NA,NA,6,13,NA,14,4,8,NA,1,1,7,8,1,NA,4,NA,NA,8,1,2,7,12,4,11,7,5,9,15,4,7,19,NA,NA
PLFEKH_07285,3,NA,7,2,3,1,4,3,5,NA,NA,NA,3,8,1,NA,13,3,1,2,8,3,3,13,13,6,2,NA,2,6,4,NA,6,NA,4,NA,7,7,2,8,NA,1,3,1,1,2,1,NA,3,1,5,3,13,6,1,5,6,2,NA,1,3
PLFEKH_07290,5,3,3,2,2,2,2,1,6,1,2,2,3,3,2,NA,21,NA,1,1,5,7,1,1,3,4,8,1,NA,8,3,1,1,2,2,NA,5,2,3,10,3,NA,2,NA,1,5,4,NA,8,NA,3,5,7,16,4,12,4,4,6,4,5
PLFEKH_07295,5,6,1,NA,1,1,2,2,NA,2,NA,NA,3,1,3,NA,12,NA,NA,NA,10,2,NA,1,11,7,2,NA,1,5,6,NA,4,1,5,1,1,2,6,6,NA,2,5,NA,NA,5,6,5,7,3,4,4,5,10,5,18,2,8,4,1,1
PLFEKH_07300,4,4,1,2,NA,1,NA,1,3,2,NA,1,4,NA,NA,NA,5,3,NA,NA,4,8,3,1,3,5,4,1,3,2,3,1,4,1,6,NA,4,7,2,5,1,1,3,1,1,2,6,6,6,3,4,4,11,4,5,4,3,3,3,NA,3
PLFEKH_07305,4,5,NA,2,NA,NA,NA,2,2,1,NA,NA,1,1,2,NA,4,NA,NA,NA,2,4,1,NA,2,2,1,NA,1,5,1,NA,5,NA,1,NA,2,NA,3,2,NA,2,NA,1,NA,3,2,1,1,1,2,NA,1,2,NA,NA,1,3,3,NA,NA
PLFEKH_07310,3,7,2,2,5,3,NA,1,2,1,NA,2,NA,2,1,NA,20,NA,NA,1,7,2,1,NA,7,9,4,NA,NA,1,7,NA,16,NA,3,1,NA,3,2,10,4,2,3,NA,NA,5,2,NA,6,2,5,5,11,5,4,10,6,6,8,3,NA
PLFEKH_07315,5,3,NA,6,2,2,1,4,5,3,2,1,7,3,1,1,20,1,NA,4,10,7,2,4,5,7,5,NA,1,15,2,NA,5,1,11,NA,4,5,3,11,NA,2,6,NA,NA,5,6,4,10,3,10,13,15,13,7,11,8,10,7,2,6
PLFEKH_07320,1,NA,NA,NA,NA,1,NA,3,3,NA,NA,NA,NA,NA,1,NA,4,3,NA,5,12,NA,NA,1,3,1,1,NA,2,4,NA,NA,2,1,2,NA,4,3,1,9,4,NA,NA,NA,NA,4,3,NA,2,NA,6,5,4,7,NA,7,3,5,2,NA,1
PLFEKH_07325,5,4,NA,3,NA,1,2,1,NA,NA,1,NA,2,NA,1,NA,3,NA,NA,NA,1,NA,NA,NA,2,NA,1,1,1,3,3,1,NA,NA,3,NA,2,1,1,3,NA,1,2,NA,NA,3,1,1,5,2,2,NA,2,1,3,3,1,3,4,NA,2
PLFEKH_07330,8,9,2,2,2,5,NA,3,5,9,1,1,1,2,3,NA,17,NA,NA,NA,12,2,4,NA,12,13,16,NA,NA,14,14,NA,9,3,7,2,3,7,11,11,2,NA,7,NA,NA,6,7,2,8,7,10,2,7,16,11,18,6,5,14,1,1
PLFEKH_07340,3,4,NA,NA,1,2,4,2,2,2,1,1,2,1,NA,NA,7,NA,1,NA,1,1,NA,1,7,5,NA,NA,1,5,3,NA,2,NA,4,NA,2,1,2,15,3,NA,NA,NA,NA,1,NA,1,3,1,4,2,3,11,4,3,3,7,1,1,1
PLFEKH_07345,3,4,2,1,3,2,1,2,2,2,1,1,1,1,1,NA,6,NA,NA,1,3,NA,NA,1,6,3,3,NA,1,6,4,NA,3,NA,1,1,2,1,2,13,3,NA,NA,NA,NA,1,1,2,2,NA,6,1,4,7,5,9,1,3,5,NA,2
PLFEKH_07350,4,4,1,2,1,1,NA,1,1,4,NA,NA,2,NA,1,1,5,NA,NA,1,5,1,NA,1,3,3,NA,NA,1,7,4,1,7,2,5,NA,5,NA,3,4,NA,1,NA,NA,NA,3,3,NA,7,1,2,1,4,3,NA,3,2,5,7,NA,2
PLFEKH_07360,2,2,2,1,1,1,NA,NA,1,NA,NA,NA,1,NA,5,NA,7,2,NA,NA,4,3,2,3,9,2,5,NA,1,4,3,2,7,1,1,1,3,3,2,8,1,NA,2,NA,NA,3,3,2,7,1,1,1,6,3,1,13,2,2,4,NA,3
PLFEKH_07370,4,NA,3,2,1,1,1,2,3,1,NA,3,5,NA,6,NA,12,NA,1,1,7,4,1,7,1,2,5,1,2,9,2,NA,4,1,3,NA,3,4,4,7,NA,1,2,NA,NA,3,3,3,3,1,6,2,2,6,3,8,3,5,5,1,1
PLFEKH_07380,3,1,2,3,2,NA,NA,1,3,3,NA,1,7,1,2,NA,4,1,2,NA,5,6,1,1,5,4,2,1,2,7,1,NA,2,1,1,1,1,3,2,2,2,1,2,NA,NA,3,1,2,NA,2,5,2,1,3,1,4,3,1,3,1,2
PLFEKH_07385,4,NA,5,2,2,NA,NA,NA,3,NA,NA,1,3,1,NA,1,6,NA,1,2,4,2,NA,2,3,2,3,2,NA,5,NA,NA,3,1,1,2,1,2,1,4,NA,2,1,NA,NA,NA,NA,1,3,1,2,3,5,10,NA,8,5,3,1,1,NA
PLFEKH_07390,1,2,2,1,NA,NA,NA,1,1,2,NA,1,1,1,NA,NA,5,1,1,2,3,6,NA,3,3,1,1,NA,2,2,1,1,2,NA,2,NA,1,2,4,3,1,2,1,NA,NA,1,1,1,7,3,1,2,3,3,2,6,1,2,4,NA,1
PLFEKH_07395,2,5,1,2,1,1,NA,1,1,NA,NA,4,2,NA,NA,1,5,NA,3,1,1,NA,2,NA,4,3,2,NA,NA,2,1,NA,1,1,3,1,NA,1,NA,3,NA,NA,NA,NA,NA,1,5,NA,NA,NA,2,2,4,5,2,10,5,3,4,NA,1
PLFEKH_07405,3,12,NA,NA,14,13,NA,NA,2,11,2,4,3,2,3,NA,50,2,1,1,25,NA,6,1,20,22,14,NA,NA,5,29,NA,16,13,16,1,4,4,25,21,2,NA,11,NA,NA,28,5,8,8,16,10,12,13,13,17,36,6,22,10,NA,NA
PLFEKH_07410,4,7,1,NA,11,2,NA,NA,3,9,NA,4,NA,NA,2,NA,30,1,NA,2,6,1,13,1,6,8,5,NA,NA,2,18,NA,8,4,13,NA,1,3,12,17,2,NA,5,NA,NA,11,1,6,3,10,4,8,11,6,10,18,4,18,14,NA,NA
PLFEKH_07415,2,1,3,2,2,NA,NA,NA,1,1,NA,1,4,1,1,NA,2,2,2,1,3,NA,NA,NA,6,1,1,NA,NA,1,2,NA,2,2,NA,NA,1,NA,1,1,1,1,NA,NA,NA,3,NA,1,1,NA,2,3,NA,1,NA,1,1,2,3,2,1
PLFEKH_07420,5,1,NA,2,1,2,NA,NA,4,1,NA,1,3,1,2,NA,1,NA,NA,1,NA,3,NA,1,3,3,4,NA,NA,1,3,NA,5,3,3,NA,1,3,1,2,NA,NA,NA,NA,NA,2,2,NA,1,NA,3,1,1,1,3,6,2,2,2,NA,NA
PLFEKH_07425,3,NA,1,1,2,2,NA,NA,1,NA,1,NA,1,4,NA,NA,5,1,2,2,6,4,1,NA,1,NA,3,1,NA,6,2,NA,2,1,3,NA,2,2,NA,5,1,NA,NA,NA,NA,1,2,1,6,3,4,3,8,4,NA,3,5,2,3,1,2
PLFEKH_07430,17,4,6,13,5,3,3,6,6,2,3,1,5,4,2,1,32,7,1,3,9,2,2,3,5,13,10,2,2,19,9,NA,31,NA,8,3,5,5,7,12,2,8,5,NA,NA,16,11,6,18,9,11,5,18,13,5,15,5,12,13,2,12
PLFEKH_07435,2,3,2,1,NA,NA,1,2,2,4,1,NA,NA,1,1,NA,6,1,NA,NA,3,1,1,2,3,1,1,1,NA,2,4,NA,4,NA,1,NA,2,4,1,8,1,NA,1,NA,NA,1,2,NA,3,3,1,4,4,6,2,8,3,1,1,1,NA
PLFEKH_07440,3,7,1,5,1,6,1,3,6,6,1,3,6,5,2,1,12,5,NA,4,6,3,6,3,11,10,7,NA,NA,14,10,NA,9,NA,3,NA,4,3,8,15,NA,1,3,NA,NA,9,2,2,7,5,4,6,5,12,7,10,6,5,5,NA,5
PLFEKH_07445,3,3,6,4,2,2,3,3,5,5,NA,3,3,7,NA,1,11,3,NA,2,8,3,2,4,3,6,4,1,NA,2,4,NA,8,2,4,1,3,8,2,8,1,4,2,NA,1,4,2,2,5,3,5,6,5,10,1,7,3,4,4,NA,1
PLFEKH_07455,4,4,2,NA,1,3,1,1,3,NA,NA,NA,3,NA,NA,NA,8,NA,1,NA,NA,NA,NA,NA,NA,1,3,NA,NA,3,3,NA,1,NA,1,NA,1,NA,NA,NA,1,NA,1,NA,NA,3,1,1,4,1,3,3,2,NA,3,4,NA,2,4,NA,NA
PLFEKH_07460,3,2,NA,2,1,3,3,2,5,3,2,2,3,1,1,NA,2,1,NA,NA,7,1,NA,1,7,6,1,NA,NA,3,4,NA,9,1,3,NA,NA,NA,3,5,NA,NA,NA,NA,NA,7,NA,1,5,2,3,3,3,4,3,4,2,3,5,1,NA
PLFEKH_07465,6,19,4,1,4,3,NA,2,3,10,NA,4,11,1,5,NA,31,3,NA,1,23,3,9,6,9,16,12,NA,NA,11,15,NA,19,NA,19,1,3,1,13,18,5,3,4,NA,NA,5,4,4,8,3,6,1,17,10,17,18,15,5,16,NA,4
PLFEKH_07470,1,1,NA,NA,NA,NA,NA,NA,1,NA,2,2,NA,NA,NA,NA,4,NA,NA,3,2,1,1,1,4,1,2,NA,NA,1,7,NA,2,NA,NA,1,3,NA,2,3,NA,NA,2,NA,NA,NA,2,NA,4,NA,1,1,4,4,1,1,1,1,NA,NA,2
PLFEKH_07475,3,11,3,NA,NA,4,NA,3,4,2,5,2,7,2,NA,NA,23,1,NA,1,9,1,2,2,6,7,5,1,1,3,10,NA,11,1,7,2,2,3,7,17,1,2,4,NA,NA,3,2,NA,6,3,6,2,11,3,5,21,8,9,10,1,2
PLFEKH_07480,12,17,1,3,3,8,1,4,2,18,5,5,11,3,3,NA,38,1,1,1,22,7,13,9,30,36,13,NA,NA,13,19,NA,20,2,18,2,5,2,27,22,5,NA,15,NA,NA,11,7,6,19,13,13,8,24,24,18,36,4,20,20,2,4
PLFEKH_07485,10,16,2,3,2,3,2,4,2,5,1,1,8,1,2,NA,11,NA,NA,1,9,1,3,2,6,6,NA,NA,NA,7,11,NA,14,NA,6,NA,1,NA,4,5,1,1,2,NA,NA,2,2,1,11,1,6,1,13,2,5,5,1,8,7,NA,3
PLFEKH_07490,1,5,1,NA,NA,1,NA,1,1,4,4,4,1,NA,1,NA,4,NA,NA,NA,7,NA,NA,1,2,1,4,NA,1,2,4,NA,3,NA,4,NA,1,NA,3,4,1,NA,NA,NA,NA,1,1,2,NA,NA,3,3,2,3,3,7,2,3,4,NA,1
PLFEKH_07495,NA,4,NA,1,1,NA,NA,NA,NA,2,NA,NA,2,NA,1,NA,9,1,NA,1,2,NA,1,NA,2,1,1,NA,NA,6,4,NA,5,NA,NA,NA,2,NA,1,2,NA,1,NA,NA,NA,3,1,1,9,2,5,1,4,1,1,6,1,9,1,NA,1
PLFEKH_07500,NA,NA,NA,NA,NA,NA,NA,NA,NA,1,NA,NA,1,NA,2,NA,2,NA,NA,NA,NA,NA,NA,NA,2,NA,NA,NA,NA,1,2,NA,1,NA,1,NA,NA,NA,NA,NA,NA,1,2,NA,NA,NA,NA,NA,1,NA,1,NA,3,NA,1,1,NA,1,1,NA,NA
PLFEKH_07505,7,25,1,5,5,8,1,3,3,10,NA,3,15,4,7,NA,56,1,NA,1,15,3,12,2,9,6,5,NA,NA,13,11,NA,25,4,15,1,3,4,12,10,4,2,5,NA,NA,6,11,4,16,5,10,10,16,4,5,9,4,15,17,1,2
PLFEKH_07510,7,26,NA,5,5,4,1,8,5,6,1,NA,12,3,4,NA,39,NA,NA,3,11,5,5,1,14,6,3,NA,NA,10,18,NA,24,NA,11,NA,4,2,3,10,1,1,4,NA,NA,7,3,3,11,2,9,5,15,3,6,8,4,12,14,1,5
PLFEKH_07515,5,17,1,5,9,3,2,4,4,14,1,NA,7,2,7,NA,40,1,NA,1,11,2,4,2,7,4,4,NA,NA,5,13,NA,15,2,3,NA,5,1,7,6,2,1,9,NA,NA,6,5,4,13,4,8,4,20,4,6,6,3,17,15,NA,2
PLFEKH_07560,NA,NA,NA,NA,NA,NA,NA,NA,1,NA,NA,NA,2,NA,NA,NA,2,1,NA,NA,NA,1,NA,1,2,NA,NA,NA,1,3,1,NA,1,NA,NA,NA,NA,NA,1,2,NA,1,NA,NA,1,NA,NA,NA,3,NA,NA,NA,3,NA,NA,2,NA,2,NA,NA,1
PLFEKH_07565,NA,NA,NA,NA,NA,NA,1,NA,3,2,NA,NA,1,NA,NA,NA,NA,NA,1,NA,NA,NA,1,NA,2,1,NA,NA,2,NA,NA,NA,NA,NA,NA,NA,NA,NA,NA,3,1,1,1,NA,NA,2,1,NA,NA,2,NA,NA,1,1,2,1,NA,NA,NA,NA,NA
PLFEKH_07570,8,5,10,2,2,2,2,2,2,2,3,2,9,5,3,1,11,NA,1,1,10,4,4,8,11,8,4,5,3,1,7,NA,5,1,4,NA,8,6,1,8,1,3,1,NA,NA,3,3,2,6,5,7,8,10,13,8,15,3,3,6,1,1
PLFEKH_07575,4,4,6,NA,2,1,NA,2,4,4,2,2,16,7,4,NA,27,2,3,NA,20,9,4,12,15,6,7,NA,NA,13,5,NA,7,1,9,NA,6,4,6,9,1,2,8,NA,NA,6,3,1,12,1,10,6,14,9,9,17,7,3,9,3,7
PLFEKH_07580,6,1,4,NA,1,1,NA,1,3,2,2,1,3,5,2,NA,5,2,NA,NA,NA,2,NA,5,4,4,6,NA,2,1,NA,NA,3,1,1,1,NA,4,3,2,NA,1,2,NA,NA,2,4,1,1,4,6,NA,6,5,2,6,2,3,2,3,2
PLFEKH_07585,NA,6,NA,NA,NA,5,NA,NA,2,3,2,5,3,NA,NA,NA,16,NA,NA,NA,4,1,1,1,10,5,NA,NA,NA,1,6,NA,10,2,4,NA,2,1,2,10,NA,NA,NA,NA,NA,1,2,2,3,2,2,1,5,8,8,6,1,3,9,NA,NA
PLFEKH_07590,6,NA,2,3,NA,1,NA,NA,1,1,2,1,6,3,2,NA,13,NA,NA,NA,4,1,NA,2,6,3,5,NA,1,5,3,NA,3,NA,2,NA,5,3,2,7,1,NA,2,NA,NA,2,1,2,6,NA,9,1,10,11,4,7,4,NA,5,1,1
PLFEKH_07595,9,2,5,7,1,3,2,3,2,3,2,3,12,4,2,NA,17,1,3,1,11,5,2,7,10,5,3,NA,5,6,2,NA,5,NA,3,1,7,5,3,6,3,2,1,NA,NA,5,3,NA,12,5,6,2,10,3,5,11,8,6,5,1,3
PLFEKH_07600,NA,NA,NA,1,NA,NA,NA,NA,NA,NA,1,NA,NA,1,NA,NA,1,NA,NA,NA,NA,NA,NA,NA,1,1,NA,NA,NA,1,NA,NA,NA,NA,NA,NA,1,2,NA,1,1,NA,NA,NA,NA,NA,NA,NA,1,NA,NA,NA,1,NA,NA,1,NA,NA,NA,NA,NA
PLFEKH_07605,2,NA,1,1,NA,1,1,1,4,NA,1,NA,3,3,2,1,6,NA,NA,NA,NA,1,NA,NA,NA,NA,NA,NA,NA,1,NA,NA,2,1,NA,NA,NA,NA,NA,3,NA,1,1,NA,NA,1,NA,1,1,NA,1,1,NA,NA,NA,1,NA,1,1,1,1
PLFEKH_07610,1,NA,1,1,NA,NA,NA,NA,NA,1,NA,NA,3,NA,1,NA,5,NA,NA,NA,3,NA,1,NA,1,NA,NA,NA,NA,1,NA,NA,2,NA,NA,NA,1,1,1,1,NA,1,NA,NA,NA,NA,2,4,1,1,NA,1,NA,NA,NA,NA,NA,NA,NA,NA,NA
PLFEKH_07615,21,9,7,5,NA,3,2,2,8,7,1,4,26,7,9,3,21,3,3,2,8,6,NA,8,4,3,8,NA,3,20,7,2,9,5,8,3,2,6,5,14,1,1,11,2,NA,5,9,3,7,1,11,12,7,8,3,5,7,5,9,9,6
PLFEKH_07620,4,1,5,2,NA,NA,3,1,3,1,NA,2,9,2,4,NA,5,1,1,1,4,4,3,5,3,3,3,2,2,5,3,NA,2,1,3,1,1,2,2,6,2,NA,3,NA,NA,4,1,NA,6,2,5,5,2,10,2,11,1,5,6,1,NA
PLFEKH_07625,12,7,6,4,2,2,3,3,11,6,4,4,10,3,7,NA,21,1,1,4,10,16,2,5,10,7,20,4,1,27,12,2,7,3,4,3,4,16,10,15,3,2,10,2,NA,5,6,4,8,1,13,2,11,19,2,24,6,11,17,4,3
PLFEKH_07630,9,3,2,3,1,2,2,NA,2,4,1,1,2,3,1,2,9,NA,1,2,3,6,2,2,5,4,8,NA,1,17,6,NA,10,2,7,NA,1,5,2,4,1,2,5,NA,1,NA,4,NA,7,1,6,2,8,6,4,7,3,5,5,3,NA
PLFEKH_07640,4,NA,1,3,NA,1,2,NA,4,NA,NA,4,2,1,NA,NA,4,3,NA,1,NA,3,NA,2,4,3,NA,1,1,5,3,NA,NA,NA,5,3,2,6,1,8,1,3,1,1,NA,3,2,1,NA,4,3,2,2,8,2,1,1,5,1,NA,NA
PLFEKH_07645,NA,NA,NA,NA,NA,NA,NA,NA,2,NA,NA,NA,1,NA,NA,NA,NA,1,NA,NA,NA,NA,NA,NA,NA,NA,1,NA,NA,NA,NA,NA,NA,NA,NA,NA,NA,NA,NA,NA,NA,NA,NA,NA,NA,NA,NA,NA,NA,NA,NA,NA,NA,NA,NA,3,NA,NA,NA,NA,NA
PLFEKH_07650,1,1,1,2,NA,1,NA,NA,3,4,NA,NA,2,NA,2,NA,2,1,NA,1,2,1,NA,NA,1,2,NA,NA,NA,4,NA,NA,2,NA,3,1,NA,2,3,2,NA,1,1,NA,NA,2,NA,NA,1,NA,NA,NA,3,2,3,2,2,5,4,1,3
PLFEKH_07655,8,7,4,3,2,NA,2,1,2,NA,2,2,4,3,4,1,16,2,1,2,10,3,2,5,9,6,9,1,2,3,5,NA,10,2,5,3,1,3,6,6,1,2,7,NA,NA,6,1,4,5,7,7,7,4,4,1,17,6,5,6,4,2
PLFEKH_07665,NA,NA,NA,NA,NA,NA,NA,NA,1,NA,NA,NA,2,1,NA,NA,NA,NA,NA,NA,2,NA,NA,NA,NA,2,NA,NA,NA,2,2,NA,1,NA,1,NA,NA,NA,NA,2,NA,NA,NA,NA,NA,NA,NA,NA,NA,NA,1,NA,NA,2,1,3,NA,2,NA,NA,NA
PLFEKH_07695,6,4,1,3,NA,1,1,1,1,1,3,4,9,7,3,3,14,3,3,4,5,1,2,5,12,2,4,NA,1,5,5,1,5,1,8,NA,1,4,3,5,2,2,3,NA,NA,2,2,2,9,3,7,1,3,13,NA,14,1,5,10,3,NA
PLFEKH_07700,5,3,3,1,2,3,1,1,2,2,2,8,5,2,4,NA,24,3,3,1,6,4,5,6,7,8,15,NA,NA,13,7,NA,7,2,12,NA,4,1,7,9,NA,1,7,NA,NA,8,4,5,8,4,12,6,8,15,4,27,3,5,11,2,4
PLFEKH_07710,4,6,2,3,1,NA,NA,1,9,6,1,NA,4,NA,3,NA,10,2,NA,NA,5,6,2,2,12,5,1,NA,3,7,1,1,9,3,4,1,2,6,2,14,6,NA,1,NA,NA,6,NA,2,6,1,2,NA,10,17,8,13,2,10,1,2,3
PLFEKH_07725,1,NA,1,NA,NA,NA,NA,NA,NA,NA,NA,NA,1,NA,NA,NA,NA,NA,NA,NA,NA,NA,NA,NA,NA,NA,NA,NA,NA,2,NA,NA,NA,NA,NA,NA,NA,NA,NA,NA,NA,NA,NA,NA,NA,NA,NA,NA,NA,NA,1,1,NA,NA,1,1,NA,NA,NA,NA,NA
PLFEKH_07730,4,3,NA,1,2,3,1,1,5,6,1,3,6,NA,1,NA,17,NA,NA,NA,6,2,4,NA,13,3,4,NA,NA,7,12,NA,7,NA,6,NA,NA,3,8,8,2,1,5,NA,NA,7,1,NA,4,1,4,NA,7,8,4,15,4,4,1,NA,1
PLFEKH_07740,8,18,NA,1,11,10,2,4,14,15,1,6,4,2,1,NA,49,1,NA,2,23,6,6,3,19,18,5,NA,NA,13,22,NA,15,3,16,1,7,2,23,29,8,NA,10,NA,NA,5,4,1,13,4,14,3,14,17,25,24,12,13,10,2,5
PLFEKH_07750,3,1,1,2,NA,NA,1,1,2,NA,1,NA,2,NA,1,NA,5,NA,NA,1,1,2,3,1,6,1,2,NA,NA,3,NA,NA,6,1,3,NA,1,NA,3,6,3,NA,NA,1,NA,NA,1,NA,10,1,3,3,5,5,NA,4,5,2,10,NA,1
PLFEKH_07755,4,11,3,1,10,5,NA,3,8,7,1,3,3,3,5,1,42,2,1,2,11,7,6,2,22,36,10,1,NA,12,38,NA,19,2,16,NA,10,2,22,32,5,1,4,NA,NA,14,10,7,18,6,8,9,25,16,19,54,10,27,15,NA,3
PLFEKH_07820,15,13,6,27,6,6,5,12,12,10,9,4,9,10,6,1,35,4,3,5,21,12,2,9,27,13,23,4,4,27,20,3,26,3,18,2,12,22,18,19,11,9,14,1,NA,7,16,11,27,9,6,9,20,39,8,33,19,12,16,8,6
PLFEKH_07835,2,2,1,3,2,1,NA,2,NA,2,NA,NA,NA,1,3,NA,10,1,NA,2,4,2,NA,1,2,1,4,NA,NA,3,6,NA,4,NA,5,NA,NA,NA,4,8,7,5,3,NA,NA,3,1,1,3,3,1,1,3,6,1,5,3,5,1,NA,2
PLFEKH_07840,13,7,17,14,7,7,6,4,12,7,2,2,9,8,8,1,49,5,5,2,13,13,4,18,28,9,19,1,6,25,16,3,20,5,15,7,16,19,24,21,9,9,8,1,1,7,13,9,9,5,13,13,16,42,12,36,17,7,15,5,3
PLFEKH_07850,1,7,NA,NA,3,4,NA,NA,2,11,NA,NA,4,1,NA,NA,9,NA,NA,1,NA,NA,NA,NA,14,6,NA,NA,NA,NA,1,NA,2,4,7,NA,NA,NA,10,10,NA,NA,1,NA,NA,7,NA,NA,1,4,NA,2,NA,2,10,9,NA,14,2,NA,NA
PLFEKH_07855,3,1,2,1,NA,1,NA,4,3,1,NA,NA,5,3,1,NA,11,NA,NA,1,8,1,1,7,9,1,3,NA,1,6,4,NA,9,NA,8,NA,2,3,4,14,1,2,3,NA,NA,3,2,1,4,NA,5,1,7,11,1,10,1,1,4,NA,1
PLFEKH_07860,5,1,2,2,NA,NA,NA,NA,1,2,3,3,3,1,1,NA,11,2,3,NA,2,5,1,7,5,4,2,1,1,3,3,3,4,1,3,NA,7,3,1,10,1,2,4,NA,NA,1,2,2,5,6,10,2,6,7,3,7,4,4,5,2,2
PLFEKH_07865,4,1,2,2,2,NA,NA,4,5,1,2,NA,3,NA,1,NA,5,NA,2,1,5,3,NA,4,2,1,2,NA,2,4,1,NA,3,NA,1,1,2,2,2,6,NA,NA,NA,NA,NA,2,NA,NA,3,NA,1,NA,5,7,1,2,NA,2,6,1,2
PLFEKH_07870,17,7,5,9,NA,1,1,7,6,4,NA,NA,10,5,6,NA,42,2,2,2,10,6,3,9,9,7,10,1,1,8,14,NA,12,3,9,NA,11,2,13,13,5,2,3,NA,NA,5,3,2,11,5,1,4,16,16,2,15,13,6,9,2,6
PLFEKH_07910,2,NA,2,1,1,NA,NA,NA,4,NA,NA,2,1,NA,1,NA,8,NA,NA,1,3,1,NA,1,2,2,NA,NA,NA,1,2,NA,3,NA,2,NA,4,2,1,5,3,NA,1,NA,NA,1,3,1,3,NA,NA,NA,1,5,1,6,1,NA,5,1,1
PLFEKH_07930,NA,NA,NA,NA,NA,NA,1,NA,NA,NA,NA,NA,NA,NA,NA,NA,1,NA,NA,NA,NA,NA,NA,1,NA,NA,1,NA,NA,1,NA,NA,NA,NA,1,NA,1,NA,1,NA,NA,NA,1,NA,NA,NA,NA,2,NA,NA,NA,NA,NA,NA,1,2,2,NA,NA,NA,NA
PLFEKH_07935,9,19,2,2,4,6,NA,4,9,13,3,5,19,1,4,NA,35,2,1,1,25,3,9,3,19,25,10,NA,NA,6,18,1,20,5,14,NA,10,6,23,34,10,2,5,NA,NA,8,4,2,17,2,8,6,20,16,15,32,13,20,22,1,2
PLFEKH_07940,4,NA,2,NA,NA,NA,1,2,2,NA,6,8,NA,NA,1,NA,11,1,NA,1,5,NA,2,1,4,2,4,NA,2,3,3,1,2,NA,4,NA,3,NA,5,4,3,1,2,NA,NA,3,NA,NA,5,1,7,1,6,4,6,5,6,3,1,NA,2
PLFEKH_07950,1,1,NA,1,NA,NA,NA,NA,3,NA,2,2,NA,NA,NA,NA,2,1,NA,1,5,1,3,1,4,2,2,NA,1,NA,1,NA,3,2,3,NA,1,2,1,2,NA,1,2,NA,NA,1,1,1,3,1,NA,NA,NA,NA,2,3,1,2,3,NA,NA
PLFEKH_07955,3,2,NA,NA,NA,1,NA,2,3,2,4,3,1,NA,1,NA,2,NA,NA,NA,3,2,5,1,6,3,2,NA,1,4,NA,1,7,NA,4,1,3,2,6,6,4,1,2,NA,NA,3,NA,NA,4,1,3,2,3,4,3,4,6,1,2,NA,1
PLFEKH_08000,3,1,1,3,NA,1,1,1,1,1,NA,NA,NA,NA,2,NA,14,NA,1,NA,1,NA,1,1,4,2,4,NA,NA,6,3,1,3,NA,1,1,NA,6,NA,7,NA,1,5,NA,1,2,3,2,2,NA,3,3,2,7,4,7,3,1,4,1,1
PLFEKH_08020,12,16,8,7,2,7,3,7,11,8,NA,NA,12,5,3,2,25,4,1,3,8,10,2,10,18,9,13,1,3,15,16,NA,13,6,9,2,12,12,15,5,3,NA,14,1,2,4,7,2,8,2,10,9,9,15,10,11,5,6,10,1,1
PLFEKH_08025,NA,NA,NA,NA,NA,NA,NA,NA,NA,NA,NA,NA,NA,NA,NA,NA,NA,NA,NA,NA,1,NA,NA,1,1,NA,1,NA,NA,NA,NA,NA,NA,NA,NA,NA,NA,NA,NA,NA,NA,NA,NA,NA,NA,NA,NA,NA,NA,NA,1,NA,NA,NA,NA,NA,NA,NA,NA,NA,NA
PLFEKH_08030,8,8,3,4,NA,NA,NA,2,6,3,1,1,2,1,3,NA,17,1,NA,2,1,2,1,3,9,5,5,1,NA,2,3,NA,2,3,4,1,2,5,3,8,1,2,10,NA,NA,3,NA,1,6,3,3,8,11,10,5,15,10,3,5,1,3
PLFEKH_08035,NA,1,NA,NA,NA,NA,NA,NA,NA,1,NA,NA,NA,NA,NA,NA,1,NA,NA,NA,NA,NA,NA,1,NA,NA,NA,NA,NA,NA,2,NA,NA,NA,1,NA,NA,NA,NA,4,NA,NA,1,NA,NA,4,NA,NA,NA,2,NA,NA,NA,NA,1,3,NA,1,NA,NA,NA
PLFEKH_08040,14,8,6,4,1,NA,NA,1,9,5,5,5,6,6,4,1,21,4,2,1,9,5,11,9,12,9,13,3,NA,13,7,NA,8,4,4,3,3,2,6,20,2,3,5,NA,NA,3,7,5,8,NA,14,3,6,20,11,17,8,6,11,3,5
PLFEKH_08045,2,2,NA,NA,NA,NA,1,1,4,NA,NA,1,2,NA,3,NA,9,NA,NA,2,2,5,1,2,6,5,1,NA,NA,4,1,NA,3,2,5,NA,4,NA,2,4,3,NA,1,NA,NA,2,NA,1,6,1,1,1,1,7,2,6,3,3,4,NA,1
PLFEKH_08050,3,2,NA,NA,NA,NA,NA,NA,NA,1,NA,NA,3,NA,NA,NA,2,NA,NA,NA,4,NA,NA,NA,2,2,1,NA,NA,1,NA,NA,1,NA,NA,NA,NA,NA,NA,NA,NA,1,NA,NA,NA,1,NA,NA,3,NA,1,NA,2,1,1,1,NA,2,NA,NA,1
PLFEKH_08060,8,2,12,11,3,3,6,2,6,1,2,2,NA,6,9,2,17,4,3,5,8,9,4,15,16,6,14,3,4,18,5,2,9,2,4,4,9,7,7,8,4,2,4,1,1,8,3,4,13,2,9,1,13,9,3,20,6,10,9,2,4
PLFEKH_08065,10,7,5,5,NA,3,2,3,5,3,1,NA,11,4,8,1,14,1,2,NA,8,1,NA,3,5,2,2,NA,3,7,5,1,6,NA,6,NA,3,3,4,3,1,5,4,NA,NA,1,6,2,5,2,3,2,6,7,3,4,1,3,10,1,4
PLFEKH_08070,13,7,2,2,NA,2,1,4,6,7,NA,NA,6,1,4,NA,21,2,1,1,6,4,1,2,1,2,6,NA,NA,12,12,NA,6,1,4,NA,4,2,3,7,2,4,7,NA,NA,2,2,2,8,1,6,2,4,6,3,5,1,4,9,3,1
PLFEKH_08075,17,8,8,5,NA,7,2,3,12,14,NA,NA,18,4,6,2,12,1,4,5,16,1,2,11,9,6,18,1,3,11,10,1,14,4,7,1,9,15,12,22,3,8,6,1,NA,1,6,6,7,4,17,7,8,23,12,16,5,7,9,2,2
PLFEKH_08080,14,5,6,3,2,1,3,1,8,4,1,2,9,4,9,3,18,1,5,1,6,2,2,7,6,5,9,1,2,19,9,NA,14,6,8,3,8,7,7,15,3,1,5,1,NA,5,5,4,7,3,10,3,6,15,8,21,5,2,8,2,2
PLFEKH_08085,3,2,2,1,3,3,1,2,3,NA,1,NA,1,1,NA,NA,3,NA,NA,NA,NA,2,NA,2,5,6,2,1,NA,4,2,NA,2,2,1,1,2,2,1,5,NA,2,3,NA,NA,4,3,3,NA,3,1,NA,NA,4,2,5,1,6,5,NA,NA
PLFEKH_08090,8,4,3,6,1,NA,1,1,1,NA,1,NA,5,3,1,1,10,1,4,2,NA,NA,1,NA,2,2,2,2,1,7,4,1,9,3,3,NA,1,1,4,4,NA,1,3,2,NA,2,2,2,5,NA,5,6,1,4,2,2,NA,4,4,NA,NA
PLFEKH_08120,5,3,1,2,NA,1,1,1,NA,1,NA,NA,2,4,5,2,20,NA,1,1,4,3,1,2,11,6,7,NA,NA,6,4,NA,6,1,10,2,3,7,5,9,5,4,8,NA,NA,6,3,4,9,8,7,10,10,16,9,10,2,6,10,1,NA
PLFEKH_08125,4,7,2,2,2,2,3,1,1,NA,1,1,7,1,1,NA,13,3,1,1,3,2,1,2,5,6,5,1,NA,8,3,NA,5,2,4,1,1,3,4,7,1,4,8,NA,NA,8,6,3,5,2,6,3,8,8,6,14,2,8,11,2,2
PLFEKH_08130,8,3,1,2,4,3,2,1,3,6,3,2,4,1,3,1,35,2,NA,1,19,1,5,3,6,5,1,NA,1,20,9,NA,21,8,8,1,6,3,1,21,3,6,3,NA,NA,10,3,6,10,8,6,15,35,7,3,14,4,29,13,NA,3
PLFEKH_08170,5,5,1,2,1,2,1,2,4,1,1,5,1,3,4,NA,6,1,1,NA,3,7,4,1,2,4,4,NA,NA,8,6,1,4,2,4,1,NA,1,7,8,1,1,3,NA,NA,1,2,NA,1,3,6,NA,7,10,6,14,1,3,8,1,3
PLFEKH_08175,5,11,4,4,3,2,NA,2,3,2,2,1,4,1,2,NA,27,1,NA,NA,8,1,5,3,4,3,1,NA,NA,7,13,1,9,5,7,NA,3,NA,4,11,2,5,8,NA,NA,7,2,4,10,4,7,5,11,4,2,4,2,10,3,NA,6
PLFEKH_08180,3,2,4,6,NA,2,1,1,5,1,NA,2,3,2,1,NA,12,2,NA,NA,9,6,2,4,5,7,6,NA,2,8,5,1,4,2,1,1,2,1,3,3,1,4,2,1,NA,5,3,NA,6,1,3,3,9,5,3,14,4,2,2,1,3
PLFEKH_08185,8,24,NA,4,3,5,2,3,7,9,2,1,15,NA,4,NA,32,1,NA,2,12,NA,3,NA,9,7,3,1,NA,21,19,NA,13,4,6,3,6,1,12,7,1,3,6,NA,NA,11,4,5,7,5,5,7,21,6,5,7,2,16,20,2,2
PLFEKH_08190,1,1,NA,NA,NA,NA,NA,NA,NA,NA,NA,NA,2,NA,NA,NA,3,NA,NA,NA,NA,NA,NA,NA,NA,NA,NA,NA,NA,1,1,NA,NA,NA,1,NA,NA,NA,1,1,NA,NA,NA,NA,NA,NA,NA,NA,NA,NA,NA,NA,NA,1,NA,1,NA,2,NA,1,NA
PLFEKH_08200,2,3,NA,1,1,1,1,1,2,2,1,1,NA,1,2,1,7,NA,NA,NA,3,3,1,2,4,2,3,NA,NA,5,5,NA,4,NA,8,1,4,2,2,6,1,2,NA,NA,NA,1,4,NA,6,3,3,1,4,7,2,6,NA,3,3,1,NA
PLFEKH_08205,13,6,7,4,1,1,NA,3,8,2,1,1,15,7,4,1,21,1,1,1,5,NA,4,5,7,6,5,NA,4,10,6,NA,8,1,1,NA,4,3,3,3,1,2,5,1,NA,4,3,2,8,3,5,4,8,5,2,3,NA,6,9,1,4
PLFEKH_08210,4,2,7,5,2,1,2,NA,4,3,2,2,2,1,2,2,8,NA,3,NA,5,5,4,4,8,9,4,1,NA,15,3,NA,12,1,4,1,4,7,4,8,NA,2,3,NA,NA,6,1,1,9,4,6,7,8,11,5,7,3,5,7,NA,2
PLFEKH_08225,5,7,3,3,3,1,NA,3,5,5,1,NA,3,1,5,NA,10,NA,NA,NA,3,NA,NA,NA,3,3,1,NA,NA,16,11,NA,7,NA,5,NA,6,NA,14,4,1,2,1,NA,NA,1,8,2,9,1,4,2,14,2,1,3,NA,6,8,1,9
PLFEKH_08235,6,3,2,2,1,5,NA,3,7,2,9,2,3,2,1,NA,11,NA,1,1,10,6,1,3,7,2,4,NA,1,8,11,NA,14,NA,7,NA,2,10,4,13,1,2,4,NA,NA,2,4,2,3,1,5,2,10,15,3,11,6,11,8,1,2
PLFEKH_08240,11,1,7,2,NA,NA,1,1,4,NA,4,4,1,NA,4,NA,6,1,2,2,6,3,NA,9,6,8,3,NA,1,13,6,NA,3,2,3,3,4,4,4,13,1,2,6,1,NA,7,6,4,5,3,10,3,4,9,4,11,10,11,9,2,3
PLFEKH_08245,NA,1,NA,NA,NA,NA,NA,NA,1,NA,NA,NA,NA,NA,1,NA,NA,NA,1,NA,NA,NA,NA,NA,NA,NA,NA,NA,NA,NA,NA,NA,1,NA,NA,NA,NA,NA,NA,NA,NA,NA,NA,NA,NA,NA,NA,NA,1,1,NA,NA,NA,NA,NA,NA,NA,NA,NA,1,NA
PLFEKH_08250,5,4,4,1,NA,1,2,NA,9,2,2,NA,NA,1,2,1,6,1,NA,1,6,1,2,3,4,6,4,NA,NA,11,2,NA,5,1,1,1,1,5,2,4,1,1,2,NA,NA,1,2,3,NA,2,4,4,4,9,2,3,2,2,3,1,2
PLFEKH_08255,4,3,1,4,1,NA,NA,3,4,4,3,1,3,3,1,1,12,2,NA,2,7,2,5,2,7,5,3,NA,NA,8,3,NA,5,1,3,1,3,5,5,4,2,2,5,NA,NA,4,NA,NA,1,1,7,8,16,9,3,7,2,10,3,1,1
PLFEKH_08265,4,NA,NA,3,NA,1,NA,NA,2,1,1,1,1,1,1,1,3,NA,NA,NA,4,NA,NA,2,1,NA,2,NA,NA,2,NA,NA,2,NA,NA,NA,1,1,NA,1,NA,1,1,NA,NA,2,2,3,5,NA,1,NA,1,1,NA,NA,NA,NA,1,NA,1
PLFEKH_08270,3,1,4,6,NA,1,NA,1,4,2,NA,3,8,NA,2,NA,7,1,NA,NA,5,5,1,4,11,4,5,1,4,9,4,NA,3,NA,2,1,3,2,4,11,2,1,6,NA,NA,2,1,1,4,3,5,4,9,4,4,8,6,5,2,NA,2
PLFEKH_08285,3,NA,1,1,NA,NA,NA,2,NA,2,NA,1,2,1,2,NA,4,2,NA,2,3,4,NA,2,2,3,2,NA,NA,7,2,NA,6,NA,4,1,2,3,1,4,2,NA,2,NA,NA,2,1,NA,5,2,3,1,7,7,NA,1,4,NA,3,NA,2
PLFEKH_08290,7,1,1,3,NA,NA,NA,NA,3,1,NA,1,4,NA,1,NA,7,NA,NA,NA,4,3,2,NA,6,1,2,NA,2,8,2,NA,2,1,1,NA,2,1,NA,3,2,NA,1,NA,NA,1,3,NA,3,1,2,1,2,1,1,NA,1,4,7,NA,1
PLFEKH_08295,5,2,1,1,NA,1,1,1,NA,3,1,1,5,3,NA,NA,12,NA,NA,NA,3,NA,1,NA,NA,1,NA,NA,1,2,2,NA,4,2,2,NA,1,3,1,1,1,1,3,NA,NA,2,5,NA,3,2,NA,1,8,1,NA,NA,1,2,7,1,2
PLFEKH_08300,5,2,3,2,3,NA,2,3,7,1,1,NA,2,1,1,1,11,1,1,NA,7,5,2,NA,3,4,5,1,1,4,6,NA,11,1,9,NA,5,5,6,14,1,1,6,NA,NA,3,1,2,8,NA,5,4,12,8,1,5,1,3,2,2,2
PLFEKH_08305,8,14,7,3,2,1,1,5,16,4,2,2,4,1,4,1,22,2,1,1,13,13,10,1,12,12,8,NA,4,10,9,1,11,NA,11,1,7,5,10,21,9,NA,4,NA,NA,2,6,1,11,3,10,5,9,26,8,21,5,6,17,1,2
PLFEKH_08310,11,9,2,5,6,8,NA,5,11,11,NA,NA,7,2,4,NA,29,3,NA,1,23,3,4,6,19,11,11,NA,NA,12,10,NA,25,2,16,NA,8,4,14,35,6,2,12,NA,NA,4,8,4,25,5,11,6,22,27,8,17,10,10,12,1,9
PLFEKH_08320,9,4,4,7,NA,3,NA,1,1,2,2,2,8,2,5,NA,25,2,2,NA,7,4,NA,4,6,2,3,1,2,11,5,1,8,NA,2,1,3,2,3,3,NA,2,5,1,NA,3,1,4,16,NA,11,4,17,5,1,1,NA,6,8,3,4
PLFEKH_08325,5,NA,2,3,1,NA,NA,2,2,1,NA,NA,2,2,NA,1,14,NA,1,1,5,4,3,8,6,6,6,NA,2,5,2,NA,7,2,1,NA,3,1,NA,1,NA,NA,1,NA,NA,NA,2,1,10,1,3,NA,4,9,3,8,6,3,4,2,2
PLFEKH_08355,1,3,1,1,1,NA,NA,2,1,NA,1,1,NA,NA,1,NA,3,NA,NA,NA,5,1,NA,NA,2,2,5,NA,NA,5,3,NA,3,NA,2,NA,NA,1,3,5,1,NA,NA,NA,NA,NA,NA,NA,1,1,NA,2,2,3,2,5,2,NA,3,NA,NA
PLFEKH_08360,1,NA,2,NA,2,NA,1,NA,1,2,NA,NA,NA,2,NA,NA,NA,NA,NA,NA,1,NA,NA,2,2,NA,NA,NA,NA,2,2,NA,1,1,4,NA,NA,NA,2,10,2,NA,1,NA,NA,2,NA,NA,3,1,2,NA,2,4,1,7,1,4,NA,1,NA
PLFEKH_08420,1,2,4,3,1,3,2,2,2,2,2,1,4,1,2,NA,12,NA,NA,5,9,4,2,2,7,4,3,NA,NA,9,6,NA,12,NA,7,NA,3,4,5,13,3,2,5,NA,NA,4,5,2,10,3,3,3,11,6,9,8,6,10,4,NA,2
PLFEKH_08425,NA,NA,NA,NA,1,NA,NA,NA,NA,NA,1,NA,NA,NA,NA,NA,NA,NA,NA,NA,NA,NA,NA,NA,1,NA,NA,NA,NA,NA,NA,NA,NA,NA,1,NA,1,NA,NA,1,NA,NA,NA,NA,NA,NA,NA,NA,NA,NA,NA,NA,NA,NA,NA,NA,NA,NA,NA,NA,NA
PLFEKH_08430,2,NA,NA,1,NA,NA,NA,1,5,NA,NA,NA,NA,NA,1,NA,2,NA,NA,NA,2,NA,NA,1,NA,NA,NA,NA,NA,2,NA,1,2,1,2,NA,NA,1,1,7,1,3,1,NA,NA,NA,NA,3,NA,NA,NA,2,NA,4,NA,NA,NA,2,NA,NA,NA
PLFEKH_08435,NA,NA,NA,NA,NA,NA,NA,NA,NA,NA,NA,NA,1,NA,NA,NA,NA,NA,NA,NA,NA,NA,NA,NA,NA,NA,NA,NA,NA,NA,NA,NA,NA,NA,NA,NA,NA,NA,NA,1,NA,NA,NA,NA,NA,NA,NA,NA,NA,NA,NA,NA,NA,1,NA,NA,NA,NA,NA,NA,NA
PLFEKH_08450,NA,NA,NA,1,NA,NA,NA,NA,1,3,NA,NA,2,NA,NA,NA,1,NA,1,2,NA,NA,1,NA,2,1,NA,NA,NA,1,NA,NA,2,NA,3,NA,NA,NA,2,NA,1,NA,NA,NA,NA,NA,NA,NA,1,NA,1,NA,1,1,NA,NA,1,1,1,NA,NA
PLFEKH_08460,NA,NA,NA,NA,NA,NA,NA,NA,NA,NA,NA,NA,NA,NA,NA,1,1,NA,NA,NA,NA,1,1,NA,1,NA,NA,NA,1,1,NA,NA,1,NA,NA,NA,NA,NA,NA,1,NA,NA,NA,NA,NA,1,NA,NA,1,NA,NA,NA,NA,1,NA,2,NA,NA,NA,NA,NA
PLFEKH_08465,2,NA,1,1,NA,NA,NA,2,2,NA,4,NA,2,1,1,NA,3,NA,1,2,1,NA,2,3,1,1,2,NA,2,2,3,2,4,3,4,1,2,2,1,2,NA,2,1,NA,NA,3,2,1,3,6,5,8,4,6,NA,6,2,2,6,3,1
PLFEKH_08470,3,1,3,6,1,NA,3,3,2,NA,2,NA,3,2,2,NA,5,2,1,3,2,2,2,4,5,1,5,2,NA,3,3,1,6,2,4,1,NA,NA,4,4,NA,1,3,NA,NA,4,1,2,6,1,4,5,6,6,4,7,3,4,4,NA,NA
PLFEKH_08485,5,2,3,NA,NA,NA,NA,NA,3,NA,2,1,6,NA,3,NA,8,1,1,1,1,1,NA,4,1,3,1,1,1,4,5,NA,3,NA,1,NA,1,5,3,3,NA,NA,1,NA,NA,4,1,1,3,2,2,2,3,6,NA,6,3,3,11,NA,1
PLFEKH_08495,14,17,1,4,2,1,1,2,9,6,2,1,4,2,6,1,16,NA,1,1,6,NA,NA,2,4,3,5,NA,NA,10,10,NA,16,4,5,NA,1,NA,5,8,1,3,NA,NA,NA,2,2,3,6,3,7,2,8,8,3,5,1,5,10,NA,1
PLFEKH_08500,5,1,1,2,3,3,3,4,7,8,2,1,1,2,3,1,10,NA,NA,1,3,3,2,1,6,7,3,NA,1,8,4,NA,7,4,4,1,3,4,12,8,2,1,2,NA,NA,5,1,1,7,7,4,1,10,5,6,9,4,4,8,3,3
PLFEKH_08550,NA,NA,NA,NA,NA,NA,NA,NA,1,NA,NA,NA,NA,NA,NA,NA,1,NA,NA,NA,NA,1,NA,NA,NA,NA,NA,NA,NA,1,NA,NA,NA,NA,NA,NA,NA,NA,NA,NA,NA,NA,NA,NA,NA,NA,NA,NA,NA,NA,NA,NA,NA,NA,NA,1,NA,NA,NA,NA,NA
PLFEKH_08575,7,NA,5,3,3,NA,1,2,NA,1,3,NA,2,1,1,NA,8,1,1,2,5,2,2,6,2,3,2,NA,1,15,4,2,3,1,4,2,3,5,6,5,2,NA,NA,NA,NA,1,4,2,1,1,7,3,6,10,3,8,4,9,8,2,3
PLFEKH_08595,7,6,NA,NA,4,2,NA,2,7,6,NA,4,4,3,3,NA,19,NA,NA,1,12,3,6,3,11,5,8,NA,NA,6,12,NA,14,2,10,NA,3,2,13,13,5,NA,2,NA,NA,6,3,1,11,3,7,3,7,10,5,16,12,5,9,NA,4
PLFEKH_08605,3,1,NA,3,1,1,NA,NA,1,2,NA,1,1,2,1,NA,8,1,NA,3,4,1,1,1,5,5,7,NA,2,5,4,NA,3,NA,2,1,2,NA,1,7,1,NA,3,NA,NA,NA,1,2,3,1,NA,1,1,5,7,7,2,1,3,1,NA
PLFEKH_08610,9,5,4,2,3,4,NA,1,2,1,NA,1,4,NA,1,1,19,1,3,3,4,3,2,5,5,4,11,2,1,6,4,NA,5,1,4,1,4,3,5,9,NA,2,5,NA,NA,3,3,1,5,1,9,3,5,15,6,12,3,3,8,NA,2
PLFEKH_08615,16,6,1,5,1,2,1,3,3,2,NA,1,4,5,1,NA,23,NA,2,NA,5,3,2,2,4,3,2,NA,1,6,6,NA,24,NA,9,1,5,3,5,5,1,3,7,1,NA,1,9,NA,8,NA,6,1,11,3,3,1,NA,4,8,1,2
PLFEKH_08620,5,5,NA,1,1,NA,NA,2,3,2,1,NA,1,NA,1,NA,18,NA,2,NA,14,2,NA,NA,9,3,5,NA,NA,5,6,NA,14,NA,5,NA,2,2,9,6,1,1,1,NA,NA,1,2,NA,9,NA,4,NA,8,5,5,2,1,2,7,NA,1
PLFEKH_08625,15,11,3,5,2,11,3,12,10,6,1,NA,7,4,13,1,44,2,1,2,22,2,2,10,41,10,12,1,2,31,25,1,31,4,22,NA,10,7,18,15,3,4,21,NA,1,5,18,3,23,4,19,5,24,25,9,14,5,4,22,1,5
PLFEKH_08630,4,2,6,NA,1,1,NA,NA,1,NA,NA,NA,3,1,2,NA,11,1,NA,2,2,2,NA,8,13,5,6,NA,NA,7,7,NA,3,NA,11,NA,4,4,6,12,3,2,8,NA,NA,7,5,NA,9,1,8,6,5,14,3,15,NA,6,8,NA,2
PLFEKH_08685,3,1,8,4,1,NA,NA,NA,5,NA,2,1,4,1,NA,NA,12,1,1,NA,7,1,1,4,6,1,4,1,4,5,2,1,6,1,NA,NA,1,2,2,7,NA,1,2,NA,NA,3,NA,NA,3,1,3,3,8,7,NA,2,3,2,6,1,1
PLFEKH_08695,NA,3,1,2,1,NA,1,2,3,2,NA,NA,NA,2,1,NA,6,1,NA,NA,5,4,1,6,NA,6,5,NA,NA,6,4,NA,7,NA,3,NA,2,NA,3,5,3,NA,3,NA,NA,6,1,NA,4,NA,NA,NA,3,6,4,6,4,NA,2,NA,1
PLFEKH_08700,2,NA,1,NA,1,2,NA,1,1,2,NA,NA,2,2,1,NA,12,1,NA,2,5,NA,3,NA,NA,3,2,1,NA,2,2,NA,3,NA,1,NA,2,NA,2,1,1,NA,4,NA,NA,NA,1,NA,7,NA,2,NA,10,5,2,1,5,3,3,1,1
PLFEKH_08705,8,6,4,9,3,5,5,5,3,1,NA,NA,11,9,4,2,23,NA,NA,6,12,7,NA,18,25,4,13,1,3,12,3,3,12,NA,7,3,9,9,17,6,5,5,5,NA,NA,6,3,2,9,6,4,3,7,18,11,13,5,9,5,4,10
PLFEKH_08710,10,11,5,3,NA,3,1,3,3,2,NA,1,3,1,4,NA,23,1,1,1,9,6,4,6,13,3,9,NA,4,13,11,NA,16,1,6,1,3,7,5,8,2,1,9,NA,NA,8,5,NA,13,4,9,NA,4,9,7,18,7,7,5,NA,4
PLFEKH_08730,4,5,NA,3,NA,2,2,3,3,7,NA,1,5,NA,3,NA,8,NA,2,NA,3,2,3,3,10,2,2,NA,NA,2,4,NA,4,NA,4,NA,2,3,6,13,1,NA,1,NA,NA,NA,2,NA,2,NA,1,2,2,3,2,5,1,NA,2,NA,1
PLFEKH_08735,NA,1,NA,NA,NA,NA,NA,NA,NA,NA,NA,NA,1,NA,NA,NA,NA,NA,NA,NA,NA,NA,NA,NA,NA,NA,NA,NA,NA,3,NA,NA,1,1,NA,NA,NA,NA,1,NA,NA,NA,NA,NA,NA,NA,1,NA,NA,NA,NA,NA,1,1,NA,NA,NA,NA,1,NA,NA
PLFEKH_08740,6,5,4,1,1,1,NA,1,3,4,2,5,4,1,1,NA,14,1,1,NA,8,7,4,3,8,3,3,NA,1,9,3,NA,7,2,5,NA,2,7,4,10,2,1,8,NA,NA,NA,3,NA,12,2,2,NA,8,5,4,8,4,3,4,NA,1
PLFEKH_08745,17,4,6,1,2,3,6,6,16,1,NA,NA,5,3,3,NA,15,2,NA,NA,4,1,1,3,2,2,1,NA,NA,18,7,6,11,1,6,1,2,4,5,13,3,2,5,1,NA,3,7,3,9,4,1,6,5,5,2,4,3,10,3,2,3
PLFEKH_08750,8,1,1,1,1,NA,NA,NA,5,1,1,NA,3,NA,2,1,4,1,1,1,NA,3,1,3,2,3,1,NA,NA,4,3,2,6,NA,2,NA,NA,4,3,9,1,NA,NA,NA,NA,NA,2,1,1,1,2,1,4,5,2,2,NA,3,4,NA,1
PLFEKH_08755,2,1,4,NA,NA,NA,1,2,3,1,NA,2,3,NA,1,NA,1,1,NA,NA,3,3,1,1,NA,NA,NA,1,NA,6,NA,3,NA,NA,5,NA,1,2,1,7,NA,3,2,NA,NA,2,4,2,3,NA,NA,4,1,3,1,1,1,2,5,NA,NA
PLFEKH_08760,NA,NA,NA,NA,NA,NA,NA,NA,NA,1,NA,NA,1,NA,NA,NA,2,NA,NA,NA,NA,NA,NA,NA,NA,NA,NA,NA,NA,NA,NA,NA,1,NA,NA,NA,NA,NA,NA,1,NA,NA,NA,NA,NA,NA,NA,NA,NA,NA,NA,NA,NA,NA,NA,NA,NA,NA,NA,NA,NA
PLFEKH_08765,1,NA,NA,NA,NA,NA,NA,NA,NA,NA,NA,NA,2,NA,NA,NA,NA,NA,NA,NA,1,NA,NA,NA,NA,NA,NA,NA,NA,NA,NA,NA,NA,NA,NA,NA,NA,NA,1,1,NA,NA,NA,NA,NA,NA,NA,NA,NA,NA,NA,NA,NA,1,NA,NA,NA,NA,NA,NA,NA
PLFEKH_08775,4,2,1,NA,NA,2,NA,3,3,3,NA,3,4,5,NA,NA,16,NA,1,2,4,4,NA,3,5,5,5,NA,NA,11,1,NA,7,NA,2,NA,2,3,7,13,2,1,2,NA,NA,2,1,2,4,NA,5,1,8,7,1,13,3,1,4,2,3
PLFEKH_08805,6,3,2,NA,NA,2,1,1,4,1,2,NA,2,3,4,NA,8,1,NA,NA,3,1,3,4,8,3,6,NA,NA,8,3,NA,12,1,5,NA,2,3,4,12,2,NA,3,NA,NA,1,4,1,2,NA,6,3,4,7,4,8,NA,1,4,1,2
PLFEKH_08810,5,1,1,1,NA,NA,NA,2,4,1,NA,NA,5,1,3,NA,2,1,1,NA,1,1,1,6,4,1,5,NA,1,6,2,NA,8,NA,2,NA,1,1,2,16,NA,NA,1,1,NA,1,NA,2,2,NA,NA,4,4,6,NA,11,4,NA,4,1,1
PLFEKH_08815,8,2,2,1,NA,NA,1,NA,1,NA,3,1,2,NA,1,NA,NA,1,NA,NA,1,4,NA,3,5,NA,1,NA,NA,8,8,1,7,NA,2,1,NA,13,6,11,2,NA,1,NA,NA,1,1,1,4,2,NA,1,NA,5,4,5,1,1,2,3,3
PLFEKH_08820,NA,NA,NA,NA,NA,NA,NA,NA,NA,1,NA,NA,2,NA,NA,NA,NA,NA,NA,NA,1,NA,1,NA,1,NA,NA,NA,NA,NA,NA,NA,6,NA,NA,NA,NA,NA,1,3,NA,NA,NA,NA,NA,NA,NA,NA,NA,NA,NA,NA,NA,1,NA,5,NA,NA,NA,NA,NA
PLFEKH_08890,2,5,NA,NA,1,NA,NA,NA,2,2,NA,1,3,NA,NA,NA,4,1,NA,NA,NA,NA,NA,NA,5,3,NA,NA,NA,1,2,NA,4,NA,NA,NA,NA,NA,NA,9,NA,NA,1,NA,NA,1,NA,NA,NA,1,NA,NA,NA,9,NA,6,NA,1,1,NA,NA
PLFEKH_08895,1,NA,NA,NA,NA,NA,NA,NA,1,NA,NA,NA,NA,NA,NA,NA,NA,NA,NA,NA,NA,NA,NA,NA,1,1,NA,NA,NA,2,NA,NA,5,NA,NA,NA,NA,NA,1,1,2,NA,NA,NA,NA,NA,NA,NA,NA,NA,NA,NA,NA,3,NA,3,NA,NA,NA,NA,NA
PLFEKH_08900,NA,NA,NA,NA,NA,NA,NA,NA,3,NA,NA,NA,1,NA,NA,NA,NA,NA,NA,NA,NA,NA,NA,NA,3,NA,NA,NA,NA,2,NA,NA,NA,NA,NA,NA,NA,NA,NA,NA,NA,NA,NA,NA,NA,NA,NA,NA,1,NA,NA,NA,NA,2,NA,1,NA,NA,NA,NA,NA
PLFEKH_08905,NA,2,NA,1,NA,NA,NA,1,2,NA,NA,3,2,NA,1,NA,3,NA,NA,NA,1,NA,2,2,NA,NA,2,NA,NA,1,1,NA,1,1,3,NA,NA,2,1,6,NA,NA,NA,NA,NA,NA,NA,NA,NA,NA,2,NA,NA,NA,3,5,NA,NA,2,NA,NA
PLFEKH_08910,2,2,NA,NA,NA,3,NA,NA,2,1,NA,1,4,1,NA,NA,4,1,NA,NA,1,1,3,3,1,2,2,NA,NA,5,3,NA,3,NA,4,NA,NA,1,2,8,NA,NA,2,NA,NA,2,1,2,4,NA,2,NA,2,7,4,8,NA,1,2,NA,1
PLFEKH_08915,2,NA,1,NA,1,2,1,NA,2,NA,1,NA,2,NA,NA,NA,7,NA,NA,NA,NA,1,NA,3,2,3,2,NA,NA,2,1,NA,NA,1,3,NA,NA,NA,1,2,NA,NA,1,1,NA,2,1,1,4,NA,1,NA,2,5,2,7,2,2,5,NA,NA
PLFEKH_08920,5,1,1,NA,NA,NA,NA,NA,NA,2,1,1,2,NA,1,NA,3,NA,NA,NA,2,1,1,3,3,NA,1,NA,NA,1,2,NA,5,NA,3,NA,NA,1,2,3,NA,NA,1,NA,NA,1,NA,1,NA,NA,1,2,2,1,1,3,2,1,5,NA,1
PLFEKH_08925,5,6,1,NA,1,NA,NA,NA,3,3,NA,2,2,1,2,NA,10,NA,1,NA,3,NA,7,2,5,2,4,NA,NA,8,4,NA,11,NA,6,NA,1,NA,2,10,1,1,2,NA,NA,1,1,1,2,NA,1,NA,1,11,5,8,3,5,3,NA,NA
PLFEKH_08935,5,4,3,2,2,2,3,2,1,2,1,3,1,1,2,NA,6,1,1,NA,4,NA,3,1,13,1,4,NA,NA,6,3,NA,5,3,8,1,2,NA,2,7,2,NA,4,NA,NA,NA,3,3,6,NA,8,3,7,8,4,9,2,4,6,NA,1
PLFEKH_08940,2,1,2,NA,2,3,1,1,2,2,NA,3,2,2,2,NA,15,1,1,2,3,NA,3,1,5,4,6,NA,NA,5,6,NA,7,NA,4,NA,2,NA,3,6,1,NA,NA,NA,NA,2,2,1,1,NA,7,2,2,7,1,15,NA,5,3,1,NA
PLFEKH_08960,1,4,8,1,1,NA,NA,1,4,NA,1,1,1,2,NA,NA,7,5,2,NA,4,4,3,3,2,8,1,1,1,7,2,1,3,1,2,NA,1,6,NA,4,1,3,3,1,NA,4,5,2,NA,2,3,1,5,10,3,5,3,3,7,5,NA
PLFEKH_08965,7,2,5,NA,2,1,NA,NA,4,NA,NA,NA,6,4,3,NA,8,1,NA,2,2,6,1,8,4,2,1,1,1,10,1,NA,2,1,5,NA,2,1,NA,5,3,2,3,NA,NA,2,2,1,4,3,2,NA,4,6,4,11,4,3,8,1,2
PLFEKH_08995,10,7,4,4,NA,1,NA,3,9,4,3,2,8,4,NA,2,15,3,2,1,11,6,5,2,11,8,9,1,NA,12,2,2,9,2,6,2,3,13,8,11,2,1,5,NA,NA,3,1,3,7,1,11,8,3,20,5,14,5,2,4,6,NA
PLFEKH_09000,3,NA,1,NA,NA,1,NA,2,3,NA,1,NA,4,NA,NA,NA,4,NA,1,NA,2,NA,1,NA,3,2,1,NA,NA,3,1,NA,3,NA,2,NA,NA,3,3,5,NA,NA,1,NA,NA,NA,NA,NA,2,2,2,NA,1,6,1,1,2,2,3,NA,1
PLFEKH_09005,3,1,1,2,NA,NA,NA,NA,3,NA,NA,1,2,NA,1,NA,NA,NA,2,NA,NA,NA,NA,NA,1,1,1,NA,NA,2,NA,NA,1,NA,NA,1,1,3,1,2,2,NA,NA,NA,NA,1,NA,1,1,3,NA,NA,1,3,3,3,NA,3,1,NA,NA
PLFEKH_09020,NA,NA,NA,NA,NA,1,NA,NA,1,2,NA,NA,NA,NA,1,NA,NA,NA,NA,NA,NA,NA,NA,NA,1,NA,NA,NA,NA,NA,5,NA,2,NA,NA,NA,NA,1,NA,3,1,NA,2,NA,NA,2,NA,NA,NA,NA,1,1,NA,2,2,3,1,1,1,NA,1
PLFEKH_09090,2,NA,2,3,NA,NA,NA,NA,2,NA,NA,2,3,NA,NA,NA,1,1,1,NA,3,2,1,2,4,3,NA,NA,1,7,NA,NA,3,2,1,NA,NA,2,2,1,1,1,NA,NA,NA,1,NA,2,5,2,2,2,1,5,2,5,3,NA,1,1,2
PLFEKH_09095,4,4,5,4,1,NA,NA,1,2,NA,1,1,1,3,4,NA,8,NA,NA,1,NA,2,NA,2,2,7,3,1,1,6,3,NA,8,1,3,1,2,1,NA,2,1,NA,5,NA,NA,NA,1,3,6,5,3,9,3,5,1,4,1,4,7,1,4
PLFEKH_09100,3,NA,3,4,3,1,1,2,3,NA,4,2,1,3,3,NA,10,5,1,2,5,2,2,1,4,3,1,1,1,6,6,2,11,1,1,5,4,6,5,9,1,2,1,NA,NA,3,6,2,9,10,3,10,7,8,1,8,5,7,8,4,6
PLFEKH_09105,6,NA,1,4,2,NA,NA,1,6,2,1,NA,3,1,NA,NA,6,3,2,6,6,1,NA,7,5,7,3,3,2,8,4,NA,3,3,6,NA,2,7,3,6,1,4,NA,NA,NA,6,1,2,1,2,2,3,5,6,3,9,4,2,2,NA,6
PLFEKH_09115,NA,NA,4,NA,NA,NA,NA,NA,NA,NA,NA,NA,1,NA,NA,NA,1,NA,NA,NA,1,1,NA,1,1,NA,NA,NA,NA,3,NA,NA,1,NA,1,NA,NA,NA,NA,NA,NA,NA,NA,1,NA,1,NA,NA,NA,NA,NA,NA,1,2,NA,3,NA,NA,NA,1,NA
PLFEKH_09130,1,1,NA,NA,NA,NA,NA,NA,2,1,NA,NA,3,NA,NA,NA,2,NA,NA,NA,1,NA,NA,NA,NA,1,NA,NA,1,3,1,NA,3,NA,NA,NA,1,NA,NA,1,NA,NA,NA,NA,NA,2,NA,NA,1,NA,2,NA,NA,1,NA,NA,NA,3,NA,NA,NA
PLFEKH_09140,NA,NA,NA,NA,NA,NA,NA,NA,1,NA,NA,NA,NA,NA,NA,NA,NA,1,NA,NA,NA,NA,NA,NA,NA,1,NA,NA,NA,2,NA,NA,1,NA,NA,NA,NA,NA,1,2,NA,NA,NA,NA,NA,NA,NA,NA,1,1,NA,2,NA,3,1,6,NA,2,3,NA,NA
PLFEKH_09145,10,5,6,5,2,4,3,3,14,4,3,2,7,10,2,1,7,4,4,5,3,8,3,6,7,10,10,NA,4,18,6,NA,4,5,11,6,4,4,5,6,1,2,3,NA,1,3,4,2,6,7,6,8,5,19,4,17,1,6,8,3,2
PLFEKH_09150,14,10,2,3,NA,1,2,NA,5,4,1,2,10,7,1,1,11,4,1,NA,4,2,1,7,5,3,5,NA,NA,13,3,1,13,2,2,1,1,5,2,4,1,5,5,NA,NA,7,3,5,2,2,10,5,2,1,2,7,1,9,6,7,2
PLFEKH_09175,11,3,4,4,3,NA,3,NA,4,NA,1,2,6,5,NA,1,6,6,2,2,NA,5,1,7,5,5,1,NA,2,6,2,2,1,NA,1,NA,NA,1,6,NA,1,NA,4,1,NA,7,2,1,2,6,3,2,3,12,2,11,2,4,3,2,1
PLFEKH_09185,1,NA,NA,NA,NA,NA,NA,NA,1,NA,NA,NA,1,NA,NA,NA,NA,NA,NA,1,NA,NA,1,NA,NA,NA,NA,NA,NA,1,1,NA,2,NA,NA,NA,NA,1,NA,NA,NA,NA,NA,NA,NA,NA,NA,NA,NA,1,NA,1,NA,NA,NA,NA,NA,1,NA,NA,NA
PLFEKH_09190,5,2,3,NA,2,1,2,NA,6,2,2,NA,3,1,1,NA,1,3,NA,1,NA,3,NA,4,1,1,NA,2,NA,6,1,2,3,NA,NA,4,NA,4,1,14,2,2,NA,1,NA,2,1,NA,NA,1,1,2,1,9,2,6,1,2,4,2,NA
PLFEKH_09195,2,1,13,5,NA,NA,2,NA,4,3,NA,1,5,3,2,NA,9,2,NA,1,2,3,1,1,4,NA,4,1,2,4,3,2,1,2,2,2,1,2,NA,3,2,1,1,NA,NA,NA,2,NA,2,1,1,4,5,NA,NA,NA,2,NA,1,NA,1
PLFEKH_09200,5,4,2,2,NA,NA,2,2,9,2,NA,1,7,1,4,NA,12,3,2,6,8,1,2,2,5,5,6,2,NA,7,2,NA,5,NA,8,2,1,6,3,12,4,1,4,NA,NA,3,3,NA,3,4,5,2,5,9,3,10,3,5,5,2,3
PLFEKH_09205,2,2,1,NA,NA,NA,NA,NA,1,1,NA,NA,2,2,NA,NA,1,1,1,NA,NA,1,NA,3,NA,1,NA,1,NA,1,NA,NA,NA,2,2,1,NA,3,2,4,4,1,NA,NA,NA,1,1,1,1,NA,1,1,1,3,1,2,2,NA,2,1,1
PLFEKH_09215,8,1,12,7,1,1,4,5,5,1,NA,3,1,11,4,NA,4,5,NA,3,2,4,NA,3,8,2,NA,3,2,22,5,4,6,1,1,3,5,16,6,14,2,9,3,6,NA,9,5,2,1,7,5,4,4,12,2,14,10,3,1,2,2
PLFEKH_09250,5,3,3,1,1,NA,2,NA,1,1,2,NA,NA,NA,2,NA,8,NA,NA,NA,4,3,3,3,6,1,1,NA,1,3,NA,NA,2,NA,2,NA,1,NA,1,4,3,1,1,1,NA,2,2,NA,1,2,5,3,8,8,NA,6,5,NA,3,NA,NA
PLFEKH_09255,13,4,6,NA,1,NA,NA,6,11,2,2,2,4,1,4,1,13,3,1,4,10,12,4,3,9,11,9,1,2,7,11,NA,5,2,2,NA,7,4,5,19,2,2,2,NA,NA,1,3,1,8,1,5,2,12,14,6,11,5,7,5,3,1
PLFEKH_09260,3,2,1,1,NA,NA,NA,NA,2,NA,NA,2,4,1,NA,NA,3,NA,NA,NA,NA,1,1,NA,1,2,2,1,NA,1,1,2,NA,NA,NA,NA,NA,1,NA,2,2,NA,NA,NA,NA,2,2,1,1,NA,NA,NA,1,5,NA,2,5,NA,NA,NA,1
PLFEKH_09270,6,1,4,4,1,1,1,1,1,1,NA,1,4,4,2,NA,17,NA,2,NA,4,5,1,1,7,3,NA,NA,1,10,6,1,6,1,2,NA,3,3,1,8,2,2,1,NA,NA,3,4,4,14,NA,3,1,15,4,2,7,3,2,6,1,6
PLFEKH_09285,4,2,4,2,1,NA,2,1,1,2,NA,NA,6,2,NA,2,9,NA,NA,3,1,5,1,6,6,2,5,1,NA,4,5,1,4,1,2,1,3,2,3,5,NA,2,3,NA,NA,1,2,2,3,1,4,3,7,10,4,5,5,3,5,2,3
PLFEKH_09295,NA,NA,NA,NA,NA,NA,NA,NA,1,NA,NA,NA,1,NA,NA,NA,NA,NA,NA,NA,NA,1,NA,NA,NA,1,NA,NA,NA,NA,NA,NA,NA,NA,NA,1,NA,NA,NA,NA,NA,NA,NA,NA,NA,NA,NA,NA,NA,NA,NA,NA,NA,NA,NA,NA,NA,NA,NA,NA,NA
PLFEKH_09310,12,4,11,1,1,1,3,1,NA,NA,NA,1,2,2,1,NA,16,2,NA,2,4,2,1,3,2,1,NA,1,NA,9,5,NA,8,3,4,1,NA,3,4,1,NA,1,2,NA,NA,4,2,NA,1,2,5,3,4,3,NA,3,NA,3,1,1,2
PLFEKH_09315,2,NA,NA,NA,NA,NA,NA,NA,NA,NA,NA,NA,1,NA,NA,NA,NA,NA,NA,NA,1,NA,NA,NA,NA,NA,NA,NA,NA,3,2,NA,1,NA,NA,NA,NA,NA,NA,1,NA,NA,NA,NA,NA,NA,NA,1,NA,NA,3,NA,NA,NA,NA,NA,NA,NA,NA,1,NA
PLFEKH_09325,NA,NA,NA,NA,NA,NA,NA,NA,NA,NA,NA,NA,NA,1,1,NA,5,1,1,1,NA,1,NA,1,NA,1,NA,NA,1,1,1,NA,NA,NA,1,NA,NA,1,NA,2,NA,1,NA,NA,NA,2,1,NA,3,NA,1,2,1,2,NA,2,1,1,2,NA,NA
PLFEKH_09330,NA,NA,1,2,NA,NA,NA,NA,1,NA,NA,NA,NA,NA,NA,NA,8,NA,NA,NA,1,NA,NA,1,2,1,NA,NA,NA,2,3,NA,2,NA,2,NA,1,NA,1,2,1,NA,NA,NA,NA,NA,3,NA,1,NA,NA,NA,2,4,2,2,1,2,3,NA,NA
PLFEKH_09335,8,4,1,3,NA,NA,1,4,2,3,NA,NA,2,NA,1,2,19,NA,1,NA,12,6,NA,NA,10,4,13,NA,1,5,7,1,4,NA,7,NA,1,5,13,5,NA,1,3,NA,NA,3,2,NA,12,NA,4,NA,4,5,3,12,5,1,8,NA,3
PLFEKH_09340,1,1,1,2,NA,1,NA,2,2,NA,NA,NA,NA,2,NA,NA,7,NA,1,NA,3,NA,NA,NA,1,2,2,NA,1,2,1,NA,NA,NA,4,1,1,1,NA,3,1,1,NA,NA,NA,NA,3,1,NA,1,2,NA,1,5,NA,4,2,NA,3,NA,NA
PLFEKH_09345,3,2,7,3,3,3,2,1,NA,NA,NA,NA,1,2,2,1,12,3,5,4,6,3,2,12,14,1,3,NA,NA,3,3,NA,2,3,5,9,4,3,4,8,1,6,7,NA,NA,1,4,1,6,6,7,4,6,9,4,11,2,3,4,NA,3
PLFEKH_09350,1,NA,NA,1,NA,1,NA,NA,1,NA,NA,NA,4,2,1,NA,3,NA,NA,NA,NA,1,NA,3,9,1,2,1,1,2,2,NA,2,1,1,1,2,2,5,3,1,1,3,NA,NA,1,NA,NA,NA,NA,4,2,1,1,1,4,NA,NA,NA,NA,1
PLFEKH_09360,1,1,1,3,NA,1,NA,1,2,NA,NA,NA,1,2,3,NA,10,NA,1,2,1,3,NA,11,10,1,4,NA,2,2,2,NA,3,1,1,NA,1,NA,1,3,1,2,1,NA,NA,NA,2,NA,2,NA,5,3,4,8,NA,5,3,5,6,NA,1
PLFEKH_09365,4,5,NA,3,NA,1,NA,4,1,NA,NA,NA,NA,NA,5,NA,22,NA,NA,1,1,2,1,2,12,6,8,NA,NA,11,6,NA,6,NA,4,NA,2,5,7,7,3,NA,2,1,NA,1,1,1,9,NA,15,1,3,12,3,14,6,3,4,NA,NA
PLFEKH_09370,3,6,4,5,5,3,1,3,4,4,NA,NA,4,3,3,NA,17,5,1,1,8,3,2,18,18,8,14,NA,2,10,4,NA,6,1,8,2,3,14,8,12,1,2,15,NA,NA,3,9,5,8,2,3,6,12,14,1,21,5,6,10,1,3
PLFEKH_09375,NA,1,NA,NA,NA,NA,1,NA,NA,NA,NA,NA,NA,NA,1,NA,NA,NA,1,NA,NA,NA,NA,2,1,NA,NA,NA,NA,NA,NA,NA,4,NA,1,NA,NA,NA,1,2,NA,NA,NA,NA,NA,1,NA,NA,2,NA,2,1,NA,2,NA,1,NA,1,1,NA,NA
PLFEKH_09400,NA,NA,NA,NA,NA,NA,NA,NA,NA,NA,NA,NA,NA,NA,NA,NA,NA,NA,NA,1,NA,NA,1,NA,NA,1,NA,NA,NA,NA,NA,NA,NA,NA,NA,NA,NA,1,NA,NA,NA,NA,NA,NA,NA,NA,NA,NA,NA,NA,NA,NA,NA,1,NA,NA,NA,NA,NA,NA,NA
PLFEKH_09405,17,8,4,2,1,NA,1,2,1,4,1,2,12,NA,2,NA,18,NA,2,2,4,2,1,2,6,8,5,NA,NA,12,16,NA,17,2,8,1,1,1,3,10,NA,2,1,NA,NA,2,4,3,5,2,9,4,10,4,3,6,1,8,16,3,3
PLFEKH_09410,NA,NA,NA,2,NA,NA,NA,NA,NA,2,NA,1,1,NA,1,NA,NA,NA,NA,NA,1,NA,NA,NA,2,2,NA,NA,1,3,NA,1,3,2,2,1,1,NA,2,2,NA,NA,1,NA,NA,2,1,NA,2,NA,NA,NA,NA,6,NA,1,5,2,2,NA,NA
PLFEKH_09415,12,7,3,3,NA,1,NA,5,5,7,1,3,10,2,4,NA,8,3,1,2,3,7,3,10,7,9,5,NA,2,13,7,2,9,1,7,NA,5,8,5,16,1,1,3,NA,NA,4,5,5,10,2,9,1,4,23,11,23,7,4,11,1,3
PLFEKH_09420,NA,NA,2,NA,NA,1,1,1,NA,NA,NA,NA,NA,NA,2,NA,4,NA,NA,NA,1,NA,NA,1,4,NA,1,NA,NA,2,NA,NA,3,1,NA,NA,1,NA,1,2,1,NA,1,NA,NA,NA,1,NA,NA,NA,NA,NA,1,1,NA,3,2,1,NA,NA,NA
PLFEKH_09425,NA,NA,2,1,NA,1,1,NA,2,NA,NA,NA,NA,2,NA,NA,1,NA,NA,NA,NA,NA,NA,2,NA,NA,NA,NA,1,2,1,NA,2,NA,1,NA,NA,1,4,2,NA,1,2,NA,1,NA,4,NA,2,1,1,1,1,2,1,4,1,NA,1,NA,NA
PLFEKH_09430,NA,1,NA,NA,NA,NA,NA,NA,1,NA,NA,NA,1,NA,NA,NA,3,NA,NA,NA,1,NA,NA,2,2,NA,NA,NA,NA,NA,1,NA,3,NA,3,NA,NA,1,3,9,NA,NA,NA,NA,NA,NA,NA,NA,NA,NA,1,1,1,2,1,NA,NA,NA,NA,NA,NA
PLFEKH_09445,1,1,3,NA,NA,1,NA,NA,3,1,NA,NA,2,1,4,3,4,NA,NA,NA,2,1,NA,3,6,4,4,NA,NA,2,2,1,2,2,1,1,2,4,3,2,NA,NA,2,NA,NA,1,NA,1,4,1,2,2,1,6,5,12,6,NA,5,1,3
PLFEKH_09450,4,2,2,2,NA,2,1,NA,3,1,NA,3,3,3,2,1,4,NA,1,NA,1,1,1,6,2,3,4,1,1,3,2,1,1,1,2,NA,2,4,1,3,2,1,2,NA,NA,1,1,NA,2,NA,NA,1,1,5,3,5,3,3,2,NA,NA
PLFEKH_09460,3,2,2,4,2,NA,1,3,5,1,1,NA,1,1,3,NA,19,4,1,NA,4,1,2,4,6,2,1,1,NA,10,2,NA,3,3,6,1,2,6,5,8,1,3,1,NA,NA,5,1,NA,9,1,5,7,10,8,1,17,3,4,10,3,3
PLFEKH_09470,6,1,1,3,1,NA,1,1,1,NA,NA,NA,NA,NA,NA,NA,10,1,NA,3,2,1,2,3,9,5,4,NA,3,7,3,1,4,1,2,NA,3,1,3,6,1,1,1,NA,NA,3,5,NA,5,1,1,2,6,4,2,9,5,2,3,1,4
PLFEKH_09475,4,3,6,2,NA,2,2,NA,3,1,NA,NA,4,1,1,NA,4,3,1,3,NA,2,NA,1,7,1,4,1,1,4,1,3,9,1,1,1,3,6,2,6,2,4,1,NA,NA,1,2,NA,4,2,NA,3,4,4,1,9,4,2,2,NA,NA
PLFEKH_09480,NA,NA,NA,NA,NA,NA,NA,NA,NA,NA,NA,NA,NA,NA,NA,NA,1,NA,NA,NA,NA,NA,NA,NA,NA,NA,NA,NA,NA,NA,1,NA,NA,NA,NA,NA,NA,NA,NA,NA,NA,NA,NA,NA,NA,NA,NA,NA,NA,NA,NA,NA,NA,NA,1,1,NA,NA,NA,NA,NA
PLFEKH_09495,3,2,NA,1,1,1,NA,NA,NA,1,NA,NA,8,2,1,1,4,1,NA,NA,2,1,1,NA,2,2,2,NA,1,6,2,NA,4,NA,2,NA,1,NA,NA,4,NA,2,2,NA,NA,2,1,2,7,3,4,4,4,1,1,2,3,3,NA,NA,1
PLFEKH_09515,5,2,1,1,1,NA,1,2,2,1,NA,1,6,2,NA,NA,6,NA,NA,2,5,3,1,1,4,1,2,1,2,2,NA,NA,6,1,1,NA,1,NA,2,5,NA,NA,2,NA,NA,3,NA,1,3,2,1,3,7,5,2,7,12,2,4,NA,1
PLFEKH_09520,17,4,10,9,1,1,2,1,6,6,2,1,6,3,3,2,21,2,1,1,8,5,2,3,5,4,4,1,1,10,5,1,10,3,5,2,3,4,2,2,NA,2,6,NA,NA,4,2,1,16,4,6,9,8,7,1,2,1,14,5,5,1
PLFEKH_09525,1,NA,NA,NA,NA,NA,NA,NA,NA,NA,NA,NA,NA,NA,NA,NA,1,NA,NA,NA,NA,NA,NA,NA,NA,NA,NA,NA,NA,NA,NA,NA,NA,NA,NA,NA,NA,NA,NA,1,NA,NA,NA,NA,NA,NA,NA,NA,NA,NA,NA,2,1,NA,NA,NA,1,NA,NA,NA,NA
PLFEKH_09530,3,3,4,NA,2,NA,1,1,3,1,NA,NA,1,1,NA,NA,5,NA,NA,1,1,3,1,1,5,2,NA,NA,NA,4,1,NA,3,1,4,1,NA,3,1,6,NA,NA,NA,NA,NA,2,NA,NA,NA,3,NA,1,NA,4,1,8,2,NA,1,NA,NA
PLFEKH_09535,2,NA,1,NA,NA,1,NA,NA,2,NA,2,1,NA,NA,NA,NA,NA,NA,1,1,NA,NA,1,NA,2,NA,2,NA,NA,NA,1,NA,NA,NA,1,NA,NA,NA,1,NA,NA,1,1,NA,NA,NA,1,1,NA,NA,1,1,1,1,NA,NA,NA,2,2,NA,1
PLFEKH_09550,2,2,1,NA,NA,NA,1,NA,NA,1,NA,NA,NA,2,NA,NA,6,NA,1,NA,NA,1,NA,4,3,1,3,NA,NA,2,1,NA,5,NA,3,NA,2,2,2,6,1,2,NA,NA,NA,2,2,NA,2,1,2,NA,1,7,NA,10,1,1,1,NA,NA
PLFEKH_09575,10,8,7,8,4,3,NA,2,13,4,1,1,6,7,5,2,19,2,1,5,8,8,3,7,13,13,5,2,NA,11,4,3,4,1,3,2,6,8,11,19,2,NA,4,NA,NA,6,2,2,7,4,7,7,10,14,11,15,4,7,5,2,1
PLFEKH_09580,3,2,3,1,NA,1,NA,2,1,1,1,2,NA,2,NA,NA,1,NA,1,NA,1,2,1,1,1,NA,1,1,NA,4,NA,NA,2,NA,NA,NA,1,2,NA,1,1,1,2,NA,NA,1,NA,NA,2,NA,1,1,2,4,1,4,1,2,NA,NA,1
PLFEKH_09590,5,1,5,2,NA,3,1,1,NA,2,3,5,4,3,NA,NA,5,1,NA,3,3,1,NA,3,3,3,NA,NA,1,1,1,NA,3,NA,3,1,NA,2,1,5,NA,1,3,1,NA,3,1,1,1,2,3,4,NA,1,1,4,NA,NA,4,2,NA
PLFEKH_09595,7,3,3,3,NA,2,1,2,4,4,NA,1,NA,4,2,NA,13,2,1,2,4,1,2,NA,3,5,3,NA,2,8,7,NA,12,1,3,NA,3,2,3,9,NA,1,7,NA,NA,3,6,NA,1,3,6,3,10,6,NA,9,5,5,NA,1,4
PLFEKH_09600,NA,1,2,5,2,2,NA,NA,1,3,NA,NA,1,1,2,1,10,1,3,3,3,3,NA,2,8,3,9,1,2,9,5,NA,6,1,2,NA,2,5,6,9,1,3,9,NA,NA,1,2,2,2,NA,9,2,6,13,2,9,7,4,4,NA,2
PLFEKH_09610,2,1,1,2,NA,NA,3,NA,2,NA,NA,NA,NA,2,2,NA,4,NA,NA,1,2,NA,NA,1,1,1,1,1,1,5,4,NA,1,NA,NA,NA,5,2,3,1,1,NA,1,NA,NA,3,2,1,7,NA,1,2,2,1,5,1,1,NA,5,2,NA
PLFEKH_09620,3,3,4,4,NA,2,3,4,8,2,NA,NA,3,3,5,NA,14,2,NA,3,2,3,NA,10,16,7,6,NA,NA,15,4,NA,15,7,4,5,2,9,6,13,2,8,4,NA,1,5,7,1,9,4,16,7,15,17,5,22,6,7,6,2,2
PLFEKH_09630,8,5,NA,6,3,NA,NA,1,3,4,1,NA,3,1,2,NA,14,1,1,NA,6,4,3,2,7,7,6,2,1,1,3,NA,3,NA,6,1,4,3,4,5,NA,NA,4,1,NA,3,1,2,3,2,3,NA,8,5,2,5,5,3,3,3,3
PLFEKH_09635,2,3,2,5,4,2,2,1,1,NA,NA,2,1,5,1,NA,10,NA,1,2,10,6,1,4,3,6,3,NA,3,7,3,1,14,1,4,1,4,4,2,7,2,3,1,1,NA,5,2,1,6,2,4,8,9,7,4,11,4,5,5,4,4
PLFEKH_09640,1,NA,1,2,NA,1,NA,NA,2,NA,NA,NA,1,NA,NA,NA,2,NA,1,1,NA,NA,NA,1,NA,1,NA,NA,NA,2,1,NA,4,1,NA,NA,NA,NA,2,2,1,1,NA,NA,NA,1,NA,NA,4,1,1,2,4,2,1,1,NA,NA,2,1,1
PLFEKH_09645,4,NA,1,4,NA,NA,2,1,1,1,NA,NA,2,2,1,NA,5,1,1,1,2,2,NA,3,11,4,1,NA,2,3,3,NA,7,NA,5,1,NA,1,3,2,1,2,2,NA,NA,2,2,1,2,1,4,2,7,8,3,6,4,NA,NA,1,NA
PLFEKH_09660,2,NA,1,3,1,1,NA,NA,1,NA,2,NA,2,1,NA,NA,1,1,NA,NA,2,NA,NA,1,1,1,NA,NA,1,NA,2,1,1,NA,2,1,1,NA,NA,NA,NA,NA,NA,NA,NA,1,1,NA,2,NA,1,NA,1,NA,NA,3,NA,1,1,3,1
PLFEKH_09675,3,12,1,NA,2,5,NA,NA,8,13,1,1,5,4,7,NA,30,NA,NA,3,8,6,7,6,13,14,8,1,NA,9,12,NA,17,4,10,NA,4,1,16,22,4,NA,4,NA,NA,6,3,5,13,7,7,11,10,15,11,27,12,16,6,NA,NA
PLFEKH_09680,2,NA,1,2,1,NA,2,NA,NA,1,NA,NA,4,1,1,NA,4,NA,NA,2,6,3,2,NA,2,3,2,1,NA,3,3,NA,1,NA,2,NA,2,3,NA,5,NA,1,1,NA,NA,2,1,NA,NA,1,1,NA,2,3,NA,8,2,2,NA,1,2
PLFEKH_09685,4,1,2,2,NA,1,6,1,3,1,NA,2,1,3,3,NA,6,2,NA,2,1,4,3,4,NA,4,4,1,1,4,2,1,8,1,NA,2,2,4,2,3,NA,NA,2,NA,NA,1,4,NA,4,4,7,3,3,7,4,6,1,6,2,6,1
PLFEKH_09710,4,2,3,NA,1,2,1,1,4,1,1,1,8,3,1,NA,11,1,1,1,6,6,1,2,2,6,5,1,NA,7,2,NA,7,NA,5,NA,4,2,4,7,2,NA,4,NA,NA,3,3,NA,6,NA,1,2,3,13,1,11,1,2,5,NA,2
PLFEKH_09715,3,5,1,NA,1,1,NA,3,2,2,1,2,NA,1,1,NA,11,3,NA,1,NA,6,2,3,3,3,6,NA,NA,8,3,NA,5,NA,2,NA,3,2,5,7,NA,1,3,NA,NA,3,NA,1,6,NA,3,2,3,7,3,9,5,6,2,NA,NA
PLFEKH_09720,2,NA,NA,1,NA,NA,NA,NA,2,1,1,1,3,1,NA,NA,4,NA,NA,NA,NA,3,1,NA,NA,3,1,1,NA,3,2,NA,6,NA,1,NA,NA,1,NA,NA,NA,NA,1,NA,NA,1,NA,NA,3,1,NA,1,2,NA,NA,3,NA,2,3,NA,NA
PLFEKH_09735,9,16,1,1,5,3,1,2,2,11,1,2,3,3,3,NA,35,2,NA,NA,19,3,4,3,11,18,9,NA,NA,5,16,NA,19,7,12,NA,4,7,8,24,4,NA,4,NA,NA,10,1,4,13,5,5,11,16,15,21,30,3,19,9,NA,NA
PLFEKH_09740,2,3,2,NA,NA,NA,2,1,1,1,2,NA,3,2,NA,NA,2,NA,1,NA,2,3,1,2,3,2,3,NA,NA,2,NA,NA,NA,1,4,NA,3,1,NA,NA,2,NA,1,NA,NA,1,2,2,2,3,1,NA,5,3,1,8,2,NA,2,NA,NA
PLFEKH_09745,NA,1,NA,NA,2,3,NA,NA,2,3,2,1,1,NA,1,NA,7,1,NA,NA,2,1,NA,NA,NA,2,3,NA,NA,3,7,NA,9,NA,6,NA,1,NA,7,9,NA,NA,2,NA,NA,3,1,NA,3,4,NA,11,2,11,7,14,1,9,6,NA,NA
PLFEKH_09755,2,2,NA,2,NA,NA,NA,NA,1,NA,NA,NA,NA,NA,NA,NA,4,NA,1,NA,NA,1,1,1,6,1,2,NA,NA,3,1,NA,2,NA,3,NA,1,1,NA,3,1,NA,1,NA,NA,NA,2,1,5,1,1,1,3,2,1,3,NA,NA,2,NA,NA
PLFEKH_09775,7,2,1,6,1,1,1,2,4,1,NA,NA,NA,3,2,NA,12,2,NA,1,9,1,2,3,4,9,8,1,NA,11,6,NA,8,3,3,2,3,3,3,2,2,2,1,NA,NA,2,3,2,6,3,2,5,5,16,2,12,4,9,5,NA,2
PLFEKH_09785,3,NA,8,3,1,2,NA,NA,4,NA,3,NA,NA,1,3,NA,10,3,2,1,5,5,3,3,3,5,3,1,NA,5,3,NA,4,1,3,3,1,3,1,4,3,NA,NA,NA,NA,4,1,4,4,1,1,4,2,7,3,8,1,4,4,1,1
PLFEKH_09795,4,5,4,4,2,3,3,1,8,2,NA,NA,5,3,4,1,14,1,NA,1,6,3,3,8,9,17,5,3,NA,8,5,1,9,4,11,1,4,4,9,17,2,2,8,2,NA,6,1,3,11,5,10,5,6,13,6,20,3,17,7,4,2
PLFEKH_09800,10,3,3,4,NA,NA,1,3,5,2,NA,1,5,NA,1,NA,9,NA,2,4,9,4,2,3,7,10,6,1,2,8,2,2,12,NA,2,NA,4,5,2,8,1,1,2,1,NA,3,3,1,4,2,6,2,11,10,1,9,8,5,3,4,2
PLFEKH_09805,1,6,1,2,4,4,2,1,2,4,1,2,NA,1,6,NA,22,2,2,1,5,2,3,NA,8,12,4,NA,NA,10,8,NA,16,4,9,NA,4,4,10,19,2,NA,5,NA,NA,12,5,7,9,9,11,10,10,11,17,21,NA,15,13,NA,2
PLFEKH_09810,7,4,1,2,5,2,2,NA,2,2,3,NA,NA,2,4,NA,9,1,2,NA,2,3,1,1,3,3,7,1,2,4,2,2,8,4,3,2,2,8,3,6,2,2,3,2,NA,5,5,1,9,NA,7,5,3,10,8,5,2,2,1,4,1
PLFEKH_09820,8,7,1,1,3,2,1,3,9,4,1,3,11,3,2,NA,25,3,1,1,9,3,2,5,8,10,8,NA,NA,9,9,NA,10,7,11,2,2,11,8,24,3,1,5,NA,NA,5,5,5,9,4,5,7,12,15,12,23,7,6,9,1,5
PLFEKH_09825,8,6,5,8,11,6,5,2,5,3,4,2,4,4,7,NA,26,4,NA,7,15,10,6,1,15,9,8,1,2,10,8,NA,22,3,7,5,2,9,12,16,2,NA,6,NA,NA,15,4,5,18,6,12,5,20,12,15,24,3,22,5,7,7
PLFEKH_09830,NA,4,NA,1,1,2,NA,NA,NA,3,NA,2,1,NA,NA,NA,13,2,NA,1,8,NA,NA,NA,5,3,NA,NA,NA,5,5,NA,2,2,2,NA,1,1,2,5,NA,NA,3,NA,NA,3,2,NA,5,7,3,5,5,1,2,8,3,8,1,NA,2
PLFEKH_09835,8,4,3,NA,3,5,NA,NA,4,1,1,1,2,5,2,1,11,2,3,2,3,8,NA,6,7,9,9,NA,NA,11,5,NA,6,2,5,NA,5,6,NA,4,2,2,1,NA,NA,7,9,3,9,4,8,7,6,9,1,12,8,9,9,3,3
PLFEKH_09840,NA,NA,NA,NA,NA,NA,NA,1,NA,NA,NA,NA,1,1,NA,1,2,NA,NA,NA,NA,NA,NA,2,NA,1,NA,NA,NA,1,NA,NA,NA,NA,2,NA,NA,NA,NA,3,NA,NA,1,NA,NA,NA,NA,NA,1,NA,1,1,NA,1,NA,2,1,NA,1,NA,NA
PLFEKH_09845,NA,NA,NA,1,NA,NA,1,NA,NA,NA,NA,NA,3,NA,NA,1,NA,NA,NA,NA,1,NA,NA,3,3,1,1,NA,NA,2,NA,NA,NA,NA,1,NA,NA,1,NA,4,NA,2,NA,NA,NA,NA,2,1,2,NA,2,NA,1,4,1,NA,NA,2,NA,NA,NA
PLFEKH_09855,3,1,NA,2,NA,NA,NA,NA,2,2,NA,1,1,3,1,NA,9,NA,1,1,3,3,NA,4,3,3,3,NA,NA,4,4,NA,1,NA,1,NA,3,3,1,7,NA,3,NA,NA,NA,NA,1,1,2,3,2,3,10,6,NA,9,3,2,4,1,2
PLFEKH_09860,19,4,8,9,4,4,2,7,20,17,3,1,14,4,2,NA,21,3,2,5,8,11,6,11,11,12,18,2,2,13,5,1,14,1,12,2,6,8,9,14,6,8,6,NA,NA,12,10,4,4,2,15,6,8,26,7,30,10,9,14,1,4
PLFEKH_09865,3,1,NA,4,NA,1,NA,1,6,3,1,1,6,1,1,NA,4,1,1,NA,4,3,2,NA,2,3,6,NA,NA,3,6,NA,7,NA,5,NA,3,3,2,5,2,1,2,NA,NA,2,2,2,1,NA,6,1,5,5,3,5,1,1,5,1,NA
PLFEKH_09870,4,1,2,NA,NA,1,3,1,3,2,4,NA,2,3,2,1,5,1,3,1,4,2,NA,3,2,6,3,3,NA,3,4,NA,4,NA,3,1,2,1,2,1,NA,2,NA,1,NA,2,NA,NA,2,NA,5,5,1,7,2,4,NA,5,1,1,2
PLFEKH_09875,1,NA,NA,NA,NA,NA,NA,NA,NA,NA,NA,NA,1,1,NA,NA,NA,NA,NA,NA,NA,NA,NA,NA,NA,NA,1,NA,1,NA,NA,NA,NA,NA,NA,NA,NA,NA,NA,NA,NA,NA,NA,NA,NA,NA,NA,NA,NA,NA,NA,NA,NA,NA,NA,NA,1,NA,NA,NA,NA
PLFEKH_09880,NA,2,1,NA,NA,NA,NA,2,NA,1,NA,NA,NA,NA,NA,NA,2,NA,1,2,NA,NA,NA,1,1,NA,NA,NA,NA,2,1,NA,NA,NA,1,2,1,2,2,4,2,NA,NA,NA,NA,2,NA,NA,NA,NA,1,1,1,1,1,3,1,1,NA,2,1
PLFEKH_09885,9,NA,3,7,NA,1,NA,1,1,1,2,1,11,3,9,NA,8,NA,3,1,3,3,2,6,5,5,1,1,NA,6,6,NA,10,4,2,NA,3,5,NA,4,NA,2,1,NA,1,4,2,5,5,1,4,3,9,3,NA,3,NA,1,6,5,4
PLFEKH_09890,NA,NA,1,1,NA,NA,NA,1,2,NA,NA,NA,NA,NA,1,NA,NA,1,NA,NA,NA,NA,NA,NA,2,NA,NA,NA,NA,3,NA,NA,NA,NA,NA,NA,NA,1,1,NA,2,2,NA,NA,NA,1,NA,NA,2,1,1,1,NA,3,NA,1,NA,1,NA,NA,1
PLFEKH_09905,3,1,3,5,NA,NA,NA,NA,3,NA,1,NA,6,1,NA,NA,6,NA,1,NA,NA,8,NA,4,7,2,2,1,NA,6,1,NA,3,NA,1,1,NA,2,1,4,1,1,1,1,NA,3,NA,1,1,1,1,1,4,9,3,5,NA,2,4,2,1
PLFEKH_09915,NA,NA,NA,NA,NA,NA,NA,NA,NA,NA,NA,NA,NA,NA,NA,1,1,1,NA,NA,NA,NA,1,NA,NA,NA,NA,NA,NA,NA,NA,NA,NA,NA,NA,NA,NA,1,NA,NA,NA,NA,NA,NA,NA,NA,NA,NA,NA,NA,1,NA,NA,NA,NA,1,NA,NA,1,NA,NA
PLFEKH_09920,9,6,9,8,1,2,2,1,4,4,3,3,10,5,2,1,8,2,5,4,6,7,NA,4,7,3,5,2,3,12,6,NA,4,2,4,NA,5,7,5,13,NA,3,3,NA,NA,8,2,2,5,4,14,6,7,11,6,19,5,8,7,NA,2
PLFEKH_09925,13,11,8,4,NA,5,3,6,15,4,NA,NA,5,6,10,NA,41,6,4,5,9,3,6,7,17,13,10,1,1,19,17,2,12,2,17,4,10,8,9,28,5,8,19,1,NA,16,21,5,16,2,19,10,13,32,5,27,13,23,23,6,6
PLFEKH_09930,11,3,9,8,4,2,2,4,6,1,3,4,10,4,3,2,17,1,1,NA,7,7,NA,4,7,5,10,2,1,16,9,4,15,4,3,1,5,3,3,7,1,3,1,NA,NA,3,4,3,8,5,6,4,6,6,5,3,3,4,8,3,2
PLFEKH_09935,4,1,2,2,1,NA,NA,NA,1,NA,2,1,1,2,1,NA,2,NA,1,1,NA,1,NA,2,4,3,2,NA,1,5,2,1,NA,1,1,2,NA,3,1,2,NA,2,NA,NA,NA,4,2,NA,4,NA,3,2,3,3,5,1,5,3,2,1,2
PLFEKH_09940,NA,NA,2,NA,1,1,1,1,NA,2,NA,1,1,3,1,NA,4,2,1,4,2,2,1,6,5,8,7,1,NA,1,1,NA,1,2,3,1,2,NA,3,13,4,NA,2,NA,NA,3,2,2,1,7,2,5,6,2,4,10,5,4,4,1,NA
PLFEKH_09945,9,13,5,8,3,1,3,8,8,13,NA,NA,5,3,6,1,28,3,NA,2,11,3,1,5,16,24,10,NA,NA,11,14,NA,12,2,12,2,9,12,15,30,14,4,9,NA,NA,15,6,3,10,7,4,5,17,28,16,27,13,15,10,1,3
PLFEKH_09950,5,4,1,2,2,2,NA,3,1,2,NA,NA,3,2,1,NA,11,NA,NA,NA,6,2,1,3,4,8,3,1,NA,7,9,NA,11,NA,7,NA,2,2,6,5,1,1,7,NA,1,6,1,2,5,7,4,6,7,5,1,11,5,7,4,1,2
PLFEKH_09960,3,2,5,3,1,2,2,1,7,3,NA,1,1,1,1,NA,10,NA,NA,NA,2,1,2,2,7,6,8,NA,2,8,4,NA,7,1,7,1,1,2,1,7,1,3,4,NA,NA,3,2,1,5,1,NA,4,5,6,3,12,8,3,5,NA,3
PLFEKH_09965,NA,NA,NA,NA,NA,NA,NA,NA,NA,1,NA,NA,NA,NA,NA,NA,NA,NA,NA,NA,NA,NA,1,1,NA,NA,NA,NA,NA,NA,NA,NA,NA,1,NA,NA,NA,NA,NA,1,NA,1,NA,NA,NA,NA,NA,1,NA,NA,NA,NA,NA,NA,NA,NA,NA,1,NA,NA,NA
PLFEKH_09970,NA,NA,1,1,NA,NA,NA,NA,NA,NA,NA,NA,NA,NA,NA,NA,1,NA,NA,NA,NA,NA,NA,2,1,3,NA,NA,NA,NA,NA,NA,NA,NA,NA,NA,NA,1,1,3,1,NA,NA,NA,NA,NA,NA,NA,NA,NA,NA,2,NA,2,NA,2,1,NA,NA,NA,NA
PLFEKH_09980,5,1,3,3,NA,2,NA,1,4,3,4,NA,3,3,NA,NA,8,NA,1,NA,7,4,2,4,5,5,4,1,1,5,1,3,4,2,2,2,2,1,NA,3,5,2,2,NA,NA,NA,5,3,2,1,5,7,7,6,1,10,2,3,2,2,1
PLFEKH_09985,4,2,2,2,NA,NA,1,NA,NA,NA,1,NA,4,2,1,NA,5,NA,NA,NA,2,NA,2,NA,1,2,2,1,1,10,3,1,7,NA,4,1,NA,NA,1,1,NA,NA,1,NA,NA,2,1,1,2,2,4,2,4,4,NA,4,1,6,5,1,2
PLFEKH_09990,3,3,4,3,NA,NA,NA,1,3,NA,NA,NA,3,1,NA,NA,3,NA,NA,NA,1,1,NA,2,1,NA,1,1,1,3,4,2,3,NA,NA,1,1,2,3,3,1,NA,1,NA,NA,1,4,NA,2,1,1,1,2,1,NA,3,NA,2,1,1,NA
PLFEKH_10015,6,11,2,7,2,3,3,6,2,3,2,NA,4,3,3,1,30,NA,1,1,15,5,6,1,7,11,7,1,1,15,15,2,14,2,5,3,8,4,9,8,NA,2,3,NA,NA,8,7,9,15,4,11,4,16,20,5,21,4,13,9,1,7
PLFEKH_10020,3,1,NA,NA,NA,NA,NA,NA,NA,NA,NA,1,4,1,NA,NA,5,1,NA,NA,3,NA,NA,1,NA,NA,2,NA,NA,5,1,NA,1,NA,3,NA,NA,1,1,1,NA,NA,NA,NA,NA,NA,NA,NA,2,NA,NA,NA,NA,6,1,4,NA,1,3,NA,NA
PLFEKH_10030,2,1,2,2,NA,1,1,NA,3,1,NA,NA,2,NA,1,NA,6,3,2,NA,5,3,1,1,4,4,3,NA,1,2,3,1,1,2,1,NA,1,NA,NA,1,NA,1,1,NA,NA,2,4,2,3,2,4,3,1,6,1,7,1,1,2,2,NA
PLFEKH_10035,11,5,5,4,3,2,2,1,5,3,1,5,5,4,2,3,14,2,1,7,3,4,3,5,16,5,8,1,2,11,5,2,6,5,4,1,2,8,4,6,NA,1,8,NA,NA,3,3,5,6,3,7,2,7,18,4,20,4,7,9,2,1
PLFEKH_10045,NA,1,NA,NA,NA,NA,NA,NA,NA,1,NA,NA,2,NA,NA,NA,NA,1,NA,NA,NA,NA,NA,NA,NA,NA,NA,1,NA,1,NA,NA,2,NA,NA,NA,1,1,1,4,NA,NA,NA,NA,NA,1,NA,NA,NA,1,NA,1,NA,NA,1,3,1,1,1,1,NA
PLFEKH_10050,NA,2,NA,NA,NA,NA,NA,1,NA,NA,NA,1,2,NA,NA,NA,3,NA,NA,NA,1,1,NA,NA,1,NA,1,NA,NA,2,NA,NA,1,NA,1,NA,1,2,1,4,NA,NA,1,NA,NA,1,NA,NA,1,NA,2,NA,4,3,1,NA,NA,1,1,NA,NA
PLFEKH_10055,11,5,8,10,1,3,5,6,5,7,4,5,5,7,9,1,21,2,NA,NA,11,5,2,9,15,4,11,2,5,6,10,NA,12,2,15,1,6,4,6,19,3,2,11,NA,NA,NA,5,1,14,4,9,5,16,22,13,12,5,7,6,1,5
PLFEKH_10060,1,NA,1,NA,NA,3,NA,NA,1,2,NA,NA,6,2,1,NA,3,NA,1,NA,2,1,NA,2,3,NA,3,NA,NA,4,NA,NA,5,NA,NA,NA,1,NA,2,4,NA,NA,1,NA,NA,1,NA,1,2,1,2,1,5,3,NA,11,2,3,6,NA,2
PLFEKH_10070,12,6,5,9,3,4,2,3,9,6,1,2,3,6,1,1,28,3,NA,4,12,5,5,6,14,9,7,1,1,12,8,NA,15,2,12,NA,4,6,15,24,3,3,2,NA,NA,11,8,7,13,4,5,3,14,17,2,15,10,6,14,2,5
PLFEKH_10080,4,2,6,4,NA,5,2,3,4,NA,2,1,11,3,2,1,23,NA,1,1,10,3,2,6,5,8,7,1,1,4,8,NA,9,1,4,2,5,3,5,7,4,3,4,1,NA,2,4,1,5,2,9,1,9,7,5,18,5,3,4,2,1
PLFEKH_10110,2,1,1,NA,NA,NA,NA,NA,1,NA,NA,NA,NA,NA,NA,NA,NA,NA,NA,1,1,NA,NA,1,NA,1,NA,NA,NA,2,NA,NA,NA,NA,NA,NA,NA,NA,NA,NA,NA,NA,NA,NA,NA,NA,NA,NA,NA,NA,NA,NA,NA,1,NA,NA,NA,NA,1,NA,NA
PLFEKH_10125,2,2,NA,NA,NA,NA,NA,NA,NA,NA,NA,NA,NA,NA,NA,NA,NA,NA,NA,NA,NA,NA,NA,NA,NA,NA,NA,NA,NA,NA,NA,NA,NA,NA,NA,NA,NA,1,NA,1,NA,NA,1,NA,NA,NA,1,NA,NA,NA,NA,NA,NA,1,NA,NA,NA,1,3,NA,NA
PLFEKH_10140,NA,NA,1,NA,NA,NA,NA,NA,NA,NA,NA,1,NA,NA,NA,NA,NA,NA,NA,NA,1,NA,NA,1,NA,NA,NA,NA,NA,NA,NA,NA,NA,NA,NA,1,NA,1,1,1,NA,NA,1,NA,NA,NA,1,NA,1,NA,NA,NA,NA,NA,NA,NA,NA,NA,NA,NA,1
PLFEKH_10145,2,NA,NA,NA,NA,NA,NA,NA,1,1,NA,NA,NA,1,1,NA,4,NA,NA,NA,NA,NA,1,3,1,NA,2,NA,1,NA,1,NA,NA,NA,2,NA,NA,NA,NA,3,1,NA,NA,NA,NA,NA,2,NA,NA,NA,2,2,NA,1,NA,3,2,NA,1,1,NA
PLFEKH_10150,1,NA,NA,3,NA,1,NA,NA,NA,NA,NA,NA,6,NA,NA,NA,2,NA,NA,NA,1,1,NA,NA,NA,NA,NA,NA,NA,2,NA,NA,NA,NA,NA,NA,NA,NA,NA,1,NA,NA,2,NA,NA,NA,NA,NA,1,NA,NA,NA,NA,NA,NA,NA,NA,2,1,NA,NA
PLFEKH_10155,8,NA,5,3,2,NA,1,1,2,NA,3,2,5,2,2,NA,8,2,3,2,2,3,1,6,10,1,4,NA,1,5,1,3,8,2,2,4,6,3,1,7,1,2,1,1,NA,3,2,1,6,6,1,2,2,3,NA,5,4,NA,3,1,3
PLFEKH_10160,2,NA,1,NA,NA,1,1,1,NA,NA,NA,NA,2,NA,NA,2,6,NA,2,NA,1,NA,1,1,1,NA,2,NA,NA,5,3,1,2,1,1,NA,2,NA,1,1,NA,1,2,NA,NA,2,1,NA,2,NA,1,1,1,NA,NA,NA,NA,NA,4,NA,3
PLFEKH_10165,1,5,1,1,NA,1,NA,1,NA,NA,1,NA,NA,NA,4,1,5,1,1,1,NA,3,NA,3,1,NA,1,1,NA,1,3,1,1,NA,NA,1,NA,3,NA,5,1,NA,4,NA,NA,3,3,2,NA,2,4,2,2,5,NA,4,NA,NA,4,1,NA
PLFEKH_10170,10,6,12,3,4,3,2,8,10,8,NA,2,4,3,7,3,12,3,1,1,5,8,3,6,16,7,8,2,4,23,10,1,10,4,6,2,5,13,8,13,3,6,3,NA,NA,3,6,1,8,5,5,5,8,19,8,13,4,6,8,2,6
PLFEKH_10180,7,5,3,2,2,5,2,2,10,6,NA,2,3,3,1,NA,12,2,3,NA,4,10,1,4,17,7,7,2,2,9,6,NA,8,2,2,2,3,4,8,10,3,2,7,1,NA,5,3,2,3,2,5,3,4,14,8,21,7,6,8,1,1
PLFEKH_10185,12,14,1,3,4,6,5,7,19,9,1,3,5,7,5,NA,23,3,2,2,12,5,5,4,16,9,9,2,3,14,13,NA,11,3,7,1,4,7,23,27,9,3,5,2,NA,5,8,3,5,2,16,4,6,15,9,27,23,9,7,1,11
PLFEKH_10195,NA,NA,1,NA,NA,NA,NA,NA,2,2,NA,NA,4,1,1,NA,NA,NA,NA,NA,NA,NA,2,1,1,1,1,NA,NA,1,NA,NA,1,2,1,NA,NA,3,1,4,NA,NA,NA,NA,NA,NA,NA,NA,NA,NA,1,2,2,4,NA,4,1,NA,1,NA,1
PLFEKH_10200,7,5,1,1,1,NA,3,NA,1,3,2,2,6,2,NA,NA,9,3,NA,NA,7,5,3,3,1,2,4,NA,NA,5,3,NA,2,1,5,1,2,5,4,8,1,1,4,NA,NA,3,1,5,3,2,2,1,5,7,3,14,1,6,7,1,NA
PLFEKH_10205,NA,9,NA,NA,4,4,NA,NA,1,2,NA,3,3,NA,NA,NA,15,NA,NA,1,8,1,2,NA,4,5,3,NA,NA,NA,10,NA,5,10,13,NA,NA,1,13,21,NA,NA,NA,NA,NA,18,1,6,3,22,1,2,2,6,11,12,1,11,12,NA,NA
PLFEKH_10210,1,1,1,1,1,2,NA,NA,3,1,2,1,1,NA,NA,NA,1,NA,1,1,3,4,NA,NA,1,3,2,NA,NA,2,1,1,1,NA,NA,NA,NA,NA,3,1,1,1,NA,NA,NA,1,1,NA,NA,NA,1,NA,NA,3,2,8,NA,1,1,1,1
PLFEKH_10215,NA,NA,NA,NA,NA,NA,NA,NA,NA,NA,NA,NA,NA,NA,NA,NA,NA,NA,NA,NA,NA,1,NA,NA,2,NA,1,NA,NA,1,NA,NA,3,NA,NA,2,NA,2,NA,NA,1,NA,NA,NA,NA,NA,1,NA,NA,NA,NA,1,NA,NA,1,1,NA,1,NA,NA,NA
PLFEKH_10260,5,2,5,2,NA,NA,NA,NA,3,1,2,1,3,NA,1,NA,3,2,NA,1,2,3,3,4,7,2,1,NA,1,1,4,NA,2,1,3,NA,NA,3,2,3,1,5,NA,NA,NA,1,NA,NA,3,1,2,2,5,4,7,3,1,1,4,NA,NA
PLFEKH_10265,5,2,3,2,5,1,1,1,9,2,1,NA,1,1,4,1,8,1,1,3,3,7,2,6,2,1,5,1,NA,13,5,NA,7,1,3,2,3,8,6,7,NA,NA,2,NA,NA,1,2,3,6,3,8,2,6,8,3,10,1,12,5,1,3
PLFEKH_10270,6,10,4,2,9,2,3,5,9,9,NA,NA,7,3,2,NA,25,4,2,2,11,4,2,5,11,6,9,NA,2,13,14,NA,12,5,15,NA,5,9,10,27,4,9,7,NA,NA,12,7,3,12,9,14,15,9,25,11,15,7,18,15,NA,5
PLFEKH_10275,2,2,1,NA,1,NA,NA,NA,NA,1,NA,3,2,NA,2,NA,NA,NA,NA,NA,4,1,NA,1,3,4,3,NA,NA,2,3,NA,4,1,NA,NA,2,2,NA,5,NA,2,1,NA,NA,1,3,1,2,1,1,4,4,2,1,7,2,3,1,1,1
PLFEKH_10280,7,3,NA,1,1,3,1,NA,2,3,1,1,1,2,1,NA,10,1,NA,1,9,2,1,2,4,3,5,NA,1,9,9,NA,10,2,7,NA,3,3,3,10,2,1,3,NA,NA,4,1,2,4,1,7,5,15,8,3,14,6,7,12,3,2
PLFEKH_10285,9,6,3,4,2,4,1,2,7,3,3,3,7,8,NA,NA,16,2,2,2,13,8,6,8,15,7,15,1,4,9,14,2,7,1,10,3,3,3,11,18,9,1,5,NA,NA,5,7,1,17,3,7,5,14,19,10,28,8,2,5,2,7
PLFEKH_10300,NA,NA,NA,NA,1,NA,NA,NA,2,NA,NA,NA,NA,NA,NA,NA,1,NA,NA,NA,NA,NA,NA,1,1,NA,NA,NA,NA,1,NA,1,NA,NA,NA,NA,NA,1,NA,1,NA,NA,NA,NA,NA,NA,NA,1,NA,NA,1,NA,NA,1,NA,1,NA,NA,NA,1,NA
PLFEKH_10305,NA,1,2,NA,NA,NA,1,NA,2,NA,NA,1,2,1,NA,NA,3,2,1,NA,1,5,2,NA,3,1,NA,1,1,1,2,NA,NA,NA,NA,NA,1,NA,NA,NA,NA,NA,1,NA,NA,1,1,1,NA,1,1,1,2,NA,1,6,2,1,1,NA,1
PLFEKH_10355,5,5,NA,1,1,NA,2,NA,4,3,1,NA,4,NA,1,NA,11,1,1,NA,6,2,1,3,4,4,6,NA,1,5,4,1,5,NA,4,1,1,4,4,5,NA,NA,3,NA,NA,NA,NA,1,3,NA,1,1,1,6,4,9,1,5,7,NA,1
PLFEKH_10360,9,4,3,3,2,1,1,1,4,4,3,1,2,1,2,1,16,NA,1,3,2,5,4,2,5,5,5,NA,NA,6,2,NA,3,NA,6,NA,2,7,8,9,1,2,4,NA,NA,2,2,2,12,1,9,1,19,7,4,9,4,7,6,NA,NA
PLFEKH_10365,12,3,2,2,NA,NA,1,3,8,2,1,5,3,1,3,NA,14,2,2,NA,6,2,5,4,6,3,10,NA,NA,4,4,NA,5,NA,5,NA,3,4,4,9,2,2,4,NA,NA,3,4,1,11,1,6,2,4,9,7,9,10,2,8,NA,6
PLFEKH_10370,8,3,4,3,NA,2,1,3,3,1,1,1,9,3,2,NA,12,NA,3,1,10,5,1,2,15,5,8,NA,2,9,3,NA,8,NA,5,2,1,5,5,6,2,2,5,NA,NA,5,2,1,4,4,9,3,9,5,3,12,4,4,8,NA,4
PLFEKH_10375,9,4,3,6,1,5,NA,3,3,3,1,1,4,4,3,1,12,NA,1,2,6,3,2,3,13,4,5,1,3,3,2,1,6,NA,1,1,2,11,7,5,NA,1,5,NA,1,5,1,2,14,2,7,3,8,13,3,10,2,3,5,2,1
PLFEKH_10380,10,4,3,4,3,2,NA,2,4,NA,2,2,5,3,2,1,13,4,2,NA,6,8,4,4,4,5,3,1,2,3,2,1,6,2,4,NA,5,3,1,5,1,NA,4,2,NA,1,NA,3,5,2,3,3,9,5,5,8,7,7,5,1,2
PLFEKH_10385,1,2,NA,NA,NA,NA,NA,NA,NA,1,NA,NA,NA,NA,NA,NA,5,NA,NA,NA,3,1,1,1,8,2,3,NA,NA,2,5,NA,7,NA,3,NA,1,2,4,9,1,NA,1,NA,NA,NA,NA,NA,NA,3,1,2,3,2,4,8,NA,NA,1,NA,NA
PLFEKH_10405,3,2,2,NA,NA,1,NA,NA,8,NA,NA,3,1,2,2,NA,7,2,1,1,2,1,1,4,8,3,4,NA,1,7,2,1,3,1,5,1,1,5,4,7,3,NA,3,1,NA,1,2,3,4,NA,6,4,4,8,6,10,3,6,5,1,1
PLFEKH_10410,1,NA,1,NA,1,NA,NA,1,NA,2,NA,1,NA,NA,NA,NA,1,1,NA,NA,NA,2,NA,1,1,1,NA,NA,NA,1,1,NA,1,1,3,NA,NA,NA,NA,1,NA,NA,1,NA,NA,NA,1,NA,1,1,NA,1,1,3,NA,2,NA,4,NA,1,NA
PLFEKH_10415,NA,NA,3,2,NA,NA,NA,1,2,NA,NA,NA,NA,1,NA,NA,1,NA,2,NA,2,NA,NA,NA,3,1,NA,NA,NA,2,1,NA,1,NA,NA,NA,NA,1,1,2,NA,NA,NA,NA,NA,1,1,1,1,1,1,NA,NA,1,1,2,NA,NA,1,NA,1
PLFEKH_10420,7,3,2,NA,1,NA,NA,NA,1,NA,NA,NA,3,1,NA,NA,2,NA,NA,NA,3,NA,NA,1,NA,1,NA,NA,NA,5,2,NA,4,NA,1,NA,NA,NA,3,2,NA,NA,NA,NA,NA,1,NA,1,NA,1,NA,3,NA,1,NA,2,NA,1,NA,NA,NA
PLFEKH_10425,NA,NA,1,1,NA,NA,1,NA,NA,NA,NA,NA,NA,NA,NA,NA,3,NA,NA,NA,NA,2,1,NA,3,NA,NA,NA,1,1,NA,NA,3,NA,NA,NA,2,1,NA,3,1,1,NA,NA,NA,NA,1,1,2,1,NA,1,1,3,NA,3,NA,1,1,NA,NA
PLFEKH_10430,4,NA,NA,1,NA,NA,1,NA,NA,NA,NA,NA,NA,NA,NA,NA,NA,NA,NA,NA,NA,1,NA,NA,1,1,NA,NA,NA,NA,NA,NA,1,NA,NA,NA,NA,NA,NA,NA,NA,NA,NA,NA,NA,NA,NA,NA,1,NA,1,NA,NA,NA,NA,1,1,NA,NA,NA,NA
PLFEKH_10435,9,8,6,2,3,1,NA,NA,7,4,4,2,2,5,2,1,16,NA,NA,2,11,9,1,5,5,4,7,1,1,18,7,NA,12,3,4,NA,3,7,10,16,5,2,NA,NA,NA,5,4,4,8,7,3,6,3,20,3,15,7,5,11,3,5
PLFEKH_10440,4,5,3,2,NA,NA,1,NA,1,NA,NA,NA,2,2,NA,NA,6,1,NA,NA,5,6,NA,1,4,2,3,NA,NA,5,1,1,5,2,NA,1,2,1,NA,2,1,3,1,NA,NA,NA,1,NA,4,2,1,1,1,6,NA,5,4,NA,NA,3,2
PLFEKH_10450,15,18,3,3,4,3,6,4,8,7,NA,1,9,6,7,1,26,8,NA,11,13,12,9,6,15,14,17,1,NA,17,14,1,10,6,11,2,5,13,15,24,6,7,3,1,NA,11,5,5,8,5,12,9,9,29,14,32,8,13,12,2,5
PLFEKH_10455,2,NA,NA,NA,NA,NA,2,NA,NA,NA,NA,NA,1,NA,NA,NA,1,1,NA,NA,1,NA,NA,NA,NA,1,1,NA,NA,NA,NA,NA,NA,1,NA,NA,NA,NA,NA,NA,NA,NA,NA,NA,NA,1,NA,1,1,NA,1,NA,2,NA,NA,1,1,NA,NA,NA,NA
PLFEKH_10470,7,2,2,NA,NA,NA,3,3,1,NA,NA,1,7,3,1,NA,9,1,2,1,2,2,2,2,NA,4,3,1,NA,1,3,2,4,NA,2,1,NA,NA,2,1,2,1,1,NA,NA,3,1,2,1,2,3,2,1,2,NA,2,NA,3,NA,NA,2
PLFEKH_10475,2,1,6,1,1,2,2,NA,1,2,NA,3,2,1,2,NA,6,2,NA,5,2,2,NA,4,NA,4,1,NA,1,2,1,NA,5,NA,2,NA,NA,3,NA,5,1,1,2,NA,NA,4,2,4,3,NA,6,3,4,3,3,8,1,2,1,NA,NA
PLFEKH_10480,5,6,NA,3,NA,1,NA,NA,1,NA,1,NA,2,NA,2,1,5,1,NA,NA,3,2,1,2,4,2,2,NA,2,7,3,NA,5,2,NA,NA,2,4,2,2,NA,1,NA,NA,NA,3,2,NA,2,NA,2,NA,3,3,1,5,2,2,1,1,2
PLFEKH_10485,6,3,5,1,1,3,2,1,3,5,1,1,7,2,3,1,10,4,2,2,8,4,1,11,8,7,1,1,1,5,4,NA,2,1,4,1,1,2,3,2,1,2,NA,NA,NA,2,1,1,2,2,6,4,3,6,8,5,3,4,6,NA,1
PLFEKH_10490,1,NA,NA,NA,NA,NA,NA,1,NA,NA,NA,NA,NA,2,NA,NA,NA,NA,NA,NA,NA,NA,NA,1,NA,NA,NA,NA,NA,1,1,NA,NA,2,2,NA,NA,NA,1,NA,NA,3,NA,1,NA,1,NA,NA,NA,NA,NA,1,NA,NA,NA,4,NA,NA,NA,1,1
PLFEKH_10495,3,1,4,2,2,4,NA,NA,1,NA,NA,1,1,1,3,NA,10,1,NA,5,3,1,NA,5,7,2,4,NA,1,4,3,1,4,1,5,4,NA,5,2,7,3,5,6,NA,NA,8,5,3,3,4,6,6,9,3,3,15,5,6,8,2,2
PLFEKH_10500,6,2,3,2,4,2,3,1,11,2,NA,NA,6,2,NA,NA,5,1,NA,NA,1,1,1,1,5,5,2,1,NA,1,NA,NA,1,4,5,3,4,8,6,4,NA,3,2,NA,NA,2,1,1,3,5,4,4,3,3,6,7,2,4,5,2,2
PLFEKH_10520,8,15,3,4,5,3,2,2,9,13,4,7,11,6,4,2,22,1,NA,1,14,9,10,7,10,25,11,NA,1,18,12,NA,21,4,9,1,4,3,17,28,8,NA,7,1,NA,13,10,4,2,6,5,9,11,13,22,33,14,18,10,2,4
PLFEKH_10535,NA,2,NA,NA,2,NA,NA,NA,NA,1,NA,NA,1,NA,NA,NA,3,NA,NA,NA,NA,NA,NA,2,2,7,NA,NA,NA,2,5,NA,NA,NA,NA,NA,NA,1,2,3,2,NA,1,NA,NA,1,NA,NA,NA,1,1,3,1,1,1,1,NA,1,1,NA,NA
PLFEKH_10545,4,9,NA,2,3,1,NA,NA,2,4,NA,1,2,1,NA,NA,16,4,NA,1,8,4,5,NA,10,13,4,NA,NA,5,8,NA,8,2,10,NA,2,2,9,6,NA,1,2,NA,NA,6,2,1,1,2,1,3,8,5,8,14,4,6,5,NA,2
PLFEKH_10550,2,11,5,2,6,3,1,1,7,6,2,6,6,2,7,NA,45,3,1,5,19,8,4,3,17,31,10,NA,1,22,16,1,12,5,13,2,4,5,20,23,8,NA,9,NA,NA,23,3,6,18,4,4,14,19,22,16,38,15,14,22,NA,4
PLFEKH_10555,NA,1,NA,NA,NA,NA,NA,NA,NA,NA,NA,NA,NA,NA,NA,NA,1,NA,1,NA,2,NA,NA,1,NA,2,2,NA,1,2,NA,NA,NA,NA,NA,1,1,1,2,1,1,NA,NA,NA,NA,NA,NA,NA,2,NA,NA,1,NA,3,NA,NA,1,NA,1,1,NA
PLFEKH_10565,3,3,8,6,1,3,NA,2,NA,2,5,1,10,7,2,2,15,2,2,1,NA,3,NA,4,3,5,4,NA,4,6,10,2,9,1,3,NA,2,3,1,NA,NA,2,3,NA,NA,4,3,4,1,6,2,10,11,3,1,2,2,6,15,1,6
PLFEKH_10570,4,4,1,1,NA,1,NA,NA,2,1,NA,NA,3,NA,NA,NA,4,NA,NA,NA,6,1,NA,2,2,2,NA,NA,NA,3,1,NA,2,1,1,1,1,1,1,5,1,1,3,NA,1,2,3,NA,2,NA,3,3,2,4,1,5,2,1,1,3,1
PLFEKH_10575,1,1,1,2,NA,1,1,NA,NA,1,1,NA,4,7,4,2,11,NA,1,1,3,4,3,10,5,3,2,NA,1,3,1,NA,4,NA,2,3,3,4,2,5,1,3,5,NA,NA,1,2,1,4,2,4,5,8,6,2,4,2,2,1,4,2
PLFEKH_10580,3,1,NA,3,1,1,NA,1,1,NA,1,NA,NA,NA,NA,NA,3,NA,1,NA,NA,1,1,4,NA,2,2,NA,1,2,1,NA,2,NA,2,NA,4,1,2,2,1,NA,1,NA,NA,1,1,1,3,NA,2,NA,NA,4,3,1,1,5,1,2,NA
PLFEKH_10585,1,NA,NA,NA,NA,NA,NA,NA,NA,NA,NA,NA,NA,NA,NA,NA,NA,NA,NA,NA,1,1,NA,NA,1,NA,NA,NA,NA,NA,NA,NA,NA,NA,1,NA,NA,1,NA,1,NA,NA,NA,NA,NA,NA,NA,NA,NA,NA,NA,NA,NA,1,NA,1,1,NA,1,NA,NA
PLFEKH_10590,13,4,5,9,NA,NA,3,6,7,6,1,NA,9,2,2,3,17,3,1,3,3,10,2,10,10,11,9,4,5,6,1,1,12,1,6,3,8,7,4,3,2,7,7,1,NA,5,6,NA,3,3,5,4,15,16,7,11,13,7,9,2,3
PLFEKH_10600,4,2,5,1,1,2,NA,2,4,3,4,3,2,1,5,NA,10,1,1,2,5,3,6,3,13,4,8,2,3,11,10,NA,8,2,9,NA,4,5,4,8,2,3,3,NA,NA,2,1,2,3,4,6,2,5,13,2,8,4,7,8,2,NA
PLFEKH_10605,3,2,NA,4,1,1,NA,3,5,3,1,2,1,2,3,1,9,1,2,NA,6,NA,1,3,9,4,7,NA,1,10,7,NA,4,1,5,1,NA,6,3,6,1,3,NA,NA,1,3,2,NA,5,2,4,3,8,6,3,5,3,2,2,NA,NA
PLFEKH_10610,18,14,NA,5,7,11,4,4,10,3,4,1,5,5,6,NA,21,2,1,2,19,4,6,4,27,19,19,NA,2,13,27,NA,26,4,10,3,4,1,19,21,5,NA,6,NA,NA,10,12,6,21,6,16,9,26,19,23,36,18,16,16,NA,6
PLFEKH_10615,NA,NA,NA,1,NA,NA,NA,NA,2,1,NA,NA,NA,NA,NA,NA,4,NA,NA,NA,3,2,NA,1,NA,NA,1,NA,NA,1,NA,NA,1,NA,2,NA,NA,1,1,5,NA,NA,NA,NA,NA,NA,1,NA,2,1,1,NA,1,7,1,6,NA,1,4,NA,NA
PLFEKH_10620,NA,NA,NA,NA,NA,NA,NA,NA,NA,NA,2,2,NA,NA,NA,NA,1,NA,NA,NA,NA,NA,NA,NA,NA,NA,NA,NA,1,1,NA,NA,NA,NA,1,NA,NA,NA,1,NA,1,NA,NA,NA,NA,NA,NA,NA,1,NA,1,NA,NA,2,NA,NA,NA,1,1,NA,NA
PLFEKH_10625,8,3,2,5,1,4,NA,1,3,2,1,1,2,2,2,NA,7,NA,1,2,7,4,3,6,4,3,5,NA,NA,3,6,NA,14,1,2,2,1,4,3,6,3,NA,NA,NA,NA,8,2,NA,5,2,12,2,3,9,4,9,2,6,8,2,2
PLFEKH_10630,NA,2,2,2,NA,2,1,NA,4,2,2,1,1,2,2,NA,12,1,1,2,2,2,3,3,5,7,2,NA,2,7,6,NA,5,1,NA,1,3,5,2,11,1,1,5,NA,NA,5,4,1,7,2,6,4,10,8,3,9,2,4,7,NA,3
PLFEKH_10635,1,1,1,3,1,2,NA,2,2,NA,NA,1,2,4,2,NA,7,2,NA,1,5,1,1,3,8,2,3,NA,NA,8,3,1,1,NA,3,2,1,3,1,5,NA,2,3,NA,NA,3,2,1,6,1,3,4,1,7,2,5,1,2,5,1,1
PLFEKH_10655,3,2,1,NA,NA,NA,NA,1,1,NA,NA,1,NA,NA,NA,NA,4,NA,NA,2,1,NA,2,2,3,1,2,NA,NA,5,3,NA,1,1,NA,NA,NA,2,1,3,NA,NA,NA,NA,NA,NA,2,1,1,1,2,1,NA,5,1,5,NA,3,8,NA,NA
PLFEKH_10670,7,2,NA,NA,NA,1,1,NA,3,1,1,NA,2,NA,NA,NA,2,NA,NA,NA,NA,NA,NA,1,NA,NA,1,1,NA,4,NA,NA,3,NA,NA,NA,NA,NA,NA,4,NA,NA,1,NA,NA,NA,NA,NA,1,1,NA,1,NA,3,NA,1,NA,2,NA,NA,NA
PLFEKH_10675,6,2,NA,NA,NA,1,1,1,3,1,1,NA,2,NA,NA,NA,2,NA,1,NA,1,NA,NA,NA,NA,NA,1,1,NA,3,NA,NA,3,NA,NA,NA,NA,NA,1,4,NA,NA,1,NA,NA,NA,NA,NA,1,NA,NA,1,NA,3,NA,1,NA,2,NA,NA,NA
PLFEKH_10680,3,1,1,1,NA,NA,NA,NA,NA,NA,NA,NA,NA,1,NA,NA,1,1,1,NA,NA,2,NA,2,1,1,1,NA,NA,1,2,2,2,NA,2,NA,NA,2,3,3,NA,NA,NA,NA,NA,NA,1,NA,NA,1,NA,NA,NA,1,2,NA,1,NA,2,NA,NA
PLFEKH_10690,6,3,10,6,2,3,NA,NA,3,2,1,1,10,5,5,1,16,3,1,1,6,3,1,2,2,3,7,NA,NA,13,13,NA,12,NA,8,NA,5,1,2,2,2,1,2,NA,NA,8,5,4,11,2,8,4,12,6,2,2,NA,7,11,1,4
PLFEKH_10695,27,9,9,10,3,4,7,10,15,7,8,9,11,11,14,NA,40,4,6,8,16,12,7,12,22,18,18,3,4,21,10,1,24,1,18,2,16,12,22,32,8,2,6,NA,NA,8,15,6,20,3,9,10,27,29,9,27,17,13,23,3,10
PLFEKH_10700,NA,NA,1,2,NA,1,NA,2,1,NA,1,NA,1,NA,1,NA,1,NA,NA,NA,1,2,2,1,2,1,2,1,1,1,2,NA,NA,NA,NA,NA,NA,1,NA,1,NA,1,NA,NA,NA,2,2,NA,3,1,2,1,NA,NA,NA,4,1,4,NA,1,2
PLFEKH_10715,4,1,NA,NA,NA,NA,NA,NA,1,NA,NA,NA,NA,1,1,NA,3,NA,NA,NA,2,NA,1,1,1,NA,NA,NA,NA,1,NA,1,1,NA,NA,NA,1,1,NA,1,1,1,1,NA,NA,2,2,NA,1,NA,NA,NA,3,3,2,3,1,NA,3,1,NA
PLFEKH_10720,10,6,1,3,3,5,5,5,11,6,5,6,6,2,2,NA,12,2,2,1,8,4,7,6,9,5,4,NA,1,15,9,NA,8,3,12,1,5,8,13,16,3,3,8,NA,NA,4,2,2,17,3,10,4,13,6,10,15,12,8,11,2,5
PLFEKH_10725,5,3,3,2,NA,3,1,3,4,3,NA,NA,NA,4,2,NA,5,1,NA,NA,4,1,1,3,5,2,5,1,NA,6,4,NA,4,NA,1,NA,4,1,4,6,4,1,1,NA,NA,3,1,1,7,NA,3,2,1,11,4,6,3,NA,5,1,1
PLFEKH_10730,9,2,5,6,NA,NA,NA,1,4,3,2,1,1,NA,1,NA,21,NA,1,2,4,8,6,2,13,4,3,2,3,4,11,1,5,3,4,NA,7,7,10,8,3,3,11,NA,NA,NA,4,NA,13,3,9,8,9,14,3,15,3,7,7,NA,3
PLFEKH_10735,5,NA,1,1,NA,2,NA,2,8,2,1,2,5,6,2,NA,14,2,1,1,2,8,4,1,5,3,2,NA,2,8,5,NA,10,1,8,NA,1,5,6,7,1,2,3,NA,NA,4,3,NA,8,3,6,2,9,7,NA,6,9,3,11,1,2
PLFEKH_10740,2,1,NA,NA,NA,NA,NA,NA,NA,NA,NA,NA,2,NA,1,NA,NA,NA,NA,NA,2,1,NA,2,5,NA,NA,NA,NA,7,NA,NA,3,NA,1,NA,1,2,NA,2,NA,1,2,NA,NA,NA,2,NA,2,NA,NA,NA,2,4,2,1,NA,NA,NA,1,1
PLFEKH_10745,3,1,4,4,NA,2,NA,NA,6,3,1,NA,1,3,2,2,4,6,NA,3,6,3,NA,2,7,8,2,1,NA,8,4,1,4,4,1,1,5,6,7,7,1,2,3,NA,NA,3,2,2,8,NA,3,5,3,5,1,9,1,3,3,4,4
PLFEKH_10755,4,7,NA,NA,7,5,NA,NA,1,2,2,3,NA,1,2,NA,24,1,NA,2,4,NA,3,1,8,12,3,NA,NA,3,22,NA,12,8,7,NA,1,NA,16,26,2,NA,5,NA,NA,17,NA,5,3,5,5,5,5,6,14,28,1,19,10,NA,NA
PLFEKH_10785,11,1,6,8,1,NA,1,1,7,2,1,2,5,3,3,1,8,2,1,NA,2,4,4,2,6,4,NA,1,NA,2,2,2,2,1,1,1,2,5,NA,5,1,2,1,2,NA,4,1,2,3,2,2,5,6,1,NA,3,1,3,5,3,4
PLFEKH_10800,NA,NA,NA,NA,NA,NA,NA,NA,1,NA,NA,NA,NA,2,NA,NA,1,NA,NA,NA,NA,NA,NA,NA,NA,NA,NA,1,NA,NA,1,NA,NA,1,NA,NA,NA,1,NA,3,NA,NA,1,NA,NA,2,NA,NA,NA,NA,2,NA,NA,1,NA,3,1,NA,1,NA,1
PLFEKH_10825,9,8,3,6,4,2,3,2,7,4,3,NA,7,4,5,NA,27,2,2,2,6,3,1,4,5,7,5,3,1,16,10,1,18,NA,6,NA,4,3,7,5,1,2,1,NA,NA,10,4,4,8,4,8,8,15,7,1,3,4,15,12,2,2
PLFEKH_10830,4,1,4,1,NA,NA,1,NA,1,1,NA,1,2,2,NA,NA,3,NA,NA,2,1,3,1,1,4,2,3,NA,NA,8,2,1,4,2,3,NA,5,3,4,9,1,2,1,NA,NA,1,6,1,2,1,NA,2,3,5,2,9,1,2,5,2,2
PLFEKH_10835,6,9,3,7,4,2,NA,1,9,4,2,1,9,1,5,NA,12,NA,5,1,3,5,3,4,8,7,7,1,NA,9,1,2,12,1,5,NA,1,7,5,15,1,3,4,NA,NA,2,4,3,5,5,7,2,3,17,7,14,2,6,7,2,3
PLFEKH_10840,11,7,8,4,2,3,4,NA,5,3,3,2,11,3,3,1,26,2,2,3,7,1,NA,5,7,7,2,NA,NA,12,9,1,7,2,10,2,2,1,5,5,2,7,4,NA,NA,4,6,3,10,3,13,6,8,2,2,3,NA,11,5,1,2
PLFEKH_10845,5,3,3,4,1,1,1,4,3,NA,3,2,10,3,2,1,5,3,NA,1,4,2,2,3,8,3,5,1,1,4,2,2,7,NA,5,4,2,3,5,5,1,2,2,1,1,4,6,1,6,2,2,5,5,12,2,8,2,2,3,1,3
PLFEKH_10865,9,6,4,9,5,2,7,NA,4,2,NA,NA,3,5,2,1,19,1,NA,1,8,2,1,1,1,4,4,1,1,10,5,NA,18,1,5,NA,5,5,3,7,NA,3,4,NA,NA,3,5,6,13,4,5,14,11,2,NA,3,2,10,10,5,3
PLFEKH_10870,4,3,NA,NA,4,NA,2,NA,2,2,NA,1,5,NA,NA,NA,6,1,NA,NA,2,1,1,NA,2,1,2,NA,NA,2,4,NA,NA,5,5,NA,NA,1,8,5,NA,NA,3,NA,NA,2,3,1,1,4,2,4,1,5,NA,5,1,4,5,1,NA
PLFEKH_10875,3,1,NA,1,4,2,4,1,6,1,2,1,1,1,1,NA,5,NA,NA,1,3,2,2,3,4,7,2,NA,NA,6,2,NA,3,3,7,2,3,4,3,24,5,4,3,NA,NA,2,5,NA,2,3,5,3,3,4,2,5,NA,2,5,2,NA
PLFEKH_10880,NA,1,NA,NA,NA,NA,NA,NA,2,NA,1,NA,2,NA,NA,NA,4,NA,NA,NA,4,NA,NA,1,2,2,NA,NA,NA,1,2,NA,1,NA,NA,NA,NA,NA,1,1,NA,NA,NA,NA,NA,1,NA,NA,1,NA,NA,NA,1,2,2,3,1,1,2,NA,NA
PLFEKH_10890,5,5,1,2,NA,1,1,NA,NA,2,2,1,1,NA,1,NA,5,1,1,2,2,1,6,1,2,2,4,NA,NA,4,NA,NA,5,2,4,1,NA,2,3,4,1,NA,4,NA,NA,1,3,1,2,3,9,4,4,3,5,4,1,NA,3,1,1
PLFEKH_10895,1,NA,NA,NA,NA,NA,NA,NA,1,2,NA,1,1,1,1,NA,1,NA,NA,NA,1,NA,1,NA,NA,2,NA,NA,NA,1,3,NA,NA,2,2,NA,1,NA,3,3,NA,NA,1,NA,NA,1,NA,1,3,2,1,NA,3,3,NA,8,NA,4,2,NA,NA
PLFEKH_10900,2,4,1,3,5,1,2,NA,4,2,NA,NA,5,4,1,NA,11,4,NA,1,4,6,3,4,8,7,10,NA,NA,15,5,NA,2,3,2,1,2,5,5,7,NA,1,2,NA,NA,2,2,3,2,4,7,7,9,11,1,17,2,13,9,2,2
PLFEKH_10905,3,NA,1,1,2,1,1,1,2,3,2,3,1,2,2,NA,8,NA,NA,NA,1,2,1,5,5,1,4,1,NA,1,2,1,3,NA,2,2,NA,2,2,4,NA,1,1,NA,NA,1,NA,1,3,2,3,NA,2,3,1,5,2,2,3,1,NA
PLFEKH_10915,5,1,4,1,NA,1,2,3,3,2,NA,1,3,2,1,NA,12,NA,NA,1,5,7,1,7,8,9,2,NA,2,6,5,1,4,2,2,1,2,2,3,7,NA,NA,2,NA,NA,1,3,3,6,2,3,2,8,9,5,11,4,6,3,NA,NA
PLFEKH_10935,NA,NA,1,1,NA,NA,NA,NA,NA,NA,NA,NA,1,NA,NA,NA,NA,NA,1,NA,NA,1,NA,NA,NA,NA,NA,NA,NA,NA,1,NA,NA,NA,NA,NA,NA,NA,NA,NA,NA,NA,NA,NA,NA,NA,NA,NA,NA,NA,NA,NA,NA,NA,1,NA,NA,1,NA,NA,NA
PLFEKH_10940,NA,NA,2,NA,NA,1,1,1,NA,NA,1,NA,NA,NA,NA,NA,7,NA,NA,1,NA,1,NA,3,1,4,1,NA,1,4,3,NA,1,1,1,NA,1,NA,1,5,1,NA,2,NA,NA,1,1,NA,NA,1,1,3,2,1,1,6,3,NA,2,NA,1
PLFEKH_10945,NA,2,NA,NA,1,1,NA,NA,NA,NA,NA,NA,NA,1,NA,NA,3,NA,NA,NA,NA,NA,NA,1,5,2,NA,NA,NA,3,2,NA,2,3,2,NA,1,1,3,3,NA,1,NA,NA,NA,2,1,4,1,3,NA,5,NA,3,NA,1,1,7,3,1,1
PLFEKH_10950,5,3,3,6,1,1,1,1,1,3,1,2,7,6,5,1,12,5,NA,4,6,4,3,8,10,4,6,4,1,10,2,NA,7,3,10,3,2,7,3,4,1,2,1,1,NA,4,5,2,4,2,9,6,6,14,2,7,3,7,9,8,1
PLFEKH_10955,1,1,NA,NA,1,NA,NA,1,1,1,NA,NA,1,NA,1,NA,NA,NA,NA,NA,NA,1,NA,1,2,1,NA,NA,NA,1,1,NA,NA,NA,NA,NA,NA,1,NA,2,NA,1,NA,NA,NA,1,1,NA,NA,NA,NA,NA,1,1,1,1,NA,NA,2,NA,NA
PLFEKH_10960,5,3,1,1,1,1,NA,1,2,2,NA,NA,4,4,3,NA,5,1,NA,1,2,6,NA,2,8,2,8,1,NA,3,3,NA,4,1,4,NA,NA,2,1,6,3,2,4,NA,NA,3,1,NA,7,1,1,2,1,2,1,8,3,4,2,NA,NA
PLFEKH_10965,4,17,1,4,4,4,NA,1,3,5,2,2,5,1,2,NA,19,2,NA,1,8,2,1,2,21,10,4,NA,NA,6,9,NA,6,6,7,NA,1,4,14,17,5,2,4,NA,NA,9,2,2,6,2,5,5,11,9,10,20,3,13,12,1,1
PLFEKH_10970,5,NA,4,2,1,NA,NA,1,3,3,3,1,2,1,3,NA,9,1,1,1,4,7,4,5,7,4,1,NA,NA,5,5,1,6,NA,5,NA,2,3,1,8,NA,1,5,NA,NA,6,1,3,8,2,5,5,7,7,1,10,6,7,5,NA,1
PLFEKH_10980,5,19,1,2,12,2,4,NA,9,5,1,2,9,2,2,NA,38,2,NA,2,8,NA,3,3,8,7,2,NA,NA,13,18,NA,24,4,6,1,1,1,13,9,3,1,5,NA,NA,14,4,7,7,9,11,6,13,3,6,7,3,26,11,NA,1
PLFEKH_10990,2,2,1,1,NA,NA,NA,NA,3,1,NA,2,2,3,NA,1,4,1,NA,NA,4,1,3,1,1,4,2,NA,NA,4,4,NA,1,2,2,1,2,4,3,9,2,NA,1,NA,NA,3,4,2,2,2,3,3,3,1,1,8,1,1,3,NA,3
PLFEKH_10995,5,4,3,1,NA,1,3,3,1,3,1,1,2,1,NA,1,13,1,1,1,2,NA,2,1,1,1,4,NA,NA,10,6,NA,7,1,3,NA,1,1,3,5,NA,NA,2,NA,NA,NA,2,2,4,2,6,5,2,2,3,3,1,6,7,1,1
PLFEKH_11000,2,2,1,NA,1,NA,NA,NA,3,1,NA,1,2,2,NA,NA,6,NA,NA,3,NA,2,2,NA,4,NA,5,NA,1,2,4,NA,NA,2,3,NA,3,2,2,8,1,1,NA,NA,NA,2,NA,3,3,NA,3,1,7,6,3,4,3,6,5,1,1
PLFEKH_11005,5,6,8,7,3,1,2,3,4,NA,NA,1,11,1,6,2,14,2,2,2,5,4,NA,4,6,2,4,NA,NA,11,6,NA,6,1,4,3,4,3,5,5,NA,5,2,NA,NA,3,5,3,4,6,3,5,10,4,3,2,NA,11,12,NA,NA
PLFEKH_11015,NA,NA,1,2,NA,1,NA,1,1,1,6,6,2,1,1,1,1,1,2,NA,5,1,1,1,3,NA,1,NA,1,4,3,NA,4,1,1,NA,3,3,3,4,NA,1,1,NA,NA,2,1,2,2,2,4,1,4,3,2,6,2,3,5,NA,NA
PLFEKH_11020,4,3,NA,4,1,1,NA,1,NA,3,1,1,2,5,2,NA,8,1,NA,NA,3,NA,1,NA,2,1,4,NA,NA,7,5,NA,2,NA,5,NA,1,5,NA,1,NA,NA,1,NA,NA,NA,1,NA,9,4,4,NA,4,2,NA,1,NA,3,1,NA,1
PLFEKH_11025,4,2,1,4,1,1,1,NA,2,1,1,NA,4,1,NA,NA,5,1,1,NA,NA,NA,1,1,1,2,1,NA,1,3,3,1,NA,1,2,2,1,NA,NA,3,NA,NA,NA,NA,NA,3,NA,2,NA,3,2,3,NA,1,NA,1,NA,NA,2,NA,NA
PLFEKH_11030,NA,NA,NA,NA,NA,NA,NA,NA,NA,NA,NA,NA,NA,NA,NA,NA,NA,NA,NA,NA,NA,NA,NA,NA,NA,NA,NA,NA,NA,NA,NA,NA,NA,NA,NA,NA,NA,NA,NA,NA,NA,NA,NA,NA,NA,1,NA,NA,NA,NA,NA,NA,NA,NA,NA,NA,NA,NA,NA,NA,NA
PLFEKH_11035,4,4,6,3,2,2,2,1,7,4,NA,NA,4,4,2,NA,10,1,3,2,7,6,2,1,10,7,1,2,2,4,4,1,4,NA,3,2,4,3,4,7,1,1,3,NA,NA,4,4,2,6,2,1,7,6,14,3,11,7,6,7,1,2
PLFEKH_11040,5,4,3,NA,2,3,NA,NA,2,1,2,1,3,7,2,NA,12,1,1,NA,3,6,2,3,8,6,4,NA,1,14,5,NA,4,1,7,NA,NA,2,4,4,1,1,5,NA,NA,4,2,2,3,3,11,6,7,11,3,12,4,7,8,3,1
PLFEKH_11045,7,1,5,2,3,2,NA,3,8,3,1,4,11,2,3,NA,13,4,5,2,2,5,3,3,8,5,2,NA,NA,10,9,1,8,3,5,1,2,6,5,10,3,1,2,NA,NA,1,NA,2,8,5,10,2,3,11,5,10,5,8,4,1,1
PLFEKH_11090,7,11,6,4,3,5,2,2,1,2,NA,1,1,2,2,NA,15,5,NA,1,9,3,3,4,13,6,2,NA,NA,12,2,NA,5,1,2,NA,2,3,6,13,1,3,4,NA,NA,5,2,1,8,4,13,6,7,9,2,17,3,7,3,2,NA
PLFEKH_11095,3,6,1,3,5,4,NA,4,13,7,4,NA,3,4,2,NA,21,1,1,4,13,4,5,7,15,8,9,NA,2,9,14,NA,10,2,6,NA,9,6,6,25,3,2,3,NA,NA,7,1,2,8,4,8,2,13,15,5,23,5,16,7,4,4
PLFEKH_11100,6,3,5,5,NA,2,2,2,3,1,2,1,4,3,2,1,19,1,NA,NA,6,4,6,5,8,4,3,1,2,6,8,NA,12,2,6,1,2,7,10,17,2,3,5,NA,NA,5,3,2,9,3,7,5,14,8,3,18,6,6,8,1,5
PLFEKH_11105,3,1,4,3,NA,1,2,2,2,4,1,1,5,2,4,NA,9,2,2,1,4,7,1,8,7,8,4,NA,NA,7,3,NA,NA,1,NA,NA,3,11,2,7,3,2,3,1,NA,3,6,NA,5,3,3,3,6,6,2,5,6,NA,2,1,1
PLFEKH_11110,10,1,6,5,2,2,3,2,6,3,1,1,4,7,7,1,21,3,3,3,4,7,6,4,6,5,6,4,2,8,10,1,11,1,3,1,5,6,4,6,NA,2,9,NA,NA,6,3,2,4,2,7,6,5,17,4,13,8,4,7,NA,4
PLFEKH_11115,NA,2,6,6,1,NA,NA,3,3,1,1,1,2,1,5,2,7,2,2,1,1,2,1,2,1,4,2,NA,1,5,6,NA,5,1,2,1,3,2,4,6,2,1,2,1,NA,2,2,1,3,4,2,3,NA,7,5,6,1,NA,3,1,1
PLFEKH_11120,3,1,1,NA,NA,NA,NA,1,2,1,NA,NA,2,NA,NA,NA,1,NA,2,NA,NA,NA,NA,NA,NA,NA,2,NA,NA,4,1,NA,3,NA,2,NA,NA,NA,NA,NA,NA,NA,NA,NA,NA,2,NA,NA,NA,1,1,NA,NA,NA,NA,1,NA,NA,1,1,NA
PLFEKH_11130,9,8,6,6,2,8,2,3,4,3,2,3,11,4,4,1,28,1,1,3,3,4,1,4,3,5,4,NA,NA,10,16,NA,9,1,11,2,3,2,6,6,1,NA,3,NA,NA,12,4,4,8,3,12,8,10,5,3,11,1,11,9,3,1
PLFEKH_11140,7,7,3,4,1,2,5,5,3,4,2,1,7,7,4,1,14,1,NA,3,15,2,1,8,8,7,3,NA,NA,19,10,1,12,4,8,2,3,6,6,18,3,5,6,NA,NA,8,9,3,21,2,11,14,22,9,5,20,6,7,13,1,5
PLFEKH_11145,6,8,1,5,4,3,1,4,4,3,2,NA,4,1,1,NA,27,3,NA,2,8,5,3,3,4,6,3,NA,NA,15,11,1,17,3,5,1,6,1,12,9,2,1,4,NA,NA,6,6,6,17,11,1,7,19,9,5,13,4,16,11,3,4
PLFEKH_11150,4,NA,NA,2,NA,NA,NA,NA,1,2,NA,NA,4,1,NA,NA,3,NA,NA,NA,2,NA,NA,NA,1,NA,NA,NA,NA,2,NA,NA,4,NA,NA,NA,NA,3,NA,2,NA,NA,NA,NA,NA,NA,1,1,3,NA,NA,NA,NA,NA,NA,3,NA,NA,1,1,NA
PLFEKH_11155,1,1,4,3,NA,NA,NA,1,1,NA,NA,NA,1,NA,NA,NA,2,NA,NA,NA,NA,NA,NA,NA,NA,NA,NA,NA,NA,3,NA,NA,1,NA,3,NA,NA,NA,NA,2,NA,1,NA,NA,NA,2,NA,NA,NA,1,2,NA,1,NA,1,2,NA,2,NA,NA,2
PLFEKH_11160,2,NA,2,3,2,NA,NA,NA,1,NA,NA,NA,2,1,NA,NA,NA,NA,NA,NA,NA,NA,NA,1,NA,NA,NA,NA,NA,1,2,NA,NA,NA,NA,NA,1,1,NA,1,NA,1,NA,NA,NA,NA,1,NA,NA,1,4,2,1,NA,1,NA,NA,3,1,NA,1
PLFEKH_11165,1,1,4,5,1,NA,2,3,1,1,3,1,7,2,1,NA,6,5,3,NA,4,4,2,6,2,3,3,NA,1,5,1,1,2,2,3,1,4,4,1,7,2,1,2,NA,NA,2,NA,NA,6,1,5,6,4,9,4,4,1,3,5,3,2
PLFEKH_11195,NA,NA,1,3,1,NA,2,NA,3,1,NA,2,3,1,4,1,9,3,NA,2,4,3,1,NA,5,2,1,1,NA,6,5,NA,2,1,3,1,NA,4,5,4,NA,4,2,NA,NA,3,2,1,6,2,3,4,5,4,1,13,NA,4,4,1,2
PLFEKH_11200,8,2,10,12,1,4,1,2,5,2,4,2,7,9,6,3,18,2,3,3,7,3,1,6,5,4,3,1,1,12,6,1,13,1,7,5,4,3,2,4,NA,5,5,NA,NA,2,3,4,8,4,14,7,16,3,3,6,2,11,11,4,4
PLFEKH_11210,4,2,NA,1,1,NA,NA,1,1,NA,NA,NA,7,1,NA,NA,4,1,NA,NA,NA,NA,NA,NA,NA,NA,NA,NA,NA,2,1,NA,4,NA,1,NA,NA,1,2,NA,NA,1,NA,NA,NA,1,1,NA,2,NA,2,NA,NA,NA,NA,NA,NA,1,3,NA,NA
PLFEKH_11220,2,1,NA,NA,NA,NA,NA,1,6,3,NA,2,11,NA,1,NA,6,NA,NA,NA,3,2,1,1,3,3,2,NA,NA,5,6,NA,8,1,4,NA,NA,1,6,9,NA,NA,1,NA,NA,NA,NA,NA,NA,1,NA,NA,NA,10,1,11,1,1,3,NA,NA
PLFEKH_11230,NA,NA,NA,NA,NA,1,NA,NA,NA,NA,NA,NA,NA,NA,1,NA,NA,1,1,NA,NA,2,NA,NA,3,NA,NA,NA,NA,2,NA,NA,NA,NA,3,NA,1,2,NA,1,NA,NA,NA,NA,NA,1,2,1,NA,1,NA,NA,NA,3,1,NA,NA,NA,NA,NA,NA
PLFEKH_11235,2,1,6,1,1,NA,1,1,5,2,3,1,1,NA,1,1,8,1,NA,1,3,NA,1,2,7,4,1,NA,NA,2,2,NA,3,3,3,3,3,7,1,10,NA,1,4,1,NA,4,NA,3,3,NA,2,NA,1,12,3,8,2,3,1,1,2
PLFEKH_11240,4,1,1,1,NA,1,NA,NA,5,1,1,NA,NA,1,1,NA,3,NA,NA,NA,1,3,1,1,3,1,4,NA,NA,7,2,2,3,NA,1,NA,NA,4,1,5,2,NA,1,NA,NA,2,NA,NA,4,NA,3,3,1,2,2,8,3,4,3,NA,1
PLFEKH_11245,1,NA,NA,NA,NA,NA,NA,NA,NA,NA,NA,NA,2,NA,NA,NA,1,NA,NA,NA,NA,NA,NA,2,1,NA,1,NA,NA,NA,1,NA,NA,1,NA,NA,1,4,2,6,NA,NA,1,NA,NA,NA,NA,NA,1,1,3,NA,NA,3,2,1,3,NA,NA,NA,NA
PLFEKH_11250,NA,NA,NA,2,NA,NA,NA,NA,3,1,NA,1,2,2,NA,NA,1,NA,NA,NA,NA,1,NA,NA,NA,1,NA,NA,NA,1,NA,NA,NA,NA,NA,NA,2,NA,NA,1,NA,1,NA,NA,NA,3,NA,NA,2,1,NA,NA,5,1,1,NA,NA,1,2,NA,1
PLFEKH_11480,4,NA,1,1,NA,1,2,1,3,1,NA,NA,5,NA,NA,NA,8,3,NA,NA,2,4,1,2,NA,3,4,NA,NA,6,3,NA,5,NA,5,NA,7,7,4,6,NA,NA,3,NA,NA,5,4,2,2,2,6,2,5,4,2,7,4,8,4,NA,NA
PLFEKH_11485,3,1,NA,NA,NA,1,NA,NA,3,2,NA,1,4,NA,NA,NA,9,NA,NA,NA,6,3,1,NA,3,4,NA,NA,NA,1,NA,NA,4,NA,1,NA,NA,2,1,3,NA,NA,NA,NA,NA,NA,2,NA,NA,1,3,1,3,5,NA,8,NA,2,2,NA,1
PLFEKH_11490,1,NA,NA,NA,NA,NA,NA,NA,NA,NA,NA,NA,1,NA,NA,NA,NA,NA,NA,NA,1,NA,NA,NA,NA,NA,NA,NA,NA,1,NA,NA,1,NA,1,NA,NA,NA,NA,NA,NA,NA,NA,NA,NA,NA,1,NA,1,1,NA,NA,1,1,1,1,NA,NA,1,NA,NA
PLFEKH_11495,NA,NA,NA,NA,NA,NA,NA,NA,NA,1,NA,NA,NA,NA,NA,NA,NA,NA,NA,NA,1,NA,NA,NA,NA,NA,1,NA,NA,1,NA,NA,NA,NA,NA,NA,NA,2,NA,NA,NA,NA,1,NA,NA,NA,NA,NA,NA,NA,NA,1,NA,1,NA,NA,NA,1,NA,NA,NA
PLFEKH_11515,16,5,4,4,1,3,2,2,6,1,1,3,8,4,2,1,10,1,1,2,5,1,NA,4,2,NA,3,NA,NA,14,8,NA,10,2,6,2,4,3,5,6,4,1,5,NA,NA,5,3,2,5,4,6,2,7,4,3,2,2,6,5,NA,NA
PLFEKH_11525,NA,NA,NA,NA,NA,NA,NA,NA,NA,NA,NA,NA,NA,NA,NA,NA,NA,NA,NA,NA,NA,NA,1,NA,NA,NA,NA,NA,NA,NA,NA,NA,1,NA,NA,NA,NA,NA,NA,NA,NA,NA,NA,NA,NA,NA,NA,NA,NA,NA,NA,NA,NA,NA,NA,NA,NA,NA,NA,NA,NA
PLFEKH_11530,1,2,1,NA,NA,NA,1,NA,2,3,NA,NA,NA,NA,1,NA,3,NA,NA,NA,1,2,NA,4,NA,1,NA,2,NA,NA,2,1,1,1,2,NA,1,1,1,1,3,1,1,NA,NA,NA,NA,NA,NA,NA,NA,1,1,1,NA,3,2,1,1,NA,NA
PLFEKH_11535,1,NA,2,1,1,NA,NA,NA,NA,NA,2,3,1,1,1,NA,6,NA,NA,NA,3,1,NA,3,2,1,3,NA,NA,2,1,1,1,1,3,1,1,1,2,4,2,NA,NA,NA,NA,2,2,2,1,NA,NA,2,5,2,2,4,NA,NA,4,NA,NA
PLFEKH_11540,7,2,NA,1,NA,NA,2,4,1,1,NA,NA,2,NA,NA,NA,7,NA,1,1,5,NA,NA,2,1,1,1,1,1,8,4,NA,8,NA,NA,2,NA,NA,NA,2,2,1,2,NA,NA,2,1,1,5,NA,1,2,2,3,NA,4,1,2,2,2,1
PLFEKH_11545,10,8,9,7,1,1,2,3,5,2,NA,2,6,3,3,3,13,4,2,1,2,3,2,1,5,1,4,1,NA,17,6,2,14,NA,6,NA,3,3,3,4,2,7,6,NA,NA,4,2,3,8,2,6,6,14,1,1,2,2,10,4,1,5
PLFEKH_11555,5,1,5,NA,1,2,1,2,5,1,2,NA,6,2,1,NA,6,2,2,1,5,4,3,5,4,3,6,NA,1,8,NA,1,6,1,2,1,1,2,4,3,NA,2,4,NA,NA,1,3,NA,1,2,5,1,4,2,1,3,6,1,4,2,3
PLFEKH_11570,1,NA,1,NA,NA,NA,NA,NA,NA,NA,2,NA,1,NA,NA,NA,1,NA,1,NA,1,2,1,1,1,NA,2,NA,NA,1,1,NA,1,NA,2,NA,NA,NA,1,NA,2,NA,NA,NA,NA,NA,NA,NA,NA,3,1,1,NA,NA,1,NA,NA,2,NA,NA,1
PLFEKH_11585,8,4,6,4,2,1,2,3,2,3,3,NA,2,5,4,NA,15,1,1,3,2,2,NA,1,4,2,4,1,2,12,5,1,5,1,3,2,3,4,5,4,1,1,2,NA,1,2,1,3,3,3,9,3,5,7,1,7,3,3,NA,NA,1
PLFEKH_11620,2,NA,NA,2,NA,1,NA,1,1,NA,NA,NA,NA,NA,NA,NA,8,NA,NA,NA,NA,1,NA,2,2,NA,NA,NA,NA,6,2,NA,4,NA,1,NA,1,1,1,2,NA,NA,NA,NA,NA,NA,2,NA,NA,NA,1,NA,NA,5,NA,11,1,1,3,1,NA
PLFEKH_11720,12,13,8,4,5,6,2,NA,9,3,2,1,8,3,5,NA,18,4,3,3,6,3,2,2,4,1,3,NA,NA,21,13,NA,16,3,3,NA,4,8,5,13,1,3,1,NA,NA,9,6,5,9,4,6,10,11,2,5,11,2,13,5,2,2
PLFEKH_11775,2,1,1,NA,NA,NA,2,1,NA,NA,1,NA,NA,1,NA,NA,4,NA,NA,1,2,1,NA,NA,2,NA,NA,NA,NA,4,2,NA,2,NA,2,1,1,NA,NA,4,NA,NA,NA,NA,NA,1,NA,NA,2,NA,1,5,3,5,1,2,NA,1,1,2,NA
PLFEKH_11780,NA,NA,NA,NA,NA,NA,NA,NA,NA,NA,NA,NA,NA,NA,NA,NA,NA,NA,NA,NA,NA,NA,NA,NA,NA,NA,NA,NA,NA,NA,1,NA,NA,NA,NA,NA,NA,NA,NA,NA,NA,NA,NA,NA,NA,NA,NA,NA,NA,NA,NA,NA,NA,NA,NA,NA,NA,NA,NA,NA,NA
PLFEKH_11790,10,6,2,1,2,2,5,NA,7,6,4,1,6,5,3,NA,20,2,NA,3,10,2,3,6,21,9,9,1,1,14,20,NA,14,2,11,1,1,7,15,16,1,1,4,NA,NA,3,8,5,14,2,6,6,9,14,13,22,7,5,15,3,3
PLFEKH_11795,1,NA,NA,NA,NA,NA,NA,NA,NA,NA,1,2,NA,NA,NA,NA,1,NA,NA,NA,1,NA,NA,NA,NA,2,NA,NA,NA,NA,NA,NA,2,NA,NA,NA,NA,NA,1,2,NA,NA,NA,NA,NA,NA,NA,NA,2,NA,NA,NA,2,2,NA,3,NA,6,1,NA,NA
PLFEKH_11805,4,5,NA,1,NA,NA,NA,NA,1,3,NA,NA,5,NA,NA,NA,7,NA,NA,NA,3,3,4,NA,3,3,1,NA,NA,8,9,NA,10,NA,1,NA,NA,1,3,6,5,NA,2,NA,NA,1,2,1,6,1,2,1,5,3,NA,2,1,1,2,NA,2
PLFEKH_11810,4,3,NA,2,1,1,NA,1,2,5,6,7,4,NA,2,NA,9,NA,1,NA,8,2,3,NA,6,3,4,NA,1,5,6,NA,4,1,4,NA,2,1,7,9,5,NA,3,NA,NA,1,6,1,4,6,5,2,5,9,1,9,6,6,8,NA,6
PLFEKH_11820,11,4,9,1,1,2,1,2,9,2,1,1,7,2,4,1,8,NA,1,3,2,3,NA,1,2,1,1,NA,NA,8,3,1,3,NA,7,2,4,5,2,4,NA,1,5,NA,NA,2,6,3,4,1,6,5,8,1,NA,3,NA,3,2,6,2
PLFEKH_11840,18,11,6,2,3,3,NA,5,NA,2,NA,2,7,4,3,1,12,3,NA,NA,4,1,NA,3,5,1,2,1,NA,13,8,1,10,3,5,1,4,10,3,3,NA,5,4,NA,NA,5,2,2,3,2,10,6,5,4,1,1,NA,13,9,3,2
PLFEKH_11845,8,7,1,NA,4,6,1,4,8,16,1,5,35,NA,1,NA,35,1,NA,NA,22,6,4,2,14,3,12,NA,NA,11,8,NA,22,NA,19,NA,3,3,20,26,3,NA,9,NA,NA,3,5,1,NA,NA,8,1,5,11,14,28,4,7,15,NA,2
PLFEKH_11850,3,9,NA,3,NA,NA,2,1,6,11,1,7,9,NA,3,NA,11,2,2,NA,9,4,2,5,8,7,3,1,2,8,5,NA,14,NA,6,NA,NA,1,7,17,3,1,5,NA,NA,2,3,1,8,1,7,NA,4,8,8,22,3,5,9,NA,1
PLFEKH_11855,2,NA,2,NA,NA,1,NA,1,4,NA,2,NA,3,1,NA,NA,14,NA,1,NA,3,2,NA,1,6,NA,4,NA,NA,1,1,NA,1,NA,1,1,NA,1,1,4,2,NA,1,NA,NA,2,1,NA,3,NA,4,1,3,5,4,8,4,NA,2,1,NA
PLFEKH_11860,NA,6,NA,NA,NA,NA,NA,1,NA,NA,NA,NA,2,NA,NA,NA,3,NA,NA,NA,1,1,1,NA,1,NA,NA,NA,NA,2,1,NA,7,NA,1,NA,1,NA,NA,1,NA,NA,NA,NA,NA,NA,NA,NA,1,NA,NA,NA,2,1,NA,NA,NA,NA,NA,NA,1
PLFEKH_11870,8,2,6,6,NA,NA,1,2,4,2,1,1,5,1,1,2,4,NA,NA,2,6,10,2,3,8,2,4,1,1,2,NA,NA,4,NA,4,NA,2,7,NA,3,1,NA,2,NA,NA,1,1,1,6,1,1,1,1,8,1,6,5,5,4,1,1
PLFEKH_11915,16,8,2,2,1,4,2,1,7,3,1,2,11,NA,5,NA,22,3,1,NA,8,3,1,1,7,6,5,1,NA,14,9,1,15,3,6,2,NA,NA,5,11,NA,4,3,NA,NA,4,3,2,18,3,3,2,12,6,NA,3,6,9,10,1,4
PLFEKH_11920,5,2,1,1,2,1,1,1,4,4,NA,NA,3,3,NA,NA,4,NA,NA,NA,4,3,1,3,6,9,1,NA,NA,5,7,1,2,6,10,NA,6,6,10,21,3,4,6,NA,NA,4,2,1,8,2,4,4,7,12,5,8,2,8,4,NA,NA
PLFEKH_11930,NA,NA,1,NA,NA,NA,NA,NA,NA,NA,NA,NA,NA,NA,NA,NA,2,NA,NA,1,NA,NA,NA,NA,NA,1,NA,NA,NA,1,1,NA,NA,NA,1,NA,NA,NA,NA,NA,NA,NA,NA,NA,NA,NA,NA,NA,NA,NA,NA,NA,NA,NA,NA,2,1,NA,NA,NA,NA
PLFEKH_11935,1,NA,NA,1,NA,NA,NA,NA,NA,NA,NA,NA,2,NA,NA,NA,1,NA,NA,NA,NA,NA,NA,1,1,NA,NA,NA,NA,NA,NA,NA,1,NA,NA,NA,NA,1,NA,1,NA,NA,NA,NA,NA,NA,NA,NA,1,NA,NA,NA,NA,2,NA,2,NA,5,1,1,NA
PLFEKH_11940,4,NA,1,1,NA,NA,NA,3,3,NA,NA,NA,2,NA,NA,NA,2,NA,1,NA,1,6,1,2,3,2,1,1,NA,1,1,NA,2,1,2,NA,NA,NA,NA,2,1,1,1,NA,NA,1,4,NA,2,NA,1,NA,NA,4,1,3,NA,2,1,2,2
PLFEKH_11945,4,1,NA,2,1,1,NA,1,1,NA,NA,NA,3,1,NA,NA,4,NA,NA,1,NA,NA,NA,1,1,NA,2,NA,NA,3,2,1,1,1,NA,2,NA,1,NA,1,NA,1,1,NA,NA,NA,2,2,3,NA,2,NA,1,1,NA,1,NA,1,4,3,1
PLFEKH_11950,NA,NA,NA,NA,NA,NA,NA,NA,NA,NA,NA,NA,NA,NA,NA,NA,NA,NA,NA,NA,NA,1,NA,NA,NA,NA,1,NA,NA,NA,NA,NA,NA,NA,NA,NA,NA,NA,NA,NA,NA,NA,NA,NA,NA,NA,NA,NA,NA,NA,NA,NA,NA,NA,NA,NA,NA,1,NA,NA,NA
PLFEKH_11960,8,4,3,2,3,1,1,2,6,5,4,NA,6,5,1,NA,15,1,NA,2,7,8,2,4,6,4,6,NA,3,5,10,NA,7,2,3,1,8,8,1,14,5,2,2,1,1,3,4,6,13,6,2,10,16,14,3,18,4,13,10,3,2
PLFEKH_12005,10,9,3,4,2,2,2,3,9,8,1,6,4,5,3,NA,26,1,NA,6,9,15,6,7,17,15,7,1,2,24,5,NA,10,1,5,3,8,12,10,24,7,4,8,NA,NA,6,6,3,10,4,11,6,17,27,6,26,5,6,11,1,5
PLFEKH_12015,13,1,4,8,2,1,1,3,7,NA,1,1,7,4,5,1,18,5,4,NA,4,2,2,6,4,3,1,NA,NA,15,6,2,10,2,5,3,8,1,3,3,NA,7,2,NA,NA,8,7,4,3,5,7,14,16,4,2,2,2,8,5,7,5
PLFEKH_12030,2,3,2,1,NA,NA,NA,NA,6,NA,NA,NA,2,NA,NA,NA,5,1,NA,3,4,NA,1,3,4,5,1,NA,NA,4,2,NA,4,3,8,NA,2,3,3,8,NA,3,2,NA,NA,6,2,2,2,1,1,2,3,5,2,8,1,3,2,NA,5
PLFEKH_12035,3,3,2,NA,NA,NA,NA,NA,3,4,1,1,2,1,NA,NA,5,1,NA,1,1,NA,2,1,NA,2,1,1,NA,5,2,NA,4,1,1,NA,NA,7,2,5,NA,1,NA,NA,NA,2,3,NA,3,2,2,1,2,6,2,3,4,2,2,NA,1
PLFEKH_12040,15,6,3,4,2,1,2,2,4,1,2,1,8,2,4,1,22,3,1,4,5,4,NA,2,2,3,4,1,NA,3,5,2,6,3,5,1,6,3,2,1,NA,6,6,NA,NA,3,2,1,9,4,3,7,6,NA,1,5,1,6,7,6,1
PLFEKH_12045,5,1,5,1,1,NA,1,1,4,4,2,2,4,NA,2,1,2,NA,NA,NA,1,8,5,7,4,2,1,NA,1,14,4,5,1,NA,3,NA,4,6,1,3,NA,3,3,1,NA,5,5,1,8,4,9,3,3,8,5,11,4,6,7,5,NA
PLFEKH_12050,2,2,NA,2,3,NA,NA,NA,1,2,1,NA,1,3,NA,NA,2,NA,NA,1,NA,4,NA,2,8,NA,3,1,1,4,5,NA,3,NA,NA,NA,2,5,NA,6,NA,NA,1,1,NA,1,NA,NA,3,2,1,1,1,1,2,7,NA,3,2,NA,2
PLFEKH_12060,12,14,4,4,1,3,2,3,13,6,1,4,14,NA,5,NA,13,2,4,5,11,8,2,11,10,15,9,NA,3,14,4,NA,16,5,5,4,6,4,8,16,3,6,1,NA,NA,7,2,2,5,5,8,3,13,17,12,16,4,10,9,1,3
PLFEKH_12065,12,6,7,6,1,NA,2,1,5,3,2,2,3,4,3,1,12,4,4,3,6,8,4,5,20,9,10,2,6,9,5,NA,8,4,6,2,7,5,4,5,NA,2,3,NA,NA,4,1,2,7,4,3,8,9,12,4,14,14,6,1,3,8
PLFEKH_12105,4,1,2,5,NA,NA,1,1,2,NA,NA,NA,2,1,2,NA,8,2,NA,1,4,3,1,NA,NA,1,NA,NA,1,4,1,NA,6,NA,NA,NA,2,2,2,2,2,NA,1,NA,NA,1,NA,NA,2,2,1,1,5,1,NA,NA,1,2,NA,2,NA
PLFEKH_12130,5,3,2,2,NA,NA,1,1,3,1,NA,1,4,NA,1,2,2,2,4,NA,3,3,3,2,8,3,6,2,1,4,7,NA,2,4,3,1,2,1,2,1,1,3,2,1,NA,6,1,2,NA,2,1,6,2,8,3,6,2,4,3,3,2
PLFEKH_12135,17,12,2,11,1,4,NA,4,15,9,3,2,20,6,9,NA,49,2,1,1,29,11,12,7,42,27,23,NA,5,28,30,1,19,4,11,NA,6,11,17,49,10,2,13,NA,NA,6,13,5,24,2,5,8,27,30,26,56,17,10,16,NA,5
PLFEKH_12140,3,3,NA,NA,NA,1,NA,NA,3,1,NA,NA,NA,1,NA,NA,9,NA,NA,1,4,NA,NA,NA,2,2,2,NA,NA,3,4,NA,1,2,1,NA,2,NA,2,5,NA,NA,2,NA,NA,4,1,NA,1,1,3,2,1,5,2,4,3,2,3,NA,2
PLFEKH_12290,NA,NA,1,NA,NA,NA,NA,NA,NA,NA,NA,NA,NA,NA,NA,NA,NA,NA,NA,NA,NA,NA,NA,2,NA,1,NA,NA,NA,NA,NA,NA,NA,NA,NA,NA,NA,3,NA,1,NA,NA,NA,NA,NA,NA,NA,NA,NA,NA,NA,NA,NA,1,NA,2,NA,1,NA,NA,NA
PLFEKH_12300,15,7,19,13,3,2,6,2,8,2,2,NA,30,5,11,NA,28,5,6,4,17,10,1,18,26,9,13,3,2,14,6,NA,15,4,12,4,11,18,13,25,4,10,12,1,NA,6,10,7,13,6,12,7,17,33,15,19,7,21,14,12,9
PLFEKH_12305,4,8,NA,3,6,1,1,1,7,NA,1,2,NA,1,1,NA,17,NA,NA,4,3,1,3,1,7,6,7,NA,NA,7,5,NA,9,2,5,2,3,3,9,11,1,3,1,NA,NA,5,3,2,5,1,7,6,3,7,7,12,2,11,5,NA,2
PLFEKH_12310,2,NA,NA,NA,1,1,NA,NA,NA,NA,1,1,NA,1,1,NA,5,NA,1,1,1,NA,NA,1,1,1,1,NA,NA,2,1,NA,7,NA,4,NA,NA,3,3,4,NA,NA,4,NA,NA,NA,NA,NA,2,NA,1,2,1,3,NA,7,NA,4,2,NA,NA
PLFEKH_12320,21,13,5,15,4,11,8,11,18,12,9,8,12,7,9,NA,44,4,4,10,28,15,6,9,35,21,18,1,1,26,17,NA,21,2,13,7,10,14,16,39,1,5,7,NA,NA,15,12,3,19,19,25,16,28,37,8,53,10,22,26,NA,4
PLFEKH_12335,1,NA,2,NA,NA,2,NA,2,2,NA,NA,NA,NA,NA,NA,NA,4,NA,1,1,2,4,NA,1,NA,NA,NA,1,NA,3,5,NA,2,1,2,NA,NA,NA,NA,6,2,NA,NA,1,NA,1,1,NA,1,2,1,2,2,2,2,5,1,1,NA,NA,NA
PLFEKH_12490,3,6,1,2,2,NA,1,2,3,4,1,5,2,2,1,1,15,1,1,1,4,3,3,5,5,6,4,NA,NA,8,5,NA,8,2,5,NA,4,4,5,9,4,NA,4,NA,NA,3,NA,NA,4,2,2,2,5,11,4,6,8,5,5,NA,2
PLFEKH_12495,4,NA,NA,1,NA,NA,NA,NA,NA,NA,NA,NA,NA,NA,NA,NA,6,NA,NA,NA,1,NA,1,1,2,5,1,NA,NA,NA,2,NA,2,NA,2,NA,NA,1,1,5,NA,NA,NA,NA,NA,NA,NA,1,2,1,NA,1,3,4,1,5,NA,6,NA,NA,NA
PLFEKH_12510,6,NA,5,3,NA,1,1,1,3,NA,3,1,4,5,1,NA,11,NA,4,NA,5,1,1,7,5,11,8,2,1,6,5,2,11,1,5,4,1,3,3,3,NA,2,6,NA,NA,1,3,2,5,3,3,3,4,17,5,9,2,3,4,2,4
PLFEKH_12525,2,2,NA,3,NA,NA,NA,1,3,1,1,1,1,2,2,2,5,NA,NA,NA,4,4,NA,4,4,1,4,NA,3,4,1,NA,1,NA,1,NA,NA,3,NA,4,1,2,3,NA,NA,NA,2,NA,4,NA,2,2,3,6,1,3,2,2,2,1,2
PLFEKH_12555,2,NA,1,NA,1,NA,NA,1,2,NA,NA,1,1,3,NA,NA,1,1,3,1,NA,2,NA,2,2,1,2,NA,1,4,2,NA,2,1,3,NA,2,2,1,1,NA,NA,3,NA,NA,NA,1,1,NA,NA,2,NA,3,1,1,1,NA,3,1,2,3
PLFEKH_12560,3,5,1,2,NA,3,NA,2,3,2,1,NA,NA,1,NA,NA,14,2,NA,NA,3,2,1,3,6,7,4,NA,NA,2,8,NA,8,3,3,NA,5,2,2,9,2,1,4,NA,NA,NA,1,1,1,2,3,2,1,4,3,8,3,7,6,1,NA
PLFEKH_12565,2,3,2,3,NA,NA,1,NA,3,NA,NA,2,5,1,3,1,13,1,1,3,6,8,4,3,8,6,3,NA,NA,12,6,NA,5,NA,2,1,7,6,5,10,1,1,4,NA,NA,5,4,2,11,3,4,3,7,4,4,16,4,2,7,1,NA
PLFEKH_12570,1,NA,NA,NA,NA,NA,2,NA,2,NA,NA,NA,NA,NA,NA,NA,1,NA,NA,NA,NA,NA,NA,NA,1,NA,NA,NA,NA,2,NA,NA,2,NA,NA,NA,NA,NA,NA,NA,NA,NA,1,NA,NA,1,NA,NA,1,NA,NA,NA,NA,NA,NA,NA,NA,NA,NA,NA,NA
PLFEKH_12580,10,3,2,3,1,2,3,2,8,1,1,1,4,4,2,1,7,1,NA,1,3,1,2,2,7,5,2,3,1,19,10,2,7,NA,10,1,4,5,4,10,1,4,3,1,NA,9,2,5,2,3,2,2,4,6,6,7,2,10,7,1,1
PLFEKH_12585,12,3,3,5,NA,NA,3,1,14,1,NA,NA,13,4,2,NA,9,1,2,5,11,4,NA,8,13,5,4,1,NA,11,4,1,4,3,9,1,7,14,9,25,6,2,2,NA,NA,9,3,4,4,3,7,11,9,19,2,14,3,4,5,3,3
PLFEKH_12610,3,2,3,3,3,3,1,1,2,NA,4,3,5,1,1,NA,7,4,2,NA,1,3,3,1,2,NA,3,NA,2,2,2,1,NA,NA,2,1,1,3,5,2,1,1,3,1,NA,1,3,1,4,3,4,1,2,6,3,14,1,3,3,NA,1
PLFEKH_12615,1,1,3,5,1,1,1,2,2,NA,3,2,3,4,2,1,11,2,1,NA,5,3,NA,4,8,5,2,1,2,6,3,1,8,1,1,3,5,5,1,6,3,4,2,NA,NA,3,3,1,3,3,6,9,10,12,2,6,5,2,3,1,3
PLFEKH_12620,1,5,NA,NA,2,1,1,NA,NA,NA,1,2,NA,NA,1,NA,7,NA,NA,1,1,NA,NA,2,1,4,NA,NA,NA,5,2,NA,NA,1,3,NA,NA,2,4,1,1,1,NA,NA,NA,5,NA,1,4,2,4,5,NA,3,2,3,1,3,2,NA,NA
PLFEKH_12625,8,7,6,7,2,NA,2,3,9,NA,2,NA,3,5,2,2,24,3,1,1,12,8,1,7,16,12,5,1,4,8,1,2,13,2,3,1,6,10,7,13,4,2,11,NA,NA,6,11,3,11,2,9,4,12,16,6,17,8,7,6,1,1
PLFEKH_12630,2,1,3,6,1,NA,2,1,4,1,1,2,10,2,1,NA,13,NA,NA,NA,1,3,NA,3,10,6,12,2,2,5,5,NA,9,NA,1,2,3,3,1,5,1,NA,6,NA,NA,2,3,3,5,6,7,6,6,6,4,11,2,3,5,2,5
PLFEKH_12635,9,5,2,3,NA,1,1,3,5,1,NA,2,10,NA,4,NA,19,1,1,1,7,1,5,6,17,4,9,1,NA,9,1,NA,11,NA,4,NA,5,6,2,8,1,2,1,NA,NA,4,2,NA,6,NA,5,2,7,12,6,9,4,3,6,1,4
PLFEKH_12700,NA,NA,NA,NA,NA,NA,NA,NA,1,NA,NA,1,NA,1,NA,NA,NA,NA,NA,NA,NA,NA,NA,NA,NA,NA,2,NA,NA,1,1,NA,1,NA,2,NA,NA,1,1,3,NA,NA,1,NA,NA,1,NA,NA,1,NA,2,1,NA,1,1,NA,1,NA,NA,2,1
PLFEKH_12705,NA,NA,NA,1,NA,NA,NA,NA,NA,NA,NA,NA,NA,NA,NA,NA,1,NA,NA,NA,NA,NA,NA,NA,NA,NA,NA,NA,NA,NA,NA,NA,NA,NA,NA,NA,NA,NA,NA,NA,NA,NA,NA,NA,NA,NA,NA,NA,NA,NA,NA,NA,NA,NA,NA,NA,NA,NA,NA,NA,NA
PLFEKH_12710,3,NA,1,2,NA,1,1,NA,NA,1,NA,NA,NA,1,NA,1,4,1,NA,1,1,NA,NA,NA,1,2,1,NA,NA,1,1,NA,2,NA,1,NA,1,NA,1,NA,NA,1,1,NA,NA,1,1,NA,NA,1,NA,1,2,2,2,4,NA,1,NA,NA,NA
PLFEKH_12715,NA,NA,NA,NA,NA,NA,NA,NA,NA,NA,NA,NA,NA,NA,NA,NA,NA,NA,NA,NA,NA,NA,NA,NA,NA,NA,1,NA,1,NA,NA,NA,1,NA,NA,NA,NA,NA,NA,1,NA,NA,NA,NA,NA,NA,NA,NA,NA,NA,NA,NA,NA,NA,NA,NA,NA,NA,NA,NA,NA
PLFEKH_12720,1,3,2,2,1,NA,NA,4,NA,NA,NA,NA,1,NA,NA,NA,11,NA,NA,NA,NA,2,1,2,9,6,2,NA,NA,3,NA,NA,4,1,1,1,2,NA,1,11,3,1,2,1,NA,NA,NA,NA,3,2,2,3,2,5,4,17,2,1,1,NA,NA
PLFEKH_12725,10,1,3,5,NA,4,1,1,5,1,1,2,2,4,4,1,10,1,1,NA,5,1,1,2,7,6,4,NA,2,4,2,NA,7,1,2,1,2,7,3,5,2,NA,2,2,NA,1,1,1,5,2,5,1,6,8,4,16,4,4,3,1,2
PLFEKH_12740,1,1,NA,NA,NA,NA,NA,NA,NA,NA,NA,NA,4,1,NA,NA,6,NA,NA,NA,6,NA,NA,NA,1,NA,2,NA,NA,3,1,NA,2,NA,NA,NA,NA,NA,4,3,NA,NA,1,NA,NA,NA,NA,NA,1,NA,2,NA,4,1,NA,2,2,1,6,NA,NA
PLFEKH_12770,9,9,8,9,2,4,1,9,13,1,NA,3,11,3,5,2,20,1,4,2,12,7,3,6,13,9,9,1,2,10,2,NA,9,2,8,1,4,4,13,14,2,5,6,NA,NA,4,6,3,8,3,16,3,9,17,13,15,4,5,5,1,4
PLFEKH_12775,8,3,5,5,NA,2,4,2,2,2,2,1,8,2,2,1,13,1,3,1,4,3,1,1,6,3,7,NA,1,13,10,NA,9,3,5,1,3,NA,6,3,1,NA,4,NA,NA,7,2,NA,7,NA,8,2,6,6,1,6,1,6,3,1,1
PLFEKH_12780,6,3,4,2,1,NA,3,3,2,3,NA,NA,5,1,4,NA,16,3,1,1,2,2,2,3,1,3,4,NA,NA,8,8,NA,8,2,3,NA,2,1,2,1,NA,1,4,NA,NA,4,4,2,5,2,8,6,10,5,3,5,2,3,9,3,1
PLFEKH_12785,4,2,2,4,NA,1,2,2,3,1,4,3,6,3,3,NA,9,2,2,4,4,3,2,8,7,12,7,1,1,9,6,2,9,1,6,1,3,4,7,9,1,3,3,NA,NA,2,NA,NA,8,2,3,3,7,7,3,10,2,1,3,NA,2
PLFEKH_12790,3,1,2,3,NA,2,1,5,4,1,NA,NA,NA,NA,2,1,15,1,1,2,3,6,1,3,11,7,4,1,NA,11,2,2,12,NA,5,NA,2,2,1,7,1,2,3,NA,NA,2,3,NA,3,NA,2,2,2,8,2,6,2,1,3,2,1
PLFEKH_12795,3,6,NA,1,5,6,NA,NA,2,3,NA,4,1,2,1,NA,11,1,NA,NA,6,1,2,1,1,4,5,NA,NA,4,8,NA,7,1,4,NA,NA,1,4,6,NA,NA,3,NA,NA,10,NA,1,3,6,5,5,5,6,5,6,1,13,3,NA,NA
PLFEKH_12800,6,4,4,2,3,2,9,3,6,1,4,3,5,9,4,NA,9,7,4,NA,2,2,2,7,8,2,6,4,3,9,5,3,1,1,5,3,5,6,5,5,NA,1,5,NA,1,5,1,1,2,6,6,4,7,3,6,10,2,NA,4,NA,1
PLFEKH_12805,12,12,3,3,3,3,2,1,5,4,1,6,9,4,10,NA,28,8,1,5,7,7,8,7,5,22,17,1,NA,17,16,NA,13,7,9,2,4,5,8,23,3,2,5,NA,NA,11,8,4,6,5,19,12,14,23,21,37,6,12,15,NA,1
PLFEKH_12810,22,2,10,11,6,7,8,1,6,5,4,2,8,6,7,1,19,3,2,4,4,7,5,10,15,13,10,6,4,23,11,2,7,NA,12,4,NA,16,9,13,5,5,9,NA,2,10,8,8,9,8,3,15,7,20,11,26,8,7,8,5,6
PLFEKH_12825,NA,NA,NA,NA,NA,NA,NA,NA,NA,NA,NA,NA,NA,NA,NA,NA,NA,NA,NA,NA,NA,NA,NA,NA,NA,NA,NA,NA,NA,NA,NA,NA,NA,NA,NA,NA,NA,NA,NA,NA,NA,1,NA,NA,NA,NA,NA,NA,NA,NA,NA,NA,NA,NA,NA,NA,NA,NA,1,NA,NA
PLFEKH_12830,NA,NA,NA,NA,NA,NA,NA,NA,NA,NA,NA,2,NA,NA,1,NA,2,NA,NA,NA,NA,NA,NA,NA,1,NA,NA,NA,NA,1,NA,NA,NA,NA,1,NA,NA,NA,NA,4,2,NA,NA,NA,NA,1,NA,NA,NA,NA,1,2,NA,4,NA,3,NA,1,2,1,NA
PLFEKH_12835,6,1,1,3,1,NA,1,NA,2,NA,3,NA,1,4,NA,NA,8,1,NA,2,5,NA,2,2,7,6,5,NA,NA,4,2,NA,7,1,1,2,3,1,1,6,1,1,2,NA,NA,3,3,2,6,7,1,5,3,8,5,5,2,7,6,NA,2
PLFEKH_12840,3,6,3,3,NA,2,NA,2,3,6,1,2,3,4,4,2,10,NA,NA,NA,1,5,2,6,14,9,8,NA,NA,6,2,1,15,2,7,NA,2,2,3,12,4,3,4,1,NA,4,2,2,4,3,12,5,7,13,7,20,6,5,3,3,3
PLFEKH_12845,1,1,NA,NA,NA,1,NA,NA,NA,NA,NA,NA,2,NA,NA,NA,3,NA,NA,NA,NA,NA,NA,NA,NA,2,1,2,NA,1,1,1,NA,NA,NA,NA,NA,NA,NA,1,1,NA,NA,NA,NA,2,NA,NA,NA,2,NA,NA,1,NA,NA,2,NA,1,NA,NA,NA
PLFEKH_12850,7,2,4,5,NA,1,1,NA,1,1,2,NA,12,2,2,NA,10,2,1,3,2,4,2,3,3,3,4,4,1,7,2,NA,3,1,NA,2,5,1,NA,6,2,1,1,NA,NA,4,4,1,3,5,5,4,1,2,1,5,3,2,2,4,2
PLFEKH_12855,NA,5,2,4,NA,1,NA,NA,1,1,2,2,NA,2,2,NA,6,NA,NA,NA,1,1,2,2,4,4,5,NA,NA,7,1,NA,1,1,3,NA,1,3,4,4,NA,NA,1,NA,NA,NA,3,3,NA,4,3,2,1,5,2,8,2,6,4,NA,1
PLFEKH_12860,14,8,10,3,5,4,5,12,13,4,4,3,13,4,10,3,20,6,4,4,17,9,5,8,14,16,14,3,4,22,13,1,23,3,17,6,10,9,15,28,6,4,6,NA,NA,19,13,6,17,3,14,19,21,33,13,37,10,16,26,5,9
PLFEKH_12890,9,13,5,4,9,2,2,9,16,6,6,6,8,3,4,NA,26,6,NA,6,20,2,8,5,22,30,16,1,1,13,12,NA,23,2,18,3,6,11,16,47,12,6,11,NA,NA,9,10,5,17,11,10,9,20,23,19,50,14,18,12,1,3
PLFEKH_12895,NA,NA,1,NA,NA,NA,NA,NA,NA,NA,NA,NA,NA,NA,NA,NA,NA,NA,NA,1,NA,NA,NA,1,NA,NA,NA,NA,NA,NA,NA,NA,NA,NA,1,NA,NA,NA,NA,1,NA,NA,1,NA,NA,NA,NA,NA,NA,NA,1,NA,1,1,NA,1,NA,NA,NA,1,NA
PLFEKH_12900,5,2,1,1,1,2,NA,2,3,3,1,NA,3,1,2,1,10,1,1,NA,2,4,3,4,11,6,4,2,1,8,2,1,10,2,3,NA,4,1,5,20,5,2,5,NA,NA,4,1,4,10,3,3,5,6,8,3,17,6,5,6,1,3
PLFEKH_12905,4,1,2,3,NA,1,2,2,3,1,NA,2,4,1,5,NA,7,1,1,3,2,1,1,3,12,3,3,NA,NA,3,1,1,6,NA,5,NA,1,3,5,4,NA,NA,4,NA,NA,4,5,2,NA,1,4,3,1,7,2,7,NA,3,2,2,1
PLFEKH_12910,3,NA,1,2,1,NA,1,NA,3,NA,1,1,3,NA,NA,NA,2,1,NA,3,NA,3,NA,2,2,1,NA,NA,1,1,NA,NA,4,NA,3,NA,2,1,NA,3,NA,1,NA,NA,NA,2,1,NA,2,NA,1,2,2,7,NA,4,NA,1,3,NA,NA
PLFEKH_12915,3,2,1,2,1,1,NA,1,2,2,3,NA,4,NA,1,NA,13,NA,NA,3,4,NA,NA,1,4,18,4,NA,NA,4,3,NA,2,2,5,NA,1,1,5,6,2,1,3,NA,NA,6,1,3,4,2,3,3,3,4,5,14,3,8,6,NA,1
PLFEKH_12925,3,1,NA,2,2,1,1,1,2,NA,2,NA,NA,3,2,NA,5,NA,NA,1,2,NA,2,NA,4,4,4,NA,NA,5,2,NA,5,NA,4,1,3,NA,6,6,NA,NA,NA,NA,NA,2,NA,NA,2,NA,NA,1,1,3,1,8,1,2,2,NA,1
PLFEKH_12930,4,2,1,1,2,1,3,2,1,2,1,3,6,5,2,2,8,1,1,2,3,10,1,4,11,3,3,1,3,9,NA,2,3,1,2,2,2,6,NA,7,1,2,NA,3,NA,2,5,NA,3,2,2,3,9,4,1,12,3,2,2,3,3
PLFEKH_12940,7,9,5,NA,4,3,1,5,4,3,4,5,NA,2,5,NA,14,3,3,3,5,4,3,5,11,7,12,NA,NA,10,2,NA,11,1,8,1,1,8,4,7,1,3,5,1,NA,1,2,2,11,5,12,NA,8,11,11,23,3,6,8,1,NA
PLFEKH_12945,7,5,7,2,1,2,2,3,7,1,2,1,1,3,1,NA,23,NA,1,1,11,5,8,7,13,2,11,NA,NA,17,5,NA,11,NA,7,4,1,4,7,10,1,3,4,NA,NA,6,7,NA,8,1,12,3,12,10,4,18,3,10,11,3,4
PLFEKH_12950,4,3,8,5,1,NA,4,5,7,5,2,4,2,5,2,NA,14,1,1,NA,4,2,5,7,8,5,8,NA,1,11,10,NA,4,2,2,NA,1,5,8,9,2,2,5,NA,NA,5,6,3,10,5,9,7,6,14,7,8,9,6,10,NA,3
PLFEKH_12955,1,2,1,1,1,6,NA,1,6,1,2,2,1,2,1,1,12,1,NA,1,7,5,5,2,8,2,6,NA,1,7,5,NA,12,1,9,NA,NA,1,6,11,2,1,3,1,NA,4,2,NA,5,2,13,1,9,7,3,17,4,9,10,NA,2
PLFEKH_12960,5,2,1,2,NA,3,NA,1,3,2,NA,2,NA,NA,1,NA,7,2,2,3,4,3,1,2,5,1,4,NA,NA,8,3,1,1,NA,2,NA,NA,3,3,5,1,NA,NA,NA,NA,2,3,NA,4,2,9,4,5,5,1,2,4,3,7,1,NA
PLFEKH_12980,3,2,NA,1,NA,NA,NA,NA,3,2,NA,NA,4,NA,NA,NA,4,1,NA,1,1,2,NA,1,NA,2,NA,NA,NA,3,NA,NA,4,1,5,1,1,2,4,2,NA,1,1,NA,NA,NA,NA,NA,2,NA,NA,NA,1,5,1,1,NA,2,2,1,1
PLFEKH_12985,6,1,4,6,3,1,3,1,NA,NA,NA,NA,2,2,2,NA,13,NA,2,NA,3,NA,NA,2,6,2,NA,1,NA,9,4,2,8,2,3,1,NA,3,2,1,1,4,4,1,NA,3,2,4,4,2,8,4,5,NA,2,2,NA,4,5,1,1
PLFEKH_12990,6,5,2,NA,NA,NA,NA,NA,1,1,NA,1,6,2,1,1,9,NA,NA,NA,3,NA,1,3,1,NA,NA,NA,1,3,4,NA,2,1,2,NA,NA,3,2,4,3,NA,1,NA,NA,3,6,1,2,1,3,2,NA,1,NA,1,1,2,1,NA,NA
PLFEKH_12995,1,1,2,NA,1,NA,NA,NA,3,NA,1,2,1,NA,NA,NA,NA,NA,NA,NA,1,NA,NA,1,1,NA,1,NA,1,2,NA,NA,1,1,NA,2,1,1,NA,4,1,NA,1,NA,NA,2,2,1,6,NA,NA,2,3,1,NA,4,NA,1,1,1,2
PLFEKH_13000,3,NA,1,1,1,NA,3,1,2,NA,NA,NA,1,NA,1,NA,NA,3,1,7,14,NA,NA,2,5,2,6,NA,NA,2,1,NA,3,NA,2,1,3,3,1,9,7,2,2,1,NA,5,2,2,5,2,1,5,1,4,NA,8,6,2,NA,1,1
PLFEKH_13005,2,NA,NA,NA,NA,NA,1,1,NA,NA,NA,NA,1,NA,NA,NA,1,NA,NA,1,NA,NA,NA,NA,1,NA,NA,NA,NA,1,NA,NA,NA,1,1,NA,NA,NA,NA,NA,NA,NA,NA,NA,NA,1,NA,NA,NA,4,1,1,1,1,1,2,NA,NA,1,1,1
PLFEKH_13015,9,6,9,2,1,3,2,2,7,3,1,3,9,7,5,2,9,2,3,2,4,6,2,3,11,11,12,2,NA,19,11,NA,21,1,5,1,1,10,2,9,5,6,5,1,NA,5,8,1,7,9,12,3,11,15,9,10,5,3,9,1,8
PLFEKH_13020,2,2,NA,1,NA,NA,NA,NA,NA,NA,NA,NA,1,NA,NA,NA,1,NA,NA,NA,1,1,NA,NA,1,NA,NA,NA,NA,1,1,NA,NA,NA,NA,NA,NA,NA,2,NA,NA,1,NA,NA,NA,2,NA,NA,2,NA,1,NA,1,5,3,4,NA,2,NA,NA,NA
PLFEKH_13025,2,3,5,5,NA,3,3,4,4,1,1,2,2,2,2,1,8,4,2,NA,9,5,2,1,9,8,5,NA,NA,9,7,1,9,NA,7,1,NA,1,5,6,4,1,NA,NA,NA,2,4,3,6,3,6,3,4,8,2,9,9,6,3,2,5
PLFEKH_13035,6,9,3,3,2,5,2,4,2,1,NA,NA,4,5,5,NA,12,NA,1,2,4,NA,2,4,1,4,2,NA,NA,8,5,NA,12,2,2,1,1,NA,3,1,1,2,5,NA,NA,5,3,3,11,2,2,4,7,5,3,3,4,9,4,1,2
PLFEKH_13040,7,4,11,2,2,3,1,2,9,1,NA,NA,3,2,2,NA,8,2,2,1,3,2,2,3,1,4,NA,NA,3,11,6,3,10,1,7,NA,NA,3,2,9,NA,4,1,NA,NA,8,3,1,5,2,4,7,7,3,3,1,NA,6,4,1,3
PLFEKH_13075,5,22,NA,2,21,14,2,1,13,12,6,3,5,1,3,NA,57,2,NA,7,24,4,15,2,17,20,6,1,NA,14,40,NA,20,23,15,1,2,2,27,45,9,1,5,NA,NA,29,5,13,7,30,10,23,20,22,24,41,5,41,12,NA,NA
PLFEKH_13090,6,NA,8,1,1,1,3,2,3,2,3,3,1,2,1,NA,4,2,NA,NA,NA,2,1,6,4,5,NA,1,NA,4,1,2,1,NA,3,NA,NA,2,2,5,NA,NA,1,2,NA,4,NA,4,1,NA,NA,4,NA,5,1,7,3,6,2,NA,NA
PLFEKH_13095,NA,NA,NA,NA,1,NA,NA,NA,2,1,NA,NA,1,1,NA,NA,4,NA,NA,1,2,NA,NA,1,2,4,2,NA,NA,1,1,NA,1,4,2,NA,NA,1,2,4,NA,NA,2,NA,NA,3,NA,NA,NA,4,1,1,NA,NA,3,4,1,1,4,NA,NA
PLFEKH_13100,2,1,2,3,3,1,2,NA,3,3,2,1,1,2,2,NA,9,2,NA,NA,4,3,4,2,6,5,1,NA,NA,12,3,NA,8,2,2,NA,2,2,3,11,1,1,2,NA,NA,11,NA,4,6,6,2,5,5,13,2,19,1,7,3,1,1
PLFEKH_13105,6,NA,13,9,2,1,NA,1,5,NA,2,3,1,7,2,1,10,1,2,3,4,4,NA,6,11,3,6,2,2,4,2,3,7,1,1,NA,NA,12,7,7,1,1,2,1,1,13,NA,2,3,3,7,7,8,10,4,8,4,2,6,2,2
PLFEKH_13110,2,3,4,1,5,3,2,1,2,1,1,3,6,3,3,NA,8,2,1,3,4,5,2,5,3,5,7,1,1,10,2,4,6,1,3,4,4,6,4,2,NA,4,1,NA,2,5,1,NA,4,5,3,6,6,12,1,8,5,4,5,2,1
PLFEKH_13120,5,2,3,3,1,2,NA,NA,5,1,NA,1,NA,NA,1,NA,9,3,NA,2,2,5,5,1,2,5,5,NA,2,8,5,1,6,2,2,1,1,7,3,3,2,1,1,NA,NA,2,5,2,5,3,3,5,5,9,5,8,5,3,6,NA,NA
PLFEKH_13135,3,9,1,1,1,NA,NA,2,1,NA,1,1,3,NA,NA,NA,13,NA,NA,1,3,2,5,1,3,4,1,NA,NA,5,5,NA,8,1,3,NA,2,NA,1,3,NA,NA,3,NA,NA,2,NA,NA,5,2,2,1,3,2,1,2,1,6,4,1,2
PLFEKH_13140,3,2,1,4,NA,1,1,NA,2,1,NA,1,1,NA,1,NA,13,NA,NA,NA,5,1,2,2,10,4,3,NA,NA,2,2,NA,2,1,1,NA,3,1,1,5,NA,NA,4,NA,NA,1,NA,NA,3,1,3,2,5,7,2,10,3,2,1,NA,NA
PLFEKH_13145,4,9,NA,1,2,NA,1,1,10,8,2,9,7,NA,1,NA,29,1,NA,1,23,5,2,NA,16,16,5,NA,1,12,12,NA,13,1,12,1,NA,3,14,22,6,NA,7,NA,NA,3,6,1,6,2,4,2,11,12,12,22,9,10,12,1,NA
PLFEKH_13150,14,16,3,1,18,11,1,9,17,25,1,9,35,1,6,NA,63,3,NA,3,41,10,19,3,32,30,16,NA,NA,13,29,NA,35,10,29,NA,11,7,38,47,10,1,21,NA,NA,15,9,7,14,12,17,10,17,24,30,47,16,33,25,2,3
PLFEKH_13155,14,24,5,4,6,8,2,3,3,2,NA,1,7,2,1,1,28,2,NA,2,7,1,NA,1,12,8,1,NA,1,12,10,NA,15,4,5,1,5,3,5,9,2,2,10,NA,NA,6,4,5,7,5,3,9,19,6,4,3,2,17,13,2,4
PLFEKH_13165,9,3,13,11,5,2,3,2,3,5,2,6,6,5,8,2,25,4,2,2,5,11,2,19,22,13,14,2,5,7,7,2,16,4,13,2,5,9,10,8,3,9,8,NA,NA,4,5,2,9,1,12,8,15,19,3,23,11,3,8,3,4
PLFEKH_13170,NA,1,4,2,1,1,NA,NA,1,NA,NA,NA,NA,1,3,NA,10,NA,2,1,2,2,2,NA,3,1,8,NA,NA,3,2,NA,6,1,3,1,2,1,4,5,5,NA,3,NA,NA,2,2,3,2,2,5,3,1,9,NA,9,1,2,3,NA,NA
PLFEKH_13175,9,2,6,5,2,2,1,1,8,2,NA,NA,13,6,3,2,8,2,1,NA,6,3,5,10,20,4,8,6,3,3,3,1,5,5,5,4,7,18,9,10,NA,11,4,NA,NA,3,6,1,11,3,4,5,7,12,3,16,5,9,11,3,6
PLFEKH_13180,NA,NA,NA,1,NA,NA,NA,NA,NA,1,1,1,NA,2,NA,NA,1,1,NA,1,1,NA,NA,2,2,NA,2,NA,NA,3,1,NA,1,NA,2,1,NA,1,1,3,NA,NA,NA,NA,NA,NA,NA,1,2,1,NA,NA,NA,1,1,2,1,NA,1,NA,3
PLFEKH_13190,NA,NA,NA,NA,NA,NA,NA,NA,NA,NA,NA,NA,1,NA,NA,NA,NA,NA,NA,NA,NA,1,NA,NA,NA,NA,NA,NA,NA,NA,NA,NA,NA,NA,NA,NA,NA,NA,NA,1,NA,NA,NA,NA,NA,NA,NA,NA,1,2,1,NA,1,NA,NA,2,NA,NA,NA,NA,NA
PLFEKH_13240,6,7,NA,2,3,3,NA,NA,1,1,1,1,NA,2,1,NA,10,1,1,2,8,2,3,1,9,2,3,NA,NA,6,4,NA,6,1,3,NA,NA,1,5,12,3,NA,2,NA,NA,4,2,2,7,6,4,3,7,8,5,9,1,6,5,2,2
PLFEKH_13245,4,2,11,5,NA,1,1,1,5,1,1,1,5,3,2,NA,9,1,1,NA,5,1,1,2,6,1,5,NA,NA,4,2,1,3,NA,1,1,1,4,4,4,2,2,2,NA,NA,4,1,2,2,2,1,1,7,8,3,16,3,2,2,1,1
PLFEKH_13250,3,1,2,2,NA,NA,NA,NA,2,NA,NA,NA,1,NA,NA,NA,3,NA,NA,1,1,NA,2,NA,4,2,1,NA,NA,4,2,NA,2,1,NA,NA,NA,NA,NA,1,1,1,NA,NA,NA,2,NA,NA,NA,1,1,2,3,1,NA,1,NA,1,NA,1,1
PLFEKH_13255,6,1,3,1,NA,1,NA,3,2,NA,2,2,3,2,2,NA,9,2,NA,1,6,5,NA,7,8,6,2,NA,NA,8,5,NA,3,1,2,NA,2,2,1,1,NA,1,1,NA,NA,2,2,2,3,3,2,4,12,5,7,6,3,2,3,1,2
PLFEKH_13260,1,5,2,1,2,NA,2,3,2,3,3,NA,2,1,3,NA,10,4,NA,2,2,4,4,4,10,13,6,NA,NA,5,7,NA,10,3,8,NA,1,NA,7,9,NA,1,6,NA,NA,7,NA,2,2,4,7,5,4,13,4,22,4,9,5,1,3
PLFEKH_13265,4,1,4,NA,4,NA,1,2,2,1,1,NA,4,4,2,NA,14,NA,NA,1,5,5,NA,8,10,4,11,NA,1,6,10,NA,8,4,NA,1,2,2,3,13,2,1,7,NA,NA,7,1,1,3,3,9,4,10,12,1,15,7,2,4,NA,NA
PLFEKH_13270,NA,2,3,3,1,NA,NA,NA,3,3,NA,NA,3,NA,NA,NA,5,1,NA,1,3,NA,NA,5,6,2,4,NA,NA,4,NA,NA,3,2,2,NA,1,4,4,6,NA,NA,2,NA,NA,2,1,NA,2,2,3,NA,1,3,6,3,2,4,4,1,NA
PLFEKH_13275,6,1,3,3,1,2,1,1,NA,1,2,2,3,2,3,3,9,3,1,2,6,2,1,2,1,4,5,NA,NA,3,3,2,3,2,NA,2,5,4,1,5,1,NA,5,1,1,6,2,NA,5,1,7,4,5,7,1,13,5,4,5,1,3
PLFEKH_13280,4,5,1,NA,3,4,2,NA,1,2,2,2,NA,NA,1,NA,19,1,1,1,7,1,2,1,6,16,5,NA,NA,5,15,NA,7,6,3,1,1,2,10,6,1,NA,4,NA,NA,12,7,8,7,10,4,4,7,12,11,9,NA,12,6,NA,NA
PLFEKH_13290,NA,1,NA,NA,NA,NA,NA,NA,NA,NA,NA,1,1,NA,1,NA,1,NA,NA,NA,NA,1,NA,NA,1,2,NA,NA,NA,1,NA,NA,NA,NA,NA,NA,NA,NA,NA,NA,NA,NA,NA,NA,NA,1,1,NA,1,NA,1,NA,NA,NA,1,1,NA,2,1,NA,1
PLFEKH_13295,6,2,4,2,NA,NA,NA,1,1,NA,1,NA,NA,1,1,NA,5,4,NA,NA,3,2,3,NA,1,2,3,1,NA,3,3,NA,2,3,NA,1,NA,4,2,8,1,3,1,NA,NA,3,4,NA,1,1,5,NA,3,4,4,7,NA,5,5,3,NA
PLFEKH_13300,6,4,1,NA,1,1,NA,2,2,4,1,2,1,3,1,NA,19,NA,1,1,6,2,2,4,6,11,2,NA,NA,5,12,NA,5,3,6,1,2,1,11,17,1,NA,2,NA,NA,10,2,3,3,5,5,7,10,7,9,25,5,10,9,NA,2
PLFEKH_13335,6,6,4,2,3,NA,1,2,9,10,NA,1,16,3,1,NA,13,1,1,4,9,3,1,11,6,3,10,1,2,3,3,1,9,NA,7,NA,4,8,11,16,NA,3,7,NA,NA,3,3,2,4,2,11,1,6,19,8,12,6,3,9,4,NA
PLFEKH_13345,1,1,NA,NA,NA,NA,NA,NA,NA,NA,NA,NA,NA,NA,NA,NA,NA,NA,NA,NA,NA,NA,1,NA,NA,NA,NA,NA,NA,1,NA,NA,NA,NA,NA,NA,NA,1,NA,NA,NA,NA,1,NA,NA,NA,NA,NA,NA,NA,NA,NA,NA,NA,NA,NA,NA,1,3,NA,NA
PLFEKH_13350,7,5,5,1,NA,NA,NA,1,3,1,NA,1,2,2,1,1,8,3,2,1,3,1,2,4,7,3,4,2,1,4,4,1,3,2,6,1,2,2,4,5,2,2,4,NA,NA,2,3,2,3,1,4,3,2,5,1,8,2,1,4,NA,1
PLFEKH_13355,NA,2,NA,2,NA,1,3,3,2,1,NA,NA,3,NA,1,1,7,NA,NA,2,4,NA,1,2,3,2,NA,1,2,5,5,1,5,1,3,NA,1,6,2,5,2,1,3,NA,NA,NA,1,2,3,5,3,3,6,6,NA,3,3,6,3,1,1
PLFEKH_13360,7,2,2,3,NA,1,2,1,2,3,1,2,5,2,6,NA,15,1,2,2,4,3,1,3,4,4,3,NA,NA,9,2,NA,4,NA,6,2,3,5,5,NA,1,1,4,1,NA,1,2,2,2,1,4,4,6,7,3,7,4,8,8,2,1
PLFEKH_13365,15,13,10,10,1,2,2,4,7,1,1,1,9,6,6,NA,36,1,1,4,9,4,NA,6,8,6,9,2,1,19,9,1,14,1,5,1,6,9,5,6,1,4,7,NA,NA,7,5,4,9,2,10,4,17,15,5,12,5,14,14,4,5
PLFEKH_13370,4,2,4,5,NA,2,NA,4,5,2,1,1,7,3,1,3,10,5,1,NA,6,4,2,1,10,5,4,1,5,11,3,1,10,2,7,NA,4,5,1,5,1,1,2,NA,NA,4,3,NA,3,2,7,4,13,11,4,3,7,5,9,4,2
PLFEKH_13375,5,5,3,4,1,1,NA,2,7,5,1,4,7,2,5,1,15,1,3,4,7,2,3,6,12,11,10,NA,2,8,1,NA,12,NA,9,1,10,6,3,11,2,NA,5,NA,NA,6,1,2,8,1,4,4,14,11,6,14,5,9,8,2,4
PLFEKH_13380,8,11,2,2,2,3,3,3,17,6,2,3,11,1,3,NA,24,NA,1,4,10,8,5,7,14,11,8,NA,9,12,10,1,15,2,9,NA,3,9,13,15,5,3,5,NA,NA,1,5,2,10,3,9,1,5,13,6,21,10,4,5,2,4
PLFEKH_13385,4,4,2,3,NA,1,NA,2,3,2,NA,1,2,3,NA,NA,12,NA,NA,NA,4,2,5,1,2,4,4,2,NA,7,1,NA,1,NA,3,1,2,7,3,2,2,3,NA,NA,NA,NA,NA,NA,6,2,5,1,6,6,NA,7,2,3,4,NA,2
PLFEKH_13390,12,15,3,9,5,4,1,4,6,2,1,4,3,1,7,NA,30,1,2,3,4,6,NA,4,9,8,4,NA,NA,16,10,1,14,1,13,1,4,3,4,9,3,1,2,NA,NA,2,12,1,9,6,6,5,14,6,4,12,3,9,12,NA,1
PLFEKH_13395,5,3,3,1,1,NA,NA,1,3,2,1,NA,5,1,2,NA,6,1,NA,NA,4,NA,1,1,4,3,1,NA,NA,3,3,NA,4,1,2,NA,NA,NA,NA,1,NA,1,NA,NA,NA,2,2,1,3,2,2,NA,4,3,NA,2,2,4,3,NA,NA
PLFEKH_13420,1,2,2,1,1,NA,NA,1,1,1,3,2,2,1,1,NA,2,1,NA,2,1,3,NA,1,1,5,1,NA,1,2,2,NA,2,1,2,1,NA,2,2,4,NA,NA,NA,NA,NA,NA,1,NA,1,1,1,2,2,NA,1,6,1,2,NA,NA,NA
PLFEKH_13430,NA,NA,3,1,NA,NA,NA,NA,1,1,NA,NA,NA,NA,NA,NA,1,NA,1,2,2,NA,NA,1,1,NA,NA,NA,NA,2,NA,NA,1,NA,1,NA,NA,1,NA,2,2,NA,NA,NA,NA,1,NA,NA,NA,NA,NA,1,1,2,NA,1,1,1,NA,NA,1
PLFEKH_13435,NA,1,1,NA,2,1,1,NA,4,2,NA,NA,NA,NA,3,NA,1,1,NA,1,NA,NA,1,2,1,NA,NA,1,NA,NA,2,NA,NA,1,1,1,NA,NA,NA,4,NA,2,NA,1,NA,1,NA,NA,2,2,1,NA,NA,5,NA,2,1,1,1,2,1
PLFEKH_13445,2,NA,1,1,NA,2,NA,1,2,1,1,1,2,1,NA,NA,6,1,1,4,2,1,1,5,2,5,1,NA,2,6,3,1,5,NA,1,3,4,1,3,4,2,4,2,NA,NA,4,2,2,2,2,3,6,7,5,1,10,NA,5,3,1,3
PLFEKH_13450,3,1,2,2,1,1,3,1,3,2,NA,NA,NA,1,5,1,7,NA,NA,1,4,NA,1,2,3,4,8,NA,1,11,3,NA,4,1,4,NA,2,2,4,8,NA,NA,2,1,NA,3,7,4,2,NA,5,7,5,11,6,13,4,5,4,1,2
PLFEKH_13455,NA,NA,NA,NA,NA,NA,NA,NA,NA,NA,1,NA,NA,1,NA,NA,NA,1,NA,NA,NA,NA,NA,2,1,NA,NA,NA,NA,1,NA,NA,1,NA,1,NA,NA,NA,NA,2,NA,NA,NA,NA,NA,NA,NA,3,NA,NA,NA,NA,NA,1,NA,NA,2,NA,NA,NA,NA
PLFEKH_13525,3,6,NA,NA,5,2,NA,1,5,6,2,2,6,1,2,NA,17,2,NA,1,8,1,2,1,6,12,3,NA,NA,10,14,NA,9,2,6,1,NA,NA,7,19,2,NA,1,NA,NA,9,3,2,4,4,6,4,5,4,12,22,5,13,7,NA,NA
PLFEKH_13530,NA,3,5,1,NA,NA,NA,NA,5,NA,NA,NA,3,1,NA,NA,4,1,3,NA,2,1,NA,NA,5,2,6,1,NA,3,2,NA,1,NA,8,1,1,5,NA,5,1,1,2,NA,NA,3,NA,NA,2,NA,2,1,1,2,2,5,NA,1,1,2,1
PLFEKH_13540,3,9,1,NA,3,NA,NA,NA,7,3,NA,5,3,2,4,NA,16,NA,NA,NA,8,3,4,2,9,6,6,NA,1,10,4,NA,3,1,10,NA,3,2,4,14,5,NA,5,NA,NA,2,8,1,4,5,10,1,5,12,5,14,4,8,10,NA,1
PLFEKH_13545,2,1,3,NA,NA,3,1,NA,1,1,NA,NA,1,1,7,NA,10,1,NA,1,1,NA,2,3,6,1,8,NA,1,2,2,NA,4,1,3,1,2,1,4,3,NA,1,4,NA,NA,2,1,1,2,1,3,1,5,2,1,4,1,NA,9,NA,1
PLFEKH_13550,5,8,NA,NA,2,6,1,2,5,8,1,1,6,4,4,NA,18,1,NA,2,9,3,7,2,11,9,7,NA,NA,6,18,NA,6,3,9,1,1,1,14,17,3,NA,3,NA,NA,11,4,NA,6,3,12,4,8,9,11,18,8,12,5,NA,NA
PLFEKH_13555,2,1,5,2,1,NA,3,2,NA,1,NA,NA,2,NA,2,NA,9,NA,NA,NA,3,2,NA,1,5,5,5,1,2,4,1,1,6,1,4,NA,1,4,NA,7,NA,1,4,NA,NA,2,2,3,4,2,1,2,3,8,3,7,3,1,1,1,NA
PLFEKH_13560,5,2,8,5,3,1,2,5,7,4,1,1,9,2,8,2,26,2,4,6,5,8,1,10,7,8,9,4,2,8,10,1,11,1,10,3,4,8,8,10,5,9,10,NA,1,2,13,4,13,1,9,3,7,13,10,17,12,6,4,2,5
PLFEKH_13565,8,4,1,2,1,3,1,NA,5,6,NA,NA,6,1,4,NA,16,3,NA,2,11,6,4,5,9,6,4,3,1,6,5,1,7,NA,1,NA,1,4,5,4,2,2,4,NA,NA,2,3,2,6,1,4,2,7,18,3,15,6,5,8,2,NA
PLFEKH_13570,7,6,6,3,1,NA,2,3,4,6,NA,4,1,NA,NA,1,10,2,NA,NA,14,10,NA,2,6,4,5,NA,NA,14,9,NA,12,3,8,1,2,5,5,16,2,2,3,NA,NA,9,3,1,7,1,7,2,15,16,4,18,6,14,11,1,2
PLFEKH_13590,2,5,2,1,1,3,1,3,4,6,NA,NA,7,1,4,NA,10,1,NA,3,5,NA,NA,NA,4,3,1,NA,NA,6,8,NA,9,2,6,NA,3,4,13,14,7,NA,3,NA,NA,5,NA,NA,5,3,3,4,8,10,6,12,4,6,4,NA,1
PLFEKH_13605,6,1,NA,2,1,NA,1,NA,4,1,1,2,3,1,3,NA,8,2,NA,2,3,8,2,3,8,2,3,1,1,8,NA,NA,5,NA,3,NA,2,4,2,5,NA,1,NA,NA,NA,4,NA,NA,2,1,3,3,4,8,2,14,1,3,3,1,3
PLFEKH_13610,8,3,7,2,1,NA,NA,1,8,NA,3,NA,2,3,2,NA,9,3,NA,NA,9,3,2,4,4,8,5,NA,2,10,2,NA,5,NA,2,3,1,4,3,3,1,NA,5,NA,2,6,2,1,2,3,3,3,6,13,4,8,2,7,8,2,3
PLFEKH_13615,6,7,3,8,NA,3,2,4,9,2,2,NA,7,4,2,NA,15,NA,1,2,3,2,3,4,9,1,6,NA,NA,14,11,NA,10,1,4,1,2,5,6,10,5,4,5,NA,NA,4,4,4,11,NA,8,6,9,13,2,9,2,4,6,1,1
PLFEKH_13625,3,3,1,1,5,NA,1,NA,3,NA,NA,NA,4,5,4,NA,20,3,NA,4,9,1,NA,9,10,4,6,NA,NA,11,9,1,16,4,3,NA,2,10,5,9,1,1,7,NA,NA,2,9,2,8,2,6,3,12,7,3,7,7,4,11,NA,4
PLFEKH_13635,14,27,3,8,1,3,4,9,11,8,2,4,9,13,9,1,64,5,3,6,19,17,14,16,35,30,25,1,6,26,19,NA,27,3,12,5,14,15,14,33,5,6,11,NA,1,9,10,4,26,4,28,6,27,42,19,55,23,15,17,3,6
PLFEKH_13640,3,NA,2,3,3,NA,1,1,5,1,1,NA,1,1,3,1,9,2,NA,6,10,4,NA,4,3,3,1,NA,1,9,6,NA,6,1,5,1,5,4,7,7,1,1,3,NA,NA,4,3,3,5,1,2,6,6,7,6,5,2,6,8,2,NA
PLFEKH_13645,NA,NA,NA,NA,NA,NA,NA,NA,NA,NA,NA,NA,NA,NA,NA,NA,NA,NA,NA,NA,NA,NA,NA,1,1,NA,NA,NA,NA,NA,NA,NA,1,NA,NA,NA,NA,NA,NA,2,NA,NA,NA,NA,NA,NA,NA,NA,NA,NA,NA,1,2,1,NA,1,2,NA,1,NA,NA
PLFEKH_13650,6,2,2,2,1,1,1,2,3,1,4,3,1,2,3,1,4,NA,1,NA,2,3,2,3,4,NA,4,1,NA,2,5,NA,3,2,4,NA,1,2,4,6,1,NA,2,NA,NA,NA,NA,NA,2,2,4,3,7,3,5,8,3,2,1,2,3
PLFEKH_13655,1,NA,NA,NA,1,NA,1,1,4,1,2,NA,NA,NA,3,NA,1,NA,NA,NA,1,2,NA,1,9,3,3,1,NA,2,2,NA,2,3,3,1,3,1,2,4,2,NA,1,NA,NA,2,1,NA,7,2,NA,NA,1,5,1,3,1,5,5,NA,3
PLFEKH_13660,3,6,NA,2,1,3,2,4,5,5,NA,3,1,2,2,NA,25,1,NA,3,8,3,4,3,10,7,6,1,NA,11,6,NA,10,3,6,1,5,5,12,13,1,1,3,NA,NA,2,4,4,3,4,6,4,16,12,2,14,4,12,12,1,2
PLFEKH_13665,1,3,NA,3,1,NA,NA,1,3,1,1,NA,2,1,NA,NA,2,1,NA,NA,2,2,NA,1,3,2,3,NA,2,6,2,NA,2,1,1,1,NA,3,5,1,3,NA,1,NA,NA,1,1,NA,2,NA,2,NA,NA,4,3,5,6,1,1,NA,NA
PLFEKH_13670,6,3,3,2,3,NA,4,5,3,1,NA,2,3,NA,1,NA,9,1,NA,2,3,5,3,2,5,6,5,1,NA,7,6,NA,12,NA,3,1,NA,5,NA,10,1,2,4,NA,NA,2,1,1,5,3,7,5,9,10,3,9,2,7,2,3,2
PLFEKH_13675,2,1,9,6,NA,NA,2,NA,9,2,NA,NA,11,NA,3,1,12,1,3,2,7,4,2,7,4,4,4,4,4,2,2,1,3,1,1,1,2,3,1,5,2,1,2,NA,1,NA,3,1,4,1,2,4,7,7,4,5,2,2,3,2,2
PLFEKH_13680,1,NA,2,NA,1,2,NA,3,1,2,NA,NA,1,1,NA,1,5,1,NA,2,7,3,1,3,5,2,1,1,NA,3,NA,1,5,2,3,NA,1,5,6,2,2,3,3,NA,NA,4,2,NA,3,4,5,3,3,2,1,3,1,3,4,NA,1
PLFEKH_13685,1,NA,NA,NA,1,1,2,2,3,1,NA,NA,1,1,NA,NA,2,2,2,1,NA,3,NA,2,NA,1,1,NA,NA,2,NA,NA,1,NA,1,NA,1,NA,1,NA,NA,NA,1,1,2,2,NA,NA,NA,NA,1,2,1,1,1,3,1,NA,NA,NA,1
PLFEKH_13695,NA,3,NA,NA,1,NA,NA,NA,6,3,NA,NA,3,NA,NA,NA,2,NA,NA,1,2,NA,NA,NA,5,NA,NA,NA,NA,1,NA,NA,2,NA,4,NA,1,2,5,3,NA,NA,1,NA,NA,1,2,NA,NA,NA,1,1,1,8,1,7,NA,3,2,NA,NA
PLFEKH_13705,4,2,3,1,1,3,1,NA,3,5,2,1,NA,1,2,1,10,2,2,1,3,4,1,3,4,5,2,1,NA,3,3,NA,2,2,2,1,3,3,3,5,1,NA,NA,1,NA,5,3,5,4,1,3,3,7,9,5,13,4,3,4,2,1
PLFEKH_13710,2,1,5,5,2,NA,2,4,2,3,3,2,6,6,1,1,10,1,3,2,4,5,5,3,10,8,5,NA,1,1,1,1,4,NA,4,3,2,4,3,6,NA,2,1,NA,NA,2,2,2,4,9,6,9,9,8,2,9,4,4,3,2,1
PLFEKH_13715,3,1,2,NA,NA,NA,NA,1,4,NA,NA,NA,1,NA,2,NA,10,NA,NA,NA,1,2,1,4,2,2,5,NA,NA,6,2,NA,2,1,5,1,1,1,1,5,NA,NA,1,1,NA,3,2,2,1,2,4,2,1,12,2,4,2,1,4,1,NA
PLFEKH_13720,5,2,2,2,2,NA,1,1,9,4,NA,NA,6,5,3,NA,10,NA,NA,2,6,1,3,2,6,6,4,2,1,5,6,1,8,1,12,2,6,5,3,9,7,NA,3,NA,NA,3,2,3,3,2,6,4,9,9,4,13,4,10,1,1,5
PLFEKH_13725,NA,3,1,7,2,2,NA,NA,3,2,5,1,3,6,1,1,7,1,1,1,2,3,NA,4,7,3,3,3,4,5,2,NA,5,NA,NA,2,5,5,3,3,1,2,3,NA,NA,4,2,3,4,2,1,8,2,4,2,5,6,4,4,1,4
PLFEKH_13730,NA,1,NA,NA,1,NA,NA,NA,1,2,1,NA,NA,NA,NA,NA,2,NA,NA,NA,3,NA,2,NA,1,1,3,NA,NA,NA,4,NA,6,1,1,NA,NA,NA,1,2,NA,NA,NA,NA,NA,NA,NA,1,NA,1,NA,1,1,2,1,4,1,4,11,NA,NA
PLFEKH_13735,1,NA,NA,NA,NA,NA,NA,NA,NA,NA,NA,NA,NA,NA,NA,NA,NA,NA,NA,NA,1,NA,NA,NA,NA,NA,NA,NA,NA,1,NA,NA,NA,1,NA,NA,NA,NA,NA,NA,NA,NA,NA,NA,NA,NA,NA,NA,NA,NA,NA,NA,NA,1,1,1,1,NA,NA,NA,NA
PLFEKH_13740,2,3,1,2,4,1,4,NA,NA,1,NA,NA,1,1,1,NA,9,1,NA,NA,2,1,NA,NA,4,6,5,1,NA,5,9,NA,8,3,2,1,1,4,7,7,1,1,1,NA,NA,8,1,2,3,3,3,4,11,4,3,9,1,9,7,1,NA
PLFEKH_13745,2,1,2,2,6,1,NA,NA,2,2,3,2,3,NA,1,NA,9,1,NA,3,6,2,2,3,8,4,4,NA,NA,4,3,NA,5,2,2,1,2,3,5,11,2,NA,2,NA,NA,10,3,6,5,6,4,10,10,6,2,12,2,6,7,1,2
PLFEKH_13750,3,3,1,1,6,2,2,NA,3,1,1,4,1,1,1,NA,14,NA,NA,2,5,4,3,3,4,3,4,NA,NA,10,4,NA,6,2,5,1,6,6,2,5,3,1,3,NA,NA,5,4,4,7,6,4,9,12,8,6,5,5,6,7,1,3
PLFEKH_13755,4,2,8,3,3,NA,4,3,3,NA,4,NA,3,3,4,2,13,5,2,NA,1,2,1,7,10,5,4,5,2,9,5,1,6,1,1,4,5,7,3,9,6,7,1,NA,2,4,5,2,12,5,11,3,8,4,3,10,5,7,7,2,6
PLFEKH_13765,3,2,1,1,1,1,1,NA,2,1,3,1,NA,1,3,NA,2,1,NA,NA,5,2,1,1,3,3,NA,NA,NA,1,4,NA,2,1,NA,1,3,NA,3,NA,2,1,NA,NA,NA,3,2,2,5,2,1,3,3,5,2,12,2,2,1,NA,1
PLFEKH_13775,5,2,4,2,NA,NA,3,1,2,NA,1,1,NA,2,NA,NA,6,2,NA,NA,3,3,2,4,2,5,NA,2,NA,4,2,NA,NA,1,2,1,2,5,1,3,1,1,3,NA,NA,2,2,1,3,NA,2,1,5,3,3,7,6,4,3,1,1
PLFEKH_13780,5,2,3,5,1,1,1,3,4,2,1,NA,1,1,2,NA,12,2,NA,2,7,8,1,5,5,10,7,NA,4,3,3,NA,2,2,2,2,1,3,NA,11,3,1,3,NA,NA,6,1,3,8,1,2,1,11,4,6,15,2,7,5,1,1
PLFEKH_13785,5,14,7,2,12,3,1,4,6,8,NA,1,4,3,5,1,31,12,1,14,26,8,10,16,39,55,32,NA,NA,18,21,NA,12,6,18,2,6,8,19,27,3,5,17,NA,NA,26,7,14,15,17,18,17,18,19,15,93,24,14,14,NA,3
PLFEKH_13790,3,2,3,2,2,1,2,4,1,3,NA,NA,1,3,1,NA,11,NA,NA,1,2,NA,NA,5,12,2,2,NA,NA,5,3,1,4,4,3,1,7,6,6,8,NA,4,7,NA,NA,2,3,NA,3,5,7,3,5,11,6,7,2,4,2,2,3
PLFEKH_13795,10,7,4,3,3,4,3,5,6,4,NA,NA,2,2,2,NA,21,4,1,NA,2,NA,1,11,24,5,6,NA,1,6,11,1,6,4,10,4,14,17,17,16,1,8,9,NA,NA,9,6,5,9,4,9,6,13,24,9,6,8,12,8,5,4
PLFEKH_13800,2,3,2,3,2,NA,NA,3,7,4,NA,NA,2,1,5,1,7,1,NA,7,3,2,2,9,12,3,3,NA,NA,1,3,NA,8,3,5,NA,5,1,4,9,2,3,5,NA,NA,2,2,1,5,2,8,5,7,5,3,9,5,3,5,NA,4
PLFEKH_13805,4,2,1,2,NA,3,3,3,3,NA,NA,1,NA,6,2,1,9,NA,1,2,7,NA,NA,7,19,4,3,NA,2,6,4,NA,9,NA,8,2,5,15,9,3,1,4,9,NA,NA,5,3,4,13,4,5,NA,8,6,5,4,NA,6,11,4,3
PLFEKH_13810,6,3,NA,3,3,2,NA,NA,3,2,NA,NA,NA,NA,NA,NA,4,NA,NA,1,3,1,NA,1,7,3,4,1,NA,6,2,NA,NA,2,3,NA,5,9,6,3,NA,NA,7,NA,NA,2,2,3,6,2,7,NA,2,5,2,5,1,6,8,1,2
PLFEKH_13815,3,2,3,1,3,3,2,1,3,2,NA,NA,NA,NA,2,NA,6,NA,NA,2,5,NA,1,7,13,2,1,NA,NA,3,4,NA,3,NA,10,NA,5,4,7,2,NA,1,2,NA,NA,2,4,1,5,2,1,2,5,3,1,7,1,4,5,1,4
PLFEKH_13820,2,NA,1,2,NA,NA,1,3,1,1,NA,NA,1,NA,NA,NA,5,NA,1,3,5,1,NA,1,7,4,3,NA,1,5,2,NA,7,NA,3,2,5,4,NA,1,NA,1,5,NA,NA,4,1,NA,5,2,3,4,3,6,4,7,1,1,8,NA,5
PLFEKH_13825,8,4,1,NA,2,3,NA,4,4,3,NA,NA,2,1,2,NA,15,NA,1,1,6,1,NA,8,11,4,NA,NA,NA,4,5,NA,6,3,11,NA,7,11,18,6,2,4,6,NA,NA,6,4,2,6,3,3,6,7,10,4,5,NA,11,6,1,7
PLFEKH_13830,2,1,1,1,2,1,NA,2,NA,1,NA,NA,1,1,1,NA,4,NA,1,1,2,NA,2,4,6,NA,1,NA,NA,5,4,NA,2,2,5,1,6,1,6,3,NA,4,3,NA,NA,2,NA,1,4,2,4,1,3,3,2,4,2,8,3,3,1
PLFEKH_13835,NA,NA,NA,NA,NA,NA,1,1,2,1,NA,NA,NA,NA,NA,NA,2,NA,NA,1,3,NA,NA,NA,2,NA,1,NA,NA,NA,NA,1,3,NA,1,1,NA,1,3,2,1,1,NA,NA,NA,6,1,1,NA,2,2,1,2,3,1,2,1,2,3,NA,NA
PLFEKH_13840,1,NA,NA,NA,NA,NA,1,1,NA,2,NA,NA,NA,1,NA,NA,4,3,NA,NA,2,NA,1,3,4,2,1,NA,1,1,NA,NA,4,NA,2,NA,3,1,1,1,NA,NA,1,NA,NA,1,2,NA,1,NA,1,2,2,4,2,2,NA,1,NA,1,NA
PLFEKH_13845,2,NA,2,2,NA,1,1,1,2,NA,NA,2,2,2,NA,NA,5,NA,3,1,2,NA,NA,3,6,1,4,1,2,1,3,NA,3,NA,1,1,1,11,3,4,NA,NA,3,NA,NA,3,3,NA,5,1,5,2,3,5,1,1,NA,3,2,3,1
PLFEKH_13850,NA,NA,1,NA,NA,NA,NA,NA,NA,NA,NA,NA,NA,1,NA,1,1,NA,1,NA,NA,NA,NA,1,NA,2,NA,NA,NA,1,1,NA,2,NA,NA,NA,NA,1,1,1,NA,NA,1,NA,NA,NA,1,NA,NA,NA,NA,NA,2,1,NA,3,NA,1,1,NA,NA
PLFEKH_13855,NA,NA,2,1,NA,NA,NA,NA,NA,1,NA,NA,2,NA,1,1,2,NA,1,NA,2,2,NA,4,6,NA,3,NA,NA,2,NA,NA,1,NA,NA,NA,3,4,1,3,NA,1,1,NA,NA,1,NA,NA,NA,NA,NA,1,1,2,NA,5,NA,NA,1,1,NA
PLFEKH_13860,19,5,7,12,3,5,2,8,5,6,2,NA,9,8,1,3,30,1,2,2,9,3,1,2,12,6,5,NA,2,16,13,NA,17,NA,7,2,6,3,5,9,4,3,2,NA,NA,6,5,3,17,5,11,4,21,3,6,4,2,10,13,3,3
PLFEKH_13870,4,2,3,2,NA,NA,1,NA,3,1,1,NA,NA,1,NA,NA,9,1,NA,NA,2,2,NA,2,3,3,6,1,NA,NA,1,NA,3,NA,2,NA,3,3,NA,3,NA,1,3,NA,NA,NA,1,NA,5,NA,3,NA,3,5,NA,11,2,6,1,NA,NA
PLFEKH_13875,6,1,2,1,1,1,2,1,7,1,NA,1,2,NA,2,NA,4,NA,NA,1,2,4,2,3,3,1,2,1,NA,8,NA,NA,5,NA,1,NA,NA,4,NA,7,NA,NA,1,NA,1,3,NA,NA,NA,1,4,1,1,2,3,6,1,4,5,1,2
PLFEKH_13880,11,6,4,7,1,1,2,6,4,3,3,2,9,3,4,2,23,2,2,3,4,1,2,5,2,7,6,NA,1,13,7,1,21,1,4,1,4,1,1,5,1,3,5,1,NA,3,5,NA,5,5,11,4,7,1,7,6,2,11,9,2,3
PLFEKH_13885,2,1,1,1,2,1,NA,1,3,1,NA,NA,2,1,1,1,10,1,NA,2,3,NA,2,1,1,4,4,NA,NA,3,2,NA,2,1,1,NA,1,5,3,10,2,NA,5,NA,NA,2,3,1,1,1,7,1,1,7,4,4,3,2,4,1,NA
PLFEKH_13890,2,2,1,1,NA,1,NA,NA,1,2,NA,NA,NA,NA,NA,NA,7,NA,2,NA,2,1,NA,5,4,NA,3,NA,NA,2,1,NA,6,NA,3,1,3,3,4,7,2,NA,1,NA,NA,2,2,1,4,2,2,2,5,3,2,5,2,2,2,1,NA
PLFEKH_13895,8,7,NA,NA,2,1,NA,NA,4,1,3,2,NA,2,2,NA,10,1,1,1,3,6,2,1,5,5,6,NA,NA,2,8,NA,8,2,8,3,2,5,5,6,NA,1,3,NA,NA,4,5,3,5,5,5,7,4,4,4,12,5,3,6,2,1
PLFEKH_13905,1,NA,2,NA,NA,NA,NA,1,NA,NA,NA,NA,1,NA,1,NA,NA,NA,NA,NA,NA,NA,NA,1,NA,NA,NA,NA,NA,1,NA,1,NA,1,1,NA,NA,NA,NA,NA,NA,NA,NA,1,NA,1,NA,NA,NA,NA,1,NA,NA,1,NA,NA,NA,NA,NA,NA,NA
PLFEKH_13910,11,4,2,3,1,2,1,1,8,2,1,4,6,NA,4,1,7,2,4,NA,9,4,4,5,4,1,9,NA,NA,10,5,2,1,2,5,2,NA,5,8,8,5,NA,3,NA,NA,2,7,5,2,4,9,2,11,14,6,13,1,5,7,2,3
PLFEKH_13920,5,2,NA,3,1,1,1,1,2,1,NA,NA,4,1,2,NA,7,NA,1,1,4,5,NA,NA,1,1,1,NA,NA,2,5,1,5,2,NA,NA,NA,NA,NA,2,1,1,3,NA,NA,4,2,2,NA,2,4,2,2,1,3,NA,NA,3,3,2,1
PLFEKH_13930,8,4,2,1,NA,NA,NA,NA,5,3,5,7,3,1,NA,NA,5,1,1,2,2,5,3,2,7,7,3,1,2,9,4,NA,8,NA,3,1,NA,7,6,11,2,2,4,NA,NA,4,1,1,3,1,6,4,12,11,6,13,9,3,6,3,3
PLFEKH_13935,4,5,2,1,1,2,2,1,1,2,2,2,8,NA,1,1,12,NA,1,5,7,3,1,3,4,4,11,1,2,6,5,NA,15,NA,5,NA,NA,3,3,13,2,NA,2,NA,NA,6,2,NA,8,1,5,5,5,7,4,11,3,1,11,1,1
PLFEKH_13945,4,NA,2,NA,NA,NA,NA,NA,1,NA,1,NA,2,1,NA,NA,NA,NA,NA,NA,NA,1,NA,1,2,NA,1,NA,NA,NA,NA,NA,1,NA,NA,1,NA,1,NA,NA,NA,1,1,NA,NA,1,NA,NA,NA,NA,1,NA,1,1,2,5,6,2,1,NA,1
PLFEKH_13950,NA,NA,NA,NA,NA,NA,NA,NA,NA,NA,NA,NA,NA,1,NA,NA,1,NA,NA,1,NA,NA,NA,NA,NA,NA,NA,NA,NA,NA,NA,NA,NA,NA,NA,NA,NA,NA,NA,NA,NA,NA,NA,NA,NA,NA,NA,NA,NA,NA,NA,NA,NA,1,NA,NA,NA,NA,NA,NA,NA
PLFEKH_13960,11,24,4,11,3,11,8,7,11,6,3,4,31,12,6,2,41,6,1,6,24,6,10,10,18,22,22,NA,1,13,16,1,26,3,14,1,9,6,12,16,8,4,7,1,NA,11,9,5,18,11,13,7,20,24,8,21,13,16,11,4,4
PLFEKH_13965,7,14,3,5,3,1,1,5,8,10,NA,NA,9,4,2,NA,9,1,NA,8,16,6,1,5,11,12,6,1,NA,4,11,2,10,6,14,2,6,7,15,30,3,1,11,NA,NA,6,7,1,13,3,6,7,7,24,9,11,10,13,6,NA,5
PLFEKH_13970,17,11,9,5,2,4,2,4,9,3,2,2,9,4,4,NA,11,2,3,NA,5,2,5,3,3,4,4,NA,1,11,10,6,11,1,3,3,6,8,3,11,NA,3,NA,3,NA,3,7,5,6,2,2,4,4,2,2,6,1,2,7,NA,1
PLFEKH_13975,12,5,12,7,3,3,NA,3,6,2,NA,NA,8,7,4,1,7,1,3,1,4,8,NA,2,8,8,6,1,3,8,8,2,9,2,3,2,2,9,3,12,4,3,2,1,1,6,3,3,6,1,5,5,2,21,4,10,5,5,2,2,2
PLFEKH_13980,3,NA,2,1,NA,NA,2,NA,2,1,NA,1,1,3,NA,NA,1,2,1,1,NA,1,2,1,5,3,NA,1,NA,2,1,NA,NA,1,3,NA,3,1,1,3,NA,1,1,NA,1,3,4,2,2,2,3,5,2,2,1,5,NA,3,2,NA,2
PLFEKH_13990,NA,NA,1,3,NA,1,2,NA,NA,NA,NA,NA,NA,NA,NA,NA,NA,1,NA,NA,1,NA,NA,2,1,NA,NA,NA,1,2,NA,1,NA,1,1,NA,2,2,NA,1,2,2,NA,NA,NA,3,NA,NA,1,2,NA,NA,NA,1,NA,1,NA,NA,NA,NA,1
PLFEKH_13995,NA,1,NA,NA,4,NA,1,NA,NA,1,NA,NA,1,2,NA,NA,2,NA,NA,NA,NA,NA,NA,1,3,2,NA,NA,NA,1,1,NA,1,2,1,NA,NA,NA,4,2,NA,NA,2,NA,NA,2,NA,NA,NA,1,NA,2,NA,4,2,NA,NA,5,NA,NA,NA
PLFEKH_14000,NA,NA,NA,1,1,NA,1,1,4,NA,NA,NA,NA,2,NA,NA,NA,NA,NA,NA,NA,NA,NA,3,6,NA,NA,NA,2,5,1,NA,1,2,NA,2,NA,5,2,3,1,3,1,NA,NA,2,NA,NA,NA,2,2,3,4,3,NA,1,NA,6,2,2,1
PLFEKH_14015,2,2,2,1,NA,NA,NA,NA,1,NA,NA,NA,3,NA,NA,1,1,NA,1,NA,1,NA,NA,1,2,NA,NA,1,NA,3,1,1,NA,3,NA,NA,3,2,1,2,NA,2,NA,1,1,1,2,NA,NA,NA,NA,3,NA,NA,3,4,NA,1,NA,1,NA
PLFEKH_14020,1,NA,1,2,NA,NA,1,1,3,NA,NA,NA,NA,NA,NA,1,1,NA,NA,NA,2,NA,NA,2,3,1,2,NA,NA,4,1,NA,1,1,2,1,NA,2,4,2,NA,NA,1,NA,NA,NA,NA,NA,2,NA,1,NA,1,7,1,1,NA,3,1,NA,1
PLFEKH_14025,4,3,2,2,2,1,NA,3,3,4,NA,NA,2,2,NA,NA,8,NA,NA,NA,4,NA,NA,5,6,1,4,1,NA,9,5,2,4,1,4,1,5,4,9,4,2,3,2,1,NA,6,4,1,3,2,3,5,1,4,4,9,3,6,1,NA,4
PLFEKH_14030,5,NA,1,NA,NA,1,1,1,1,2,1,2,2,1,NA,NA,8,1,NA,1,2,1,NA,1,3,NA,NA,NA,NA,3,1,2,3,NA,2,NA,2,NA,1,4,NA,2,NA,NA,NA,1,1,NA,3,1,1,4,3,NA,1,1,NA,6,3,NA,3
PLFEKH_14035,2,2,1,2,1,1,1,NA,2,1,3,NA,4,1,NA,1,5,1,1,2,1,1,1,1,2,2,2,NA,NA,NA,2,NA,3,NA,2,2,4,1,NA,2,NA,1,3,NA,NA,1,1,NA,3,2,2,4,4,9,NA,7,5,NA,1,NA,1
PLFEKH_14040,7,1,2,1,1,NA,1,2,1,NA,2,1,3,1,1,NA,2,NA,1,1,3,5,3,NA,1,3,3,1,NA,6,7,2,4,1,1,NA,NA,6,2,6,1,1,1,NA,NA,4,NA,3,3,2,3,2,7,5,2,7,3,3,2,2,1
PLFEKH_14045,7,NA,4,3,2,NA,NA,2,3,1,NA,1,6,2,4,1,11,4,1,2,5,6,1,8,4,5,4,2,2,7,NA,1,4,NA,6,1,NA,5,1,6,1,5,3,NA,NA,6,3,1,6,3,1,4,5,9,2,13,1,3,7,1,2
PLFEKH_14135,19,8,4,4,1,3,4,3,3,6,NA,2,15,3,2,NA,27,NA,NA,1,5,2,2,3,4,7,2,1,1,18,11,NA,15,2,7,1,5,1,7,9,1,3,6,NA,NA,3,2,4,17,5,9,4,24,5,3,11,NA,5,12,NA,8
PLFEKH_14145,14,13,7,15,2,5,5,10,19,9,8,1,11,6,15,1,71,2,4,7,25,8,7,18,38,22,29,1,6,31,18,NA,24,6,25,1,14,15,24,29,3,7,10,NA,NA,14,11,4,29,10,38,19,28,34,9,56,16,28,19,4,9
PLFEKH_14150,1,1,3,3,NA,1,2,NA,3,3,1,NA,3,NA,2,NA,10,1,NA,NA,6,2,NA,1,4,1,1,NA,1,6,2,NA,4,1,1,1,2,1,NA,7,1,NA,1,NA,NA,NA,NA,NA,2,2,4,2,6,8,NA,3,5,1,1,NA,NA
PLFEKH_14180,4,1,NA,NA,NA,1,NA,1,NA,1,1,3,2,2,NA,NA,4,NA,2,NA,2,1,1,1,2,3,2,1,NA,2,1,NA,1,NA,2,1,2,4,NA,1,NA,NA,3,NA,NA,1,1,1,4,NA,4,NA,NA,NA,1,3,1,NA,3,1,1
PLFEKH_14195,5,1,1,NA,NA,3,2,NA,NA,4,NA,NA,2,1,1,1,3,1,NA,NA,2,1,1,4,6,1,3,NA,NA,4,1,NA,3,2,7,1,4,NA,1,3,NA,1,2,NA,NA,3,2,NA,NA,1,2,7,3,1,3,6,NA,7,10,1,NA
PLFEKH_14200,1,NA,1,NA,NA,NA,NA,NA,NA,NA,NA,NA,NA,NA,NA,NA,NA,NA,NA,NA,NA,NA,NA,NA,NA,NA,NA,NA,NA,NA,NA,NA,NA,NA,NA,NA,NA,NA,NA,1,NA,NA,NA,NA,NA,NA,1,NA,NA,NA,1,NA,NA,NA,NA,NA,NA,NA,NA,NA,NA
PLFEKH_14215,4,4,NA,2,NA,NA,1,1,4,NA,NA,NA,5,NA,1,NA,10,NA,1,1,8,4,1,7,9,3,6,1,NA,6,7,NA,3,3,3,1,3,3,3,10,2,2,4,NA,NA,3,2,1,4,1,5,1,4,9,1,15,2,5,10,NA,2
PLFEKH_14220,NA,NA,1,NA,NA,NA,NA,NA,NA,NA,NA,NA,1,NA,NA,NA,2,NA,NA,NA,NA,1,NA,1,NA,1,NA,NA,NA,1,1,NA,1,NA,NA,NA,1,NA,NA,NA,NA,NA,NA,NA,NA,NA,NA,NA,3,1,NA,NA,2,2,1,1,NA,NA,NA,NA,1
PLFEKH_14230,4,1,2,2,NA,NA,NA,1,2,1,NA,1,1,NA,1,NA,9,1,NA,NA,1,3,NA,2,2,3,1,1,1,1,1,NA,2,NA,1,NA,1,1,2,3,NA,NA,1,1,NA,2,NA,1,1,NA,2,2,5,NA,5,3,4,1,1,1,2
PLFEKH_14235,15,9,1,2,4,4,1,7,9,4,4,4,20,1,2,NA,22,NA,1,1,17,12,7,4,23,7,5,1,NA,17,11,NA,16,2,7,NA,6,2,16,23,2,1,3,1,NA,8,1,5,16,3,10,3,15,19,7,19,10,10,12,2,4
PLFEKH_14245,2,NA,3,NA,1,NA,1,1,3,NA,NA,2,1,NA,3,NA,11,1,1,NA,1,2,NA,1,1,7,7,1,2,8,1,NA,4,NA,3,NA,1,3,2,4,NA,NA,2,NA,NA,1,2,1,5,NA,1,2,1,6,5,8,1,1,1,1,1
PLFEKH_14250,4,NA,4,3,1,NA,3,4,6,1,1,NA,5,2,1,NA,10,NA,4,3,5,2,1,7,13,2,5,1,1,8,5,NA,8,NA,1,NA,2,3,3,7,2,2,5,1,1,3,3,1,8,2,8,7,3,8,3,6,8,5,5,3,3
PLFEKH_14335,13,15,8,6,1,6,4,2,5,9,1,NA,16,3,6,NA,24,3,2,1,13,5,3,7,13,6,8,NA,3,7,10,4,23,3,10,3,3,5,3,7,2,3,4,NA,NA,2,7,5,11,4,9,5,17,5,4,11,5,11,8,4,3
PLFEKH_14340,2,1,11,5,NA,NA,2,1,2,NA,1,2,3,2,4,1,9,NA,1,1,8,5,2,4,6,4,5,NA,2,5,5,1,1,NA,2,1,3,5,1,2,NA,2,3,1,NA,NA,2,1,3,2,2,2,5,5,4,7,4,NA,7,2,4
PLFEKH_14345,5,NA,2,NA,NA,NA,NA,NA,1,NA,NA,NA,1,1,NA,NA,1,NA,1,NA,2,NA,1,NA,1,NA,2,NA,NA,3,1,NA,1,NA,1,1,NA,1,NA,NA,NA,NA,2,NA,NA,NA,1,NA,1,1,2,NA,1,2,NA,2,NA,1,1,NA,NA
PLFEKH_14375,3,7,NA,2,2,2,NA,NA,5,NA,NA,1,NA,NA,1,NA,16,1,NA,NA,1,2,NA,NA,NA,1,1,NA,NA,7,7,NA,8,NA,7,NA,4,2,2,2,1,NA,3,NA,NA,2,1,1,6,2,2,2,5,1,1,1,NA,8,3,2,NA
PLFEKH_14380,1,1,NA,NA,1,NA,NA,NA,1,NA,NA,NA,NA,NA,NA,NA,3,NA,NA,NA,2,NA,NA,NA,NA,2,1,1,NA,1,NA,NA,2,NA,NA,NA,NA,2,NA,3,NA,NA,1,NA,NA,NA,NA,1,NA,NA,NA,NA,3,NA,NA,2,NA,NA,NA,NA,NA
PLFEKH_14385,NA,NA,2,NA,NA,NA,NA,NA,NA,NA,NA,NA,1,NA,NA,NA,NA,NA,NA,NA,1,NA,NA,NA,1,2,NA,NA,NA,NA,NA,NA,NA,NA,NA,NA,NA,NA,NA,1,NA,1,NA,NA,NA,NA,NA,NA,NA,NA,NA,NA,1,NA,NA,2,NA,NA,2,NA,1
PLFEKH_14390,10,4,3,2,2,3,NA,2,6,5,4,1,3,NA,2,NA,22,1,NA,1,6,1,2,7,11,9,9,NA,2,8,8,1,7,2,5,NA,3,4,4,12,2,1,6,NA,NA,5,4,3,3,5,7,6,5,15,4,9,5,6,7,NA,NA
PLFEKH_14395,NA,NA,NA,1,NA,NA,NA,NA,1,1,NA,NA,1,NA,NA,2,1,1,NA,1,1,2,1,NA,3,NA,NA,NA,NA,NA,NA,NA,1,NA,1,NA,NA,NA,1,NA,NA,1,1,NA,NA,1,NA,NA,1,1,1,NA,NA,2,NA,4,1,NA,1,NA,NA
PLFEKH_14400,NA,1,NA,NA,NA,NA,1,NA,NA,NA,NA,NA,2,NA,1,NA,4,NA,NA,NA,NA,NA,NA,1,2,NA,NA,NA,NA,1,NA,NA,2,NA,1,NA,1,2,NA,2,NA,NA,NA,NA,NA,2,2,NA,1,NA,1,2,3,3,NA,3,1,NA,5,NA,2
PLFEKH_14405,6,NA,1,2,1,4,2,1,4,NA,NA,NA,1,2,3,1,8,1,NA,NA,5,3,NA,2,5,NA,4,NA,3,6,2,NA,2,NA,2,1,5,4,3,4,3,3,NA,NA,NA,3,2,1,3,3,3,2,3,7,1,7,6,1,1,1,NA
PLFEKH_14410,NA,3,NA,4,NA,NA,1,NA,NA,NA,NA,NA,2,NA,NA,1,1,1,NA,2,3,1,1,NA,3,1,NA,NA,NA,4,2,NA,3,NA,2,NA,2,NA,4,2,NA,1,NA,NA,NA,1,1,2,2,NA,3,3,1,1,3,1,NA,1,3,NA,2
PLFEKH_14415,15,8,12,11,5,NA,2,6,3,5,1,2,19,5,2,3,27,2,1,3,13,13,4,11,23,13,10,1,9,20,8,1,13,NA,9,1,9,5,9,20,9,7,10,NA,1,8,6,4,9,9,13,13,21,19,7,30,19,13,8,3,1
PLFEKH_14420,2,2,1,1,NA,NA,NA,NA,1,NA,1,1,4,NA,NA,1,4,2,NA,NA,2,1,1,1,NA,1,1,NA,NA,10,2,NA,1,1,NA,NA,2,4,2,2,NA,NA,NA,NA,NA,NA,2,1,NA,2,1,3,1,1,NA,2,NA,2,6,NA,NA
PLFEKH_14425,18,10,10,14,2,2,7,6,14,7,3,7,10,7,12,2,42,8,3,1,9,15,9,14,18,19,14,NA,5,25,11,2,13,1,7,8,10,9,15,4,2,2,10,1,1,4,7,4,10,8,20,10,15,23,7,16,8,11,7,4,3
PLFEKH_14430,2,NA,1,2,2,1,NA,1,3,2,4,NA,3,1,4,1,10,1,1,NA,2,3,NA,3,2,2,3,3,4,5,1,1,3,NA,1,2,1,4,1,7,4,3,1,1,NA,2,NA,2,4,2,1,3,4,4,NA,6,3,NA,1,NA,3
PLFEKH_14435,1,NA,4,3,1,NA,1,1,NA,1,NA,1,4,1,3,1,1,1,1,1,2,1,1,5,4,1,2,NA,NA,2,1,NA,4,1,NA,1,2,2,1,2,NA,1,NA,NA,NA,3,NA,1,2,3,NA,3,1,3,NA,4,2,3,1,NA,1
PLFEKH_14440,2,5,1,NA,3,5,NA,NA,1,9,1,1,3,NA,NA,NA,18,1,NA,2,11,NA,2,1,11,9,1,NA,NA,NA,9,NA,4,6,7,NA,NA,NA,12,9,2,NA,3,NA,NA,13,NA,3,1,14,NA,7,NA,3,12,8,1,18,6,NA,NA
PLFEKH_14445,2,NA,NA,NA,1,NA,NA,1,NA,NA,NA,NA,2,2,NA,NA,5,NA,1,NA,1,3,1,1,3,2,3,NA,1,4,1,NA,2,NA,1,NA,3,4,1,4,3,NA,NA,1,NA,1,2,1,1,NA,NA,NA,2,2,1,6,1,1,NA,NA,NA
PLFEKH_14450,11,9,10,3,4,5,6,7,3,2,2,4,10,10,7,2,21,4,3,3,6,7,4,15,22,7,12,1,1,12,18,NA,12,3,7,5,4,9,4,8,2,6,4,1,NA,5,9,5,8,9,8,9,9,16,6,23,17,11,16,1,2
PLFEKH_14455,2,5,NA,1,1,NA,NA,NA,1,1,NA,1,3,NA,1,NA,12,NA,NA,1,4,NA,2,1,2,3,3,NA,NA,2,1,NA,7,NA,2,NA,1,1,2,8,NA,NA,NA,NA,NA,4,1,1,4,1,1,3,2,5,3,6,NA,6,7,2,2
PLFEKH_14465,1,1,NA,3,NA,1,NA,NA,4,1,NA,NA,3,NA,1,NA,7,2,1,NA,1,NA,1,5,5,2,1,NA,NA,2,1,NA,1,NA,2,NA,3,2,7,2,2,2,2,NA,NA,4,3,NA,4,NA,5,NA,NA,5,1,1,1,2,2,2,NA
PLFEKH_14470,6,10,2,13,2,2,3,6,9,4,NA,NA,2,4,4,NA,23,4,NA,8,11,1,3,7,19,10,6,3,4,12,8,1,16,1,11,5,9,11,6,22,5,5,12,NA,NA,11,4,4,13,3,3,6,9,28,3,17,5,13,11,6,3
PLFEKH_14475,13,5,13,6,2,3,NA,4,4,3,6,2,9,5,7,1,21,2,4,2,6,1,NA,4,3,6,5,NA,1,10,5,3,18,NA,5,3,6,3,3,6,3,5,5,2,NA,8,7,1,10,7,6,5,9,3,3,7,4,2,6,3,4
PLFEKH_14480,3,10,3,9,1,4,NA,3,9,1,NA,2,5,6,5,3,28,2,1,2,8,3,5,7,18,13,13,NA,NA,10,7,NA,11,1,7,1,7,7,12,24,4,2,8,NA,NA,10,NA,4,14,3,7,4,10,22,10,35,9,6,12,1,4
PLFEKH_14485,6,8,3,7,2,1,NA,3,6,10,2,3,11,2,8,NA,38,1,NA,6,13,7,4,5,17,22,11,2,1,13,9,NA,15,3,12,3,6,8,15,30,5,3,8,NA,NA,8,4,1,11,5,12,6,18,28,10,20,9,8,13,3,4
PLFEKH_14495,2,NA,1,1,1,NA,NA,NA,2,NA,NA,2,3,NA,2,1,3,NA,2,NA,2,2,NA,3,1,NA,1,NA,NA,2,1,NA,4,1,NA,NA,NA,3,NA,5,NA,NA,2,NA,NA,5,1,1,1,NA,3,1,4,2,1,6,1,1,2,NA,NA
PLFEKH_14500,4,NA,6,3,2,NA,3,2,7,NA,1,1,NA,5,4,NA,8,NA,NA,1,5,3,NA,4,4,7,3,NA,NA,10,10,NA,5,NA,4,NA,3,12,3,11,3,2,1,NA,NA,6,1,3,3,2,6,3,7,12,4,9,4,9,10,4,1
PLFEKH_14505,NA,NA,NA,NA,NA,NA,NA,NA,NA,NA,NA,NA,NA,NA,NA,NA,NA,NA,NA,NA,NA,NA,NA,NA,NA,NA,NA,NA,NA,NA,NA,NA,NA,NA,NA,NA,NA,NA,NA,1,NA,NA,NA,NA,NA,NA,NA,NA,NA,NA,NA,NA,NA,NA,NA,NA,NA,NA,NA,NA,NA
PLFEKH_14570,6,9,6,2,4,4,1,2,5,1,1,3,8,5,3,1,14,3,2,1,3,5,2,6,11,4,9,1,2,8,7,NA,6,2,7,1,2,3,6,9,3,3,4,NA,NA,7,2,3,2,4,6,2,6,15,7,13,2,4,5,2,1
PLFEKH_14575,7,16,NA,1,6,3,2,2,7,7,NA,3,6,1,3,NA,25,NA,1,2,7,4,4,2,9,12,9,NA,NA,9,3,NA,9,3,9,1,4,4,12,16,1,NA,3,NA,1,12,7,4,6,11,5,4,11,14,11,25,6,11,6,1,1
PLFEKH_14585,8,10,2,1,5,2,NA,NA,4,6,1,3,5,1,2,1,22,2,NA,4,3,3,2,4,10,9,8,NA,NA,6,5,NA,4,5,5,2,3,5,11,10,2,3,8,NA,NA,10,2,1,4,14,5,9,3,4,7,17,4,6,12,1,NA
PLFEKH_14595,4,2,3,2,1,NA,1,NA,NA,1,NA,2,2,NA,NA,NA,13,2,NA,2,5,7,2,4,3,3,1,NA,1,4,3,1,1,NA,1,NA,2,2,1,3,NA,2,1,NA,NA,3,NA,1,4,NA,NA,2,4,7,3,5,2,4,5,2,4
PLFEKH_14600,2,4,3,2,1,2,NA,NA,4,NA,NA,NA,NA,1,1,1,1,NA,NA,1,1,1,1,2,3,1,8,NA,NA,5,3,1,2,NA,1,NA,NA,2,3,7,2,NA,3,1,NA,NA,NA,2,1,NA,2,2,6,4,1,4,1,4,2,2,1
PLFEKH_14605,4,6,6,14,6,2,2,6,12,5,1,NA,13,5,6,1,17,6,3,9,17,5,1,12,19,9,13,3,2,15,5,2,15,5,5,6,10,13,16,17,3,5,4,1,NA,10,6,6,9,6,13,13,12,19,10,12,3,7,11,1,5
PLFEKH_14610,18,20,5,13,13,9,3,15,14,12,3,5,7,7,15,1,96,1,1,1,22,10,14,15,84,52,34,1,3,21,25,NA,30,1,25,NA,7,8,31,36,7,4,23,NA,NA,13,14,5,35,9,25,10,52,51,19,94,38,12,13,1,4
PLFEKH_14615,2,4,NA,2,1,2,2,3,5,2,NA,NA,1,1,5,NA,10,NA,1,1,2,NA,1,NA,5,12,3,NA,1,5,2,NA,5,NA,4,NA,NA,NA,4,4,2,NA,3,NA,NA,2,2,1,4,1,2,3,2,4,5,12,3,1,2,NA,3
PLFEKH_14620,9,4,1,7,2,3,1,3,6,5,1,NA,5,4,2,1,19,NA,NA,2,4,3,4,7,17,15,9,NA,1,8,8,NA,7,2,6,NA,5,2,7,7,1,2,4,1,NA,2,2,6,10,1,6,6,13,19,8,19,9,3,8,1,1
PLFEKH_14625,3,2,4,5,1,NA,1,3,6,2,NA,4,4,3,1,NA,4,NA,1,3,3,6,1,2,11,3,5,NA,1,2,2,2,7,NA,2,1,3,2,2,6,2,NA,1,NA,NA,4,2,1,5,3,2,5,6,7,4,9,3,3,3,1,3
PLFEKH_14630,2,1,3,5,1,1,1,3,4,NA,NA,NA,6,1,1,NA,8,2,1,2,10,2,NA,4,5,1,3,NA,2,2,8,NA,2,NA,3,2,2,9,2,5,NA,2,2,NA,NA,2,NA,2,6,1,3,2,3,2,4,7,1,4,3,2,1
PLFEKH_14635,3,5,5,2,1,NA,1,2,2,1,3,1,11,1,3,4,11,NA,2,3,4,2,3,5,5,4,3,4,3,2,3,NA,9,3,5,1,3,6,3,4,1,3,2,1,NA,4,5,NA,5,NA,4,5,5,7,3,13,3,5,2,2,NA
PLFEKH_14640,3,3,2,NA,NA,NA,1,NA,1,3,1,1,3,3,2,NA,4,1,NA,1,3,1,NA,NA,7,8,3,NA,NA,3,7,NA,4,1,2,2,1,3,2,3,NA,NA,1,NA,NA,6,1,1,5,3,2,3,6,6,3,13,2,2,5,NA,1
PLFEKH_14650,7,3,9,2,2,NA,1,2,6,3,NA,2,14,6,3,1,15,5,NA,3,4,11,1,4,11,9,9,1,4,9,5,1,10,2,NA,3,3,1,2,12,3,1,5,NA,1,8,2,2,5,2,6,7,9,14,NA,16,6,1,4,2,4
PLFEKH_14655,4,NA,4,6,4,NA,NA,1,4,NA,2,1,5,1,1,NA,9,1,2,1,8,6,1,5,9,7,6,1,1,5,4,NA,4,2,5,1,2,4,1,4,3,NA,1,NA,NA,7,4,6,7,2,4,4,13,9,2,9,1,10,4,2,4
PLFEKH_14660,9,7,NA,8,10,5,7,5,5,7,2,NA,3,3,2,NA,25,NA,NA,1,5,2,3,3,18,19,10,2,NA,22,18,NA,23,4,14,2,7,2,14,12,6,3,7,NA,NA,12,4,4,15,7,9,7,9,18,5,19,7,17,7,4,3
PLFEKH_14670,NA,1,NA,1,1,NA,NA,NA,NA,1,NA,NA,NA,NA,NA,NA,1,NA,NA,1,1,NA,1,NA,NA,2,1,NA,NA,NA,NA,NA,NA,1,1,NA,NA,1,NA,1,1,NA,NA,NA,NA,NA,NA,1,NA,NA,NA,1,NA,1,NA,2,NA,NA,1,2,NA
PLFEKH_14675,NA,12,NA,NA,6,8,NA,NA,1,5,NA,2,7,1,2,NA,34,NA,NA,1,7,1,7,NA,12,21,6,NA,NA,1,25,NA,4,10,10,NA,1,NA,20,29,9,NA,4,NA,NA,43,1,11,4,16,4,14,3,11,22,44,7,13,28,NA,NA
PLFEKH_14680,4,3,4,4,NA,3,1,1,NA,NA,NA,NA,NA,2,1,1,4,1,NA,3,2,3,NA,2,3,5,9,1,NA,3,2,NA,2,1,3,NA,1,2,2,2,1,1,NA,NA,NA,5,2,3,6,2,4,4,7,9,3,10,3,NA,2,1,1
PLFEKH_14685,3,1,NA,3,2,5,2,1,3,3,2,NA,1,1,NA,NA,8,NA,NA,2,NA,1,3,1,4,3,NA,NA,NA,3,4,NA,7,NA,4,NA,1,5,5,10,3,1,5,NA,NA,3,3,NA,NA,4,3,7,4,8,3,8,NA,4,7,NA,1
PLFEKH_14690,7,3,6,2,3,1,2,1,6,1,1,2,2,4,3,NA,16,1,NA,1,5,2,3,3,4,6,5,NA,1,13,7,NA,13,4,7,1,5,7,6,11,2,1,1,NA,NA,6,1,2,3,2,3,11,10,18,NA,13,3,7,7,2,3
PLFEKH_14695,3,6,NA,3,4,4,1,2,5,4,NA,3,4,4,2,NA,7,NA,1,2,6,3,1,1,3,4,3,NA,1,7,6,NA,7,NA,3,2,1,7,7,13,1,1,2,NA,NA,3,3,1,5,4,4,3,6,13,2,7,3,8,8,1,1
PLFEKH_14700,6,2,4,3,NA,1,1,1,3,2,1,NA,2,2,2,1,7,NA,1,NA,3,1,1,2,2,3,1,1,NA,6,4,NA,6,1,1,NA,1,1,3,4,2,4,NA,NA,NA,1,1,3,4,NA,2,NA,7,6,2,10,5,NA,1,1,3
PLFEKH_14705,16,10,4,2,1,5,2,2,11,7,1,6,9,1,3,NA,27,3,1,5,9,6,2,6,8,8,8,NA,NA,11,12,NA,10,1,12,NA,4,7,15,8,1,2,6,NA,NA,5,1,2,9,9,8,7,9,25,6,35,7,13,10,NA,1
PLFEKH_14715,3,22,NA,NA,17,9,NA,NA,5,25,1,4,5,1,1,NA,48,NA,NA,3,26,NA,14,2,21,28,8,NA,NA,3,36,NA,30,12,24,NA,NA,NA,28,37,7,NA,3,NA,NA,24,1,8,6,30,1,8,13,13,33,35,2,35,14,1,NA
PLFEKH_14720,4,1,NA,NA,1,2,1,NA,3,3,2,1,5,NA,3,NA,8,NA,1,1,1,4,5,2,1,4,7,NA,NA,2,4,NA,7,NA,8,NA,1,2,5,11,2,NA,NA,NA,NA,11,NA,2,6,2,1,2,2,7,6,7,4,6,8,1,NA
PLFEKH_14740,12,5,6,9,1,2,4,1,7,1,2,2,8,5,4,4,14,NA,NA,NA,6,3,1,2,8,5,1,1,1,9,7,NA,16,NA,2,3,5,6,5,3,1,3,5,NA,NA,5,8,3,5,4,8,1,10,3,NA,2,3,6,13,5,4
PLFEKH_14750,5,3,2,4,3,1,5,1,3,2,NA,NA,9,4,2,2,17,1,NA,2,5,2,NA,NA,5,3,1,NA,2,5,4,NA,13,NA,1,NA,2,NA,3,2,1,3,3,NA,NA,3,2,1,8,2,4,6,3,2,1,2,1,5,9,NA,1
PLFEKH_14770,7,3,2,NA,4,4,2,3,4,5,NA,2,3,1,1,NA,23,3,NA,3,8,5,3,NA,13,13,7,1,NA,4,10,NA,12,1,8,NA,5,1,12,12,4,2,1,NA,NA,9,2,2,5,7,2,9,4,12,13,23,7,11,6,NA,2
PLFEKH_14775,8,3,4,1,2,2,NA,2,10,5,NA,1,3,4,2,NA,7,1,1,4,9,5,1,2,7,8,11,2,3,15,3,1,8,4,4,4,2,4,6,8,4,NA,4,NA,1,6,3,1,5,8,9,7,17,16,4,21,4,8,8,NA,2
PLFEKH_14780,3,4,1,NA,1,2,NA,NA,2,1,NA,NA,5,NA,NA,NA,8,1,NA,1,3,2,NA,3,10,2,2,NA,NA,3,2,NA,2,NA,3,1,2,6,3,6,1,1,2,NA,NA,2,NA,NA,5,1,3,NA,3,4,3,2,2,2,4,1,1
PLFEKH_14795,5,5,2,NA,4,NA,1,2,4,1,1,3,1,NA,2,NA,10,2,NA,1,3,3,4,1,5,4,5,NA,NA,9,7,NA,6,3,8,NA,2,3,10,5,1,NA,2,NA,NA,6,3,NA,3,4,4,2,5,10,4,11,4,8,14,1,1
PLFEKH_14800,20,4,13,3,3,3,5,4,4,3,NA,NA,10,7,9,5,27,2,5,4,8,7,4,11,12,8,14,3,3,17,5,1,13,1,6,4,7,3,7,5,NA,4,4,NA,NA,6,4,3,13,14,13,9,14,18,3,19,8,13,4,3,8
PLFEKH_14805,9,8,11,4,3,2,1,3,7,NA,NA,2,5,10,9,2,26,3,4,2,3,7,1,18,10,11,13,4,1,12,7,4,11,5,12,3,8,5,5,6,NA,5,7,NA,NA,8,4,3,12,5,14,6,16,11,3,14,6,1,10,5,8
PLFEKH_14810,4,2,NA,NA,1,1,1,2,2,3,3,2,5,6,3,1,2,NA,2,NA,NA,5,3,NA,3,2,3,1,2,1,4,NA,6,NA,1,1,3,4,1,2,NA,1,3,NA,NA,NA,4,NA,2,NA,5,NA,3,5,2,10,1,4,4,2,NA
PLFEKH_14815,NA,NA,NA,NA,NA,NA,NA,NA,NA,NA,NA,NA,NA,NA,NA,NA,NA,NA,NA,NA,NA,NA,NA,NA,NA,NA,NA,NA,NA,NA,NA,NA,NA,NA,NA,NA,NA,NA,NA,1,NA,NA,NA,NA,NA,NA,NA,NA,NA,NA,NA,NA,NA,NA,1,NA,NA,NA,NA,NA,NA
PLFEKH_14825,12,9,2,7,7,4,NA,5,6,3,1,1,3,4,8,NA,29,4,1,4,12,10,5,3,27,25,12,1,1,21,15,NA,12,4,10,5,5,4,18,31,8,4,10,NA,NA,12,9,6,20,7,7,7,24,22,15,24,25,23,9,3,4
PLFEKH_14830,2,NA,NA,1,1,NA,NA,NA,1,1,NA,1,NA,NA,1,NA,NA,NA,NA,NA,NA,NA,1,1,1,1,NA,NA,NA,1,NA,NA,1,NA,2,NA,1,NA,NA,1,1,NA,NA,NA,NA,2,1,1,1,1,1,2,1,1,NA,2,1,NA,NA,1,1
PLFEKH_14840,NA,NA,NA,NA,NA,NA,NA,NA,NA,NA,NA,NA,NA,NA,NA,NA,NA,NA,NA,NA,NA,NA,1,NA,1,NA,NA,NA,NA,NA,NA,NA,NA,NA,NA,NA,NA,NA,NA,NA,NA,NA,NA,NA,NA,NA,1,NA,NA,NA,NA,NA,NA,1,NA,NA,NA,NA,NA,NA,NA
PLFEKH_14845,13,7,8,4,2,2,4,8,6,3,NA,2,8,8,4,NA,30,2,6,NA,5,6,2,11,21,9,8,2,6,21,8,1,16,5,11,2,7,11,10,11,5,4,6,1,1,8,11,3,16,5,18,6,13,15,9,15,9,14,16,1,5
PLFEKH_14850,2,1,3,3,1,1,1,2,4,2,NA,NA,1,3,3,2,18,2,4,NA,5,1,1,12,18,8,5,NA,3,13,5,NA,6,2,7,1,12,6,5,13,7,NA,3,1,NA,6,4,2,13,4,5,7,16,17,4,11,6,5,9,1,5
PLFEKH_14860,11,5,5,9,3,6,2,5,9,1,NA,3,8,6,6,1,17,NA,1,5,9,16,3,3,10,16,15,6,6,14,7,NA,12,1,5,2,4,7,5,8,2,3,5,NA,NA,4,3,2,8,1,11,4,8,19,4,22,8,1,6,7,4
PLFEKH_14870,5,4,8,3,2,1,1,2,2,1,NA,2,3,5,4,1,11,1,2,NA,3,1,NA,3,2,3,5,NA,1,18,3,NA,7,NA,5,NA,NA,6,3,2,1,3,2,NA,NA,2,4,3,4,1,7,2,7,5,NA,4,2,7,5,2,3
PLFEKH_14875,6,11,NA,NA,3,1,3,1,4,10,3,4,6,5,6,NA,39,4,1,4,7,4,7,6,8,10,5,NA,NA,11,13,NA,10,1,14,1,3,3,14,18,1,NA,7,NA,NA,4,6,2,8,6,6,6,11,20,6,14,6,9,21,NA,NA
PLFEKH_14885,8,3,9,2,NA,3,1,4,7,4,2,5,2,1,2,NA,16,2,1,6,8,6,6,6,8,4,10,NA,NA,10,5,NA,16,NA,3,NA,2,2,7,18,2,1,8,NA,NA,4,3,2,11,5,18,2,12,15,3,22,9,7,12,2,1
PLFEKH_14890,5,2,3,NA,NA,1,NA,3,4,3,1,1,3,1,2,1,15,NA,2,NA,3,3,2,2,5,2,6,NA,1,7,3,NA,7,NA,3,NA,2,4,6,11,NA,3,NA,1,NA,NA,6,NA,5,4,10,NA,5,3,5,12,2,3,8,NA,1
PLFEKH_14900,8,3,2,1,1,3,3,1,3,5,1,2,5,1,1,1,15,2,2,2,4,4,8,4,5,6,11,NA,NA,8,5,NA,9,2,5,2,4,5,4,5,4,2,5,NA,NA,1,4,NA,6,4,5,1,4,12,3,7,5,4,5,1,2
PLFEKH_14905,4,2,2,1,1,NA,1,1,4,3,NA,NA,6,4,NA,NA,9,2,1,1,9,4,2,2,8,2,7,1,2,9,2,NA,3,NA,3,1,1,NA,6,5,2,NA,1,NA,NA,NA,1,2,3,NA,4,3,8,8,3,4,3,3,3,NA,5
PLFEKH_14910,1,NA,NA,NA,NA,NA,NA,NA,NA,NA,NA,NA,NA,NA,NA,NA,1,NA,NA,NA,NA,NA,NA,NA,1,NA,NA,NA,1,1,1,NA,NA,NA,NA,NA,1,NA,NA,2,NA,NA,NA,NA,NA,NA,NA,NA,NA,NA,2,NA,NA,2,1,2,2,1,1,NA,1
PLFEKH_14915,NA,1,1,1,NA,1,NA,NA,1,1,1,NA,2,1,NA,NA,1,NA,NA,1,NA,1,NA,NA,4,1,2,NA,NA,3,2,NA,1,NA,2,NA,NA,1,NA,1,NA,2,2,NA,NA,NA,NA,NA,2,NA,3,NA,NA,6,3,3,NA,1,1,NA,NA
PLFEKH_14920,1,1,NA,2,1,1,NA,NA,2,2,NA,NA,1,2,2,NA,12,1,2,NA,5,4,1,4,7,11,2,1,NA,7,3,NA,5,NA,5,NA,2,1,5,5,NA,NA,3,NA,NA,3,2,3,5,1,3,5,5,5,2,11,2,3,2,NA,1
PLFEKH_14925,3,4,NA,NA,1,NA,NA,NA,2,3,1,NA,1,NA,2,NA,9,NA,NA,1,2,NA,1,1,10,3,1,NA,NA,2,5,NA,3,4,5,1,1,NA,7,12,2,1,2,NA,NA,1,NA,1,5,NA,1,2,2,7,5,3,1,2,5,NA,1
PLFEKH_14930,4,4,1,1,NA,1,NA,4,3,2,NA,NA,4,3,1,NA,16,NA,NA,1,3,1,NA,2,7,3,NA,NA,NA,4,6,NA,4,NA,3,NA,2,2,2,4,NA,1,1,NA,NA,NA,2,NA,8,2,3,NA,6,3,1,2,NA,2,2,NA,2
PLFEKH_14935,3,2,NA,3,3,2,1,1,4,6,2,NA,3,NA,1,NA,14,NA,NA,NA,5,1,NA,NA,6,NA,2,NA,NA,6,4,NA,4,NA,4,NA,3,NA,2,4,NA,2,3,NA,NA,NA,NA,NA,4,NA,NA,1,6,2,NA,4,1,3,NA,3,1
PLFEKH_14955,10,3,4,NA,NA,1,2,NA,2,4,4,2,4,2,2,1,13,1,1,NA,11,3,1,7,11,9,1,NA,1,4,3,NA,10,NA,3,NA,3,3,2,7,1,2,4,NA,NA,4,2,1,5,1,6,1,9,4,5,11,5,4,2,NA,4
PLFEKH_14960,2,3,NA,NA,NA,NA,2,1,2,NA,1,NA,5,NA,NA,NA,8,NA,1,NA,2,2,NA,2,1,2,2,NA,NA,3,1,NA,1,NA,1,NA,1,NA,NA,2,1,2,3,NA,NA,1,1,1,2,NA,1,NA,2,1,NA,2,2,3,1,NA,2
PLFEKH_14970,7,1,3,2,NA,NA,NA,7,6,NA,1,1,7,1,4,NA,19,1,NA,NA,7,1,1,2,1,1,3,NA,NA,8,10,2,7,NA,6,NA,1,4,1,4,1,1,1,NA,NA,2,NA,1,8,1,3,1,5,4,4,2,4,2,4,2,4
PLFEKH_14980,5,9,2,2,2,NA,2,NA,6,2,NA,NA,5,NA,3,NA,14,2,2,NA,5,2,1,1,3,2,2,NA,NA,5,1,NA,5,2,4,NA,1,7,6,18,3,NA,4,NA,NA,2,5,1,3,2,4,NA,10,12,2,12,1,1,4,1,2
PLFEKH_14985,3,1,2,1,2,1,1,2,1,NA,NA,1,1,2,NA,NA,5,1,NA,1,NA,1,NA,1,5,1,NA,1,NA,2,3,NA,4,NA,2,NA,1,3,1,1,1,1,1,NA,NA,2,2,2,2,1,4,2,2,5,NA,3,2,NA,1,NA,NA
PLFEKH_14990,3,1,2,3,2,1,NA,3,3,1,NA,1,NA,NA,1,NA,11,1,1,1,4,4,1,2,6,7,5,1,2,10,9,2,5,NA,3,1,4,4,1,6,2,1,4,NA,NA,4,6,NA,7,3,5,2,17,7,5,8,6,5,6,2,5
PLFEKH_15000,NA,NA,NA,1,NA,NA,NA,NA,NA,NA,NA,NA,NA,2,2,NA,1,NA,1,1,NA,NA,NA,NA,2,1,NA,NA,NA,1,NA,NA,1,NA,NA,NA,NA,NA,NA,1,NA,NA,NA,NA,NA,1,NA,NA,3,1,1,1,1,NA,NA,NA,NA,1,NA,NA,NA
PLFEKH_15005,1,NA,NA,NA,NA,NA,NA,NA,NA,NA,NA,NA,NA,NA,NA,NA,NA,NA,1,NA,1,NA,NA,NA,1,NA,NA,NA,NA,1,NA,NA,NA,NA,1,NA,NA,NA,NA,1,1,NA,NA,NA,NA,NA,1,1,1,NA,NA,1,NA,1,NA,1,NA,NA,NA,NA,NA
PLFEKH_15030,11,3,5,3,4,2,NA,3,7,1,NA,2,6,NA,8,1,16,3,2,NA,2,2,2,NA,3,3,4,NA,1,9,6,2,13,1,5,NA,5,3,2,3,NA,5,5,NA,NA,13,5,3,7,3,13,8,8,5,2,6,1,16,13,3,6
PLFEKH_15035,9,2,3,2,1,1,NA,1,4,2,NA,1,2,1,1,NA,5,NA,1,1,1,3,1,3,1,2,2,NA,NA,5,4,1,5,1,1,NA,2,7,6,9,1,1,1,NA,NA,1,5,2,5,1,7,3,2,9,4,12,3,1,11,1,NA
PLFEKH_15045,8,8,5,8,1,2,1,5,6,NA,3,NA,10,2,3,1,21,3,1,NA,3,2,NA,5,4,5,4,1,NA,14,8,3,12,1,6,NA,3,2,8,4,3,2,5,NA,NA,5,1,1,8,5,5,5,18,3,1,6,3,7,6,4,7
PLFEKH_15050,4,3,2,1,NA,2,2,1,3,NA,NA,2,6,4,2,NA,9,NA,NA,NA,2,5,3,4,1,1,2,NA,1,4,3,1,4,NA,1,1,2,1,1,2,NA,NA,2,NA,NA,1,3,NA,4,1,2,4,5,2,2,1,NA,3,4,1,1
PLFEKH_15060,5,9,2,2,1,3,2,3,3,1,1,NA,4,3,1,NA,16,2,1,1,7,1,2,NA,14,8,2,NA,NA,9,5,1,8,3,12,1,5,9,6,20,4,NA,6,NA,NA,6,3,2,12,2,7,8,11,14,3,8,8,9,4,4,5
PLFEKH_15065,3,2,1,2,NA,NA,2,NA,1,2,NA,1,6,1,3,NA,8,NA,NA,2,3,1,NA,2,2,3,4,NA,NA,3,5,NA,2,NA,1,2,NA,3,2,5,NA,3,NA,1,NA,1,2,1,2,1,6,4,3,5,6,6,3,1,3,1,3
PLFEKH_15075,NA,NA,1,2,NA,NA,NA,1,NA,NA,2,1,1,3,NA,NA,4,NA,NA,NA,1,4,2,NA,1,NA,1,NA,1,1,NA,NA,2,1,1,1,NA,2,1,1,1,2,1,NA,NA,1,1,1,NA,2,2,2,1,4,NA,5,NA,NA,NA,NA,1
PLFEKH_15080,3,6,2,2,2,2,2,2,7,2,2,6,3,NA,2,2,25,4,NA,3,14,5,9,4,11,9,12,NA,NA,15,10,NA,7,2,7,NA,NA,4,6,19,2,1,9,NA,NA,10,5,3,10,NA,7,4,6,9,10,27,7,7,14,NA,3
PLFEKH_15105,8,8,2,2,1,1,4,7,8,9,NA,NA,10,2,1,1,18,1,3,2,14,3,2,6,18,3,3,NA,3,10,7,1,8,2,13,1,5,10,12,28,7,6,5,NA,NA,1,1,3,14,3,9,6,24,13,5,10,7,7,6,4,3
PLFEKH_15110,9,3,7,13,2,3,3,9,6,3,NA,4,3,5,5,1,19,5,2,4,11,12,3,9,22,12,14,4,6,21,12,2,16,2,4,1,3,4,3,9,2,3,3,NA,NA,7,7,6,17,5,7,7,18,17,3,18,13,11,10,NA,5
PLFEKH_15115,5,2,6,2,NA,2,NA,NA,3,2,2,2,1,2,3,2,8,2,2,2,3,5,NA,2,NA,4,2,1,1,3,4,NA,10,NA,5,NA,3,5,3,5,NA,2,3,NA,NA,3,3,2,9,2,13,4,14,7,4,13,5,5,13,6,3
PLFEKH_15120,7,6,2,2,2,3,2,NA,1,3,NA,5,3,1,3,1,15,1,2,2,5,4,1,4,11,5,9,NA,NA,9,5,1,4,2,7,NA,1,2,6,6,NA,1,4,NA,NA,6,NA,3,6,1,8,1,8,7,3,11,1,5,8,NA,4
PLFEKH_15125,2,1,1,2,NA,1,NA,1,2,1,2,3,NA,1,3,NA,7,NA,NA,NA,1,1,2,3,1,2,1,NA,1,4,3,NA,5,1,1,NA,2,3,2,2,2,NA,2,NA,NA,3,3,NA,NA,NA,4,4,4,4,5,4,NA,3,3,NA,1
PLFEKH_15135,5,NA,5,1,1,NA,NA,NA,4,1,1,2,2,5,1,NA,10,1,2,1,8,5,5,1,3,NA,2,NA,NA,5,5,NA,3,1,5,1,1,3,2,11,2,NA,3,NA,NA,3,NA,1,4,1,9,NA,3,7,6,7,4,1,4,NA,NA
PLFEKH_15140,7,15,NA,4,4,4,1,2,11,6,2,6,10,1,7,NA,44,2,NA,NA,10,8,7,7,20,11,13,NA,1,13,22,NA,13,1,9,NA,1,5,19,21,2,1,8,NA,NA,4,6,2,11,7,10,6,23,22,10,25,8,13,20,NA,1
PLFEKH_15160,NA,3,NA,NA,NA,1,NA,NA,NA,2,NA,NA,2,NA,3,NA,10,NA,NA,NA,5,NA,3,1,5,3,1,NA,NA,NA,2,NA,NA,NA,NA,NA,NA,NA,4,4,NA,1,1,NA,NA,NA,NA,NA,NA,NA,2,NA,1,1,6,6,NA,2,4,NA,NA
PLFEKH_15165,3,4,1,NA,1,1,NA,NA,4,3,1,NA,2,2,1,NA,12,1,NA,2,14,4,1,NA,9,5,3,NA,NA,7,8,NA,6,1,11,1,3,1,9,9,1,2,2,NA,NA,5,4,2,6,1,2,3,3,5,2,8,7,8,8,NA,NA
PLFEKH_15170,13,1,6,2,2,NA,NA,4,4,1,3,1,10,3,1,2,30,1,2,2,6,4,NA,4,1,3,2,NA,3,7,6,1,10,1,2,NA,6,3,5,5,1,4,1,NA,NA,3,3,1,11,2,2,4,10,3,2,NA,6,4,3,5,2
PLFEKH_15175,1,1,1,2,NA,NA,NA,1,NA,NA,NA,NA,1,1,NA,NA,2,NA,1,NA,2,1,1,1,3,3,2,1,NA,1,1,1,5,NA,NA,NA,2,1,NA,1,1,1,1,NA,NA,1,1,NA,4,3,1,2,2,NA,2,8,3,NA,2,1,2
PLFEKH_15185,23,11,6,6,1,3,NA,5,7,12,NA,2,9,3,4,1,16,4,1,1,6,5,4,10,15,2,6,1,1,7,9,3,7,1,10,3,7,11,8,22,5,2,8,NA,NA,6,8,4,11,7,13,5,8,15,8,13,6,6,13,1,NA
PLFEKH_15200,5,7,5,4,4,2,1,5,3,2,2,NA,6,3,6,1,21,2,1,5,3,2,1,2,3,2,3,1,NA,12,3,2,6,NA,4,4,4,1,NA,4,1,1,2,NA,NA,6,3,3,4,7,5,3,10,2,1,6,3,6,3,4,5
PLFEKH_15205,NA,1,NA,NA,NA,NA,NA,NA,NA,2,NA,NA,1,NA,NA,NA,8,NA,NA,NA,2,2,3,1,2,2,3,NA,NA,2,4,NA,3,1,3,NA,NA,1,4,5,NA,1,1,NA,NA,2,1,3,1,4,1,4,2,6,5,3,NA,1,3,NA,1
PLFEKH_15210,NA,6,1,1,2,1,NA,NA,1,5,NA,NA,1,NA,1,NA,13,NA,NA,1,3,NA,1,2,3,3,1,NA,NA,3,5,NA,3,2,6,NA,1,1,9,17,3,1,4,NA,NA,4,1,1,6,1,4,3,6,11,6,3,2,5,6,NA,2
PLFEKH_15215,6,2,2,NA,1,NA,1,1,1,1,NA,NA,3,1,1,NA,11,1,NA,NA,4,NA,2,1,3,6,4,NA,NA,9,10,NA,4,1,3,1,1,NA,5,2,NA,NA,1,NA,NA,NA,6,NA,8,NA,5,2,8,NA,1,6,1,5,3,1,1
PLFEKH_15225,26,13,6,11,2,5,1,12,8,3,NA,4,16,4,6,2,40,NA,1,4,9,8,2,9,14,6,15,NA,2,20,20,NA,13,4,17,2,8,11,12,16,1,4,13,NA,NA,5,6,5,19,5,14,11,20,14,7,15,5,8,9,2,6
PLFEKH_15230,7,2,2,4,1,1,NA,NA,3,2,3,NA,4,2,2,NA,6,NA,NA,3,5,4,2,4,7,6,3,NA,3,8,5,NA,3,NA,2,NA,NA,3,8,8,5,3,3,NA,NA,1,1,3,4,1,5,2,11,6,3,6,5,5,3,1,4
PLFEKH_15250,NA,NA,1,NA,NA,NA,NA,NA,NA,NA,NA,NA,NA,NA,NA,NA,NA,1,NA,NA,NA,1,NA,NA,1,NA,1,NA,1,2,NA,NA,NA,NA,NA,NA,NA,NA,NA,1,NA,NA,NA,NA,NA,NA,NA,NA,1,NA,1,NA,NA,1,NA,1,NA,NA,NA,NA,NA
PLFEKH_15255,NA,NA,NA,NA,NA,NA,NA,NA,NA,NA,NA,NA,NA,NA,NA,NA,2,NA,NA,NA,NA,NA,NA,NA,NA,NA,NA,NA,NA,NA,NA,NA,NA,NA,NA,NA,NA,NA,NA,2,NA,1,NA,NA,NA,NA,NA,NA,NA,1,NA,NA,2,NA,NA,1,1,NA,NA,1,NA
PLFEKH_15275,6,1,1,2,NA,1,NA,2,2,3,NA,5,2,1,2,NA,11,NA,1,3,10,4,4,4,6,4,3,NA,3,6,6,NA,10,1,4,NA,5,3,2,8,4,2,4,NA,NA,3,3,NA,5,4,3,4,9,2,3,16,4,5,6,NA,5
PLFEKH_15280,17,2,7,4,1,2,NA,3,6,5,3,4,10,6,10,1,34,3,4,NA,12,8,7,8,24,10,12,2,6,18,12,1,16,3,7,NA,5,4,11,24,5,4,6,NA,1,5,2,2,19,3,11,4,18,19,10,28,19,4,6,1,7
PLFEKH_15295,6,2,1,3,3,NA,1,5,3,1,1,NA,1,1,3,NA,20,NA,NA,1,10,2,8,5,12,15,11,NA,NA,8,13,NA,5,1,4,2,1,4,8,17,2,1,1,NA,NA,4,3,2,9,3,2,2,11,14,5,17,3,7,9,1,3
PLFEKH_15300,1,3,1,3,1,1,NA,1,NA,1,NA,2,3,2,4,1,6,NA,NA,1,1,1,3,1,5,4,3,NA,NA,8,4,NA,2,NA,6,1,1,NA,2,2,2,NA,1,NA,NA,NA,1,NA,1,NA,7,1,2,5,2,7,3,2,4,NA,NA
PLFEKH_15305,2,2,1,1,1,2,NA,4,9,1,NA,NA,2,3,2,NA,11,NA,NA,NA,6,NA,2,2,19,4,8,NA,NA,4,2,NA,2,1,6,NA,5,4,3,9,1,NA,2,NA,NA,3,2,NA,5,2,8,1,9,7,6,11,3,5,5,NA,1
PLFEKH_15315,10,3,1,1,NA,3,NA,3,3,3,2,NA,4,1,6,NA,20,NA,3,NA,6,NA,2,3,13,3,8,NA,NA,13,10,NA,12,NA,9,NA,4,2,8,2,2,3,7,NA,NA,1,4,1,11,2,6,1,11,4,3,6,5,3,4,NA,8
PLFEKH_15320,7,6,3,4,NA,2,2,2,4,5,NA,NA,8,2,3,1,16,1,2,NA,7,1,1,7,11,3,4,NA,NA,12,11,NA,6,2,7,1,3,3,9,6,3,3,2,NA,NA,1,3,2,8,1,14,NA,4,6,5,5,2,5,4,2,1
PLFEKH_15325,3,NA,NA,1,NA,1,NA,NA,1,NA,NA,NA,3,1,NA,NA,7,NA,1,NA,NA,NA,1,1,1,1,2,NA,NA,2,1,NA,2,NA,1,NA,2,NA,2,NA,NA,NA,NA,NA,NA,NA,NA,1,5,NA,NA,3,2,NA,1,2,3,NA,1,NA,1
PLFEKH_15330,4,1,1,2,NA,NA,NA,2,2,4,NA,2,4,1,3,2,4,1,2,1,6,7,5,2,3,1,6,NA,1,3,1,NA,5,NA,4,NA,1,4,1,4,1,NA,3,NA,1,2,2,2,5,1,7,NA,9,6,4,7,4,3,4,1,NA
PLFEKH_15340,6,2,2,2,NA,1,NA,2,6,5,NA,4,7,NA,5,NA,20,NA,NA,NA,1,3,3,3,1,1,3,NA,1,12,6,NA,6,NA,5,NA,1,NA,3,3,1,5,2,NA,NA,3,5,1,7,2,5,NA,8,1,NA,1,2,4,6,NA,4
PLFEKH_15355,3,1,1,NA,NA,NA,NA,NA,2,NA,NA,NA,3,NA,2,NA,1,NA,NA,NA,4,NA,2,NA,1,1,5,NA,NA,2,NA,NA,2,NA,3,NA,1,NA,1,2,1,2,1,NA,NA,1,2,NA,NA,NA,2,3,2,3,NA,8,NA,1,NA,NA,2
PLFEKH_15360,NA,NA,NA,NA,NA,NA,NA,NA,NA,NA,NA,NA,NA,NA,NA,NA,2,NA,NA,NA,NA,NA,NA,NA,NA,NA,NA,NA,NA,NA,NA,NA,NA,NA,NA,NA,1,NA,1,NA,NA,1,NA,NA,NA,NA,NA,NA,1,1,NA,NA,NA,NA,NA,NA,NA,NA,NA,NA,NA
PLFEKH_15365,1,NA,3,NA,NA,1,NA,NA,1,NA,1,2,1,NA,1,NA,4,NA,NA,NA,4,NA,1,1,2,2,2,NA,1,3,1,1,4,1,6,NA,NA,2,NA,6,NA,NA,NA,NA,NA,1,2,1,2,NA,3,1,6,2,2,4,2,3,1,NA,1
PLFEKH_15370,1,3,NA,4,2,NA,NA,1,NA,1,NA,1,2,NA,NA,NA,3,NA,1,NA,2,NA,NA,2,3,2,2,NA,NA,3,2,NA,2,1,2,NA,4,1,2,3,NA,NA,1,NA,NA,NA,1,3,2,3,2,NA,5,2,1,8,1,3,3,NA,NA
PLFEKH_15375,7,4,2,NA,2,2,1,NA,1,2,NA,3,3,2,3,NA,14,NA,1,NA,1,5,2,4,10,8,11,NA,2,5,7,NA,4,2,5,NA,2,3,4,6,2,1,1,NA,NA,4,4,NA,3,3,5,1,6,9,8,9,8,6,7,2,NA
PLFEKH_15380,2,NA,5,1,NA,1,1,NA,2,1,NA,1,1,2,1,NA,12,3,1,1,2,3,2,NA,3,2,3,NA,NA,12,5,1,8,1,NA,NA,2,7,2,3,4,1,5,NA,NA,1,2,1,1,1,1,3,4,8,2,9,6,NA,5,1,4
PLFEKH_15390,6,11,4,4,NA,5,2,10,9,11,1,NA,NA,5,7,NA,25,2,1,4,15,3,4,4,18,18,11,3,2,18,13,NA,19,1,13,1,6,5,14,18,6,1,NA,2,NA,6,6,3,16,2,4,5,23,24,11,25,21,9,11,2,6
PLFEKH_15395,2,2,4,NA,1,NA,NA,NA,1,NA,1,NA,5,3,1,NA,6,1,3,1,3,NA,2,3,4,NA,1,NA,NA,2,1,2,3,2,2,1,2,5,NA,2,NA,NA,3,NA,NA,NA,NA,3,3,3,1,4,4,3,3,8,1,NA,4,1,NA
PLFEKH_15400,3,1,5,1,NA,1,NA,2,2,NA,1,1,7,3,3,NA,4,NA,2,2,3,7,1,1,8,3,3,1,NA,1,3,1,3,1,1,NA,3,3,1,1,NA,1,2,NA,NA,NA,NA,NA,6,1,NA,2,5,6,1,4,2,1,3,2,1
PLFEKH_15405,7,1,4,4,NA,1,1,NA,3,1,1,2,5,4,1,NA,10,NA,1,4,4,4,2,5,12,5,6,NA,3,4,3,NA,4,NA,2,1,4,NA,2,4,1,2,9,NA,NA,1,3,3,4,3,5,2,8,5,2,7,2,4,9,2,4
PLFEKH_15410,4,1,2,2,2,NA,NA,4,1,4,2,4,1,1,NA,NA,11,NA,1,1,7,NA,1,5,7,NA,6,NA,1,3,4,NA,12,1,4,NA,5,4,7,12,2,1,2,NA,NA,1,1,1,6,1,6,1,9,9,1,14,5,NA,4,4,4
PLFEKH_15415,12,2,2,3,NA,4,1,1,2,3,1,6,8,2,2,NA,11,1,2,2,9,6,3,6,9,4,10,1,NA,10,9,NA,17,2,6,NA,2,5,4,10,NA,1,2,NA,NA,3,3,1,7,1,13,2,14,8,2,14,4,5,9,1,3
PLFEKH_15420,3,NA,2,1,1,1,NA,NA,NA,2,NA,NA,3,NA,NA,NA,2,NA,1,2,3,1,2,1,1,2,2,NA,NA,2,NA,NA,2,NA,2,NA,1,NA,NA,2,NA,NA,1,NA,NA,4,1,2,NA,NA,1,1,3,4,2,2,NA,2,6,NA,1
PLFEKH_15440,8,11,14,4,2,4,NA,1,7,4,NA,NA,10,1,2,NA,25,2,NA,1,9,1,2,1,NA,5,1,NA,NA,14,10,1,17,1,12,1,2,3,9,15,3,2,5,NA,NA,10,7,4,9,5,5,5,11,5,1,10,NA,14,10,4,2
PLFEKH_15455,5,4,3,1,2,3,2,2,4,1,1,2,3,NA,NA,1,10,1,NA,3,8,6,3,2,6,4,2,NA,NA,6,3,NA,3,NA,6,NA,4,5,4,3,2,1,5,NA,NA,5,7,3,5,1,5,2,4,13,2,10,5,5,7,NA,4
PLFEKH_15465,2,1,3,8,NA,1,1,1,4,2,NA,1,5,3,2,2,21,1,NA,NA,11,7,NA,7,8,6,4,NA,5,7,5,NA,6,NA,1,NA,1,6,4,11,2,3,6,1,1,3,5,3,8,3,2,2,8,8,3,13,2,2,8,1,1
PLFEKH_15470,6,2,3,NA,2,NA,NA,1,2,1,NA,NA,3,NA,2,1,10,1,1,NA,5,1,NA,NA,2,3,2,NA,2,8,2,NA,4,1,3,NA,2,NA,1,1,NA,1,1,2,NA,4,3,NA,2,2,3,2,4,1,1,4,NA,4,1,NA,2
PLFEKH_15475,2,2,NA,NA,5,NA,1,1,2,1,NA,NA,3,NA,2,NA,8,1,NA,NA,5,3,NA,1,4,2,NA,NA,NA,2,2,NA,1,2,1,2,1,3,NA,15,NA,NA,4,NA,NA,8,2,2,5,4,4,5,9,11,2,9,NA,2,5,NA,2
PLFEKH_15485,2,NA,5,1,1,NA,2,NA,2,NA,NA,2,2,1,1,2,14,NA,NA,NA,3,4,NA,8,7,3,4,1,NA,7,2,1,2,2,4,4,NA,2,5,6,NA,1,3,NA,NA,2,3,2,3,1,7,5,3,6,7,4,4,4,5,1,2
PLFEKH_15490,6,6,5,8,2,5,2,6,4,4,2,1,6,11,10,NA,17,3,2,2,6,8,3,11,12,4,7,3,3,11,5,NA,3,4,5,NA,5,7,3,9,2,3,8,NA,NA,5,6,1,11,6,5,1,6,19,5,15,6,6,11,1,2
PLFEKH_15495,5,4,NA,1,NA,1,NA,3,4,5,NA,1,3,1,3,NA,11,1,1,3,9,3,6,4,3,3,8,NA,NA,5,6,NA,7,1,5,2,2,3,11,10,NA,NA,9,NA,NA,6,2,4,2,3,11,1,4,8,7,9,1,3,15,NA,1
PLFEKH_15500,6,6,1,4,3,1,1,NA,5,5,NA,5,8,NA,2,1,12,3,3,3,5,1,8,3,10,4,2,1,3,NA,3,NA,7,2,12,NA,3,5,5,9,1,1,4,NA,NA,6,1,1,4,1,5,7,6,9,5,10,3,3,5,NA,NA
PLFEKH_15505,3,6,1,2,3,4,2,NA,4,2,2,1,1,2,2,NA,13,1,1,1,4,7,NA,7,10,7,6,NA,NA,5,8,NA,8,1,7,NA,NA,1,8,10,1,2,2,NA,NA,6,7,4,10,6,5,4,6,7,7,14,4,2,13,2,2
PLFEKH_15510,6,6,1,3,4,1,2,NA,7,4,NA,2,4,2,2,NA,7,3,NA,1,8,1,3,4,11,6,5,NA,NA,5,4,NA,1,2,5,1,1,6,6,9,3,2,2,NA,NA,2,3,NA,6,1,12,1,4,12,11,8,3,4,11,2,2
PLFEKH_15515,3,1,NA,1,1,1,NA,NA,6,4,NA,NA,5,1,NA,NA,13,1,1,NA,5,1,3,NA,3,6,4,NA,NA,3,4,NA,2,2,2,NA,NA,3,4,10,2,NA,4,NA,NA,1,NA,NA,5,2,NA,2,3,5,5,9,8,5,1,NA,NA
PLFEKH_15520,1,4,NA,2,1,NA,1,3,2,1,1,5,3,1,1,NA,13,2,NA,2,5,5,3,1,7,3,5,NA,NA,11,6,NA,7,NA,1,NA,2,4,6,11,4,NA,7,NA,NA,2,1,NA,9,3,6,3,3,11,3,10,4,8,5,NA,3
PLFEKH_15525,NA,NA,NA,NA,1,NA,1,NA,NA,NA,NA,NA,NA,NA,NA,NA,1,NA,NA,1,1,1,1,NA,NA,NA,NA,NA,NA,NA,1,NA,4,NA,2,NA,NA,6,4,3,1,NA,NA,NA,NA,NA,2,1,NA,NA,NA,NA,1,4,1,2,1,2,1,NA,1
PLFEKH_15530,2,3,2,5,1,NA,NA,3,2,1,NA,1,7,4,5,2,9,3,2,1,5,6,8,3,4,2,3,1,1,12,4,3,7,2,3,1,2,4,2,2,1,NA,1,1,NA,2,2,2,10,3,6,5,3,6,1,7,4,4,3,NA,2
PLFEKH_15535,9,4,4,5,1,NA,NA,1,3,3,NA,1,7,1,1,NA,8,1,NA,1,4,NA,NA,2,6,1,2,1,NA,12,5,NA,8,NA,3,NA,1,2,4,1,1,1,2,NA,NA,4,3,1,7,1,3,5,4,1,1,2,3,1,3,1,NA
PLFEKH_15540,4,2,4,3,4,1,3,NA,NA,4,2,4,4,3,2,NA,8,NA,3,3,4,8,1,6,7,NA,3,NA,1,10,3,1,7,4,7,2,1,2,2,9,2,3,1,1,1,3,5,2,6,8,5,8,7,12,2,16,4,6,3,2,2
PLFEKH_15580,3,1,2,1,1,3,3,1,4,5,NA,NA,1,1,2,NA,6,1,NA,1,3,NA,1,8,15,NA,1,NA,1,3,4,NA,3,2,3,1,3,8,5,10,4,NA,7,NA,NA,1,3,2,4,6,2,7,10,13,3,1,1,8,1,NA,NA
PLFEKH_15585,NA,3,NA,NA,5,3,NA,NA,NA,5,NA,NA,NA,NA,NA,NA,7,1,NA,NA,2,NA,1,3,6,6,NA,NA,NA,NA,5,NA,4,1,1,NA,NA,NA,7,4,2,NA,1,NA,NA,4,1,1,NA,2,NA,2,2,3,4,6,1,5,1,NA,NA
PLFEKH_15590,5,9,1,4,8,4,3,5,6,6,NA,NA,5,2,NA,NA,17,3,NA,6,11,1,3,5,20,12,3,NA,NA,5,4,NA,6,5,7,1,4,6,12,10,1,4,8,NA,NA,9,4,8,5,10,5,8,4,9,9,9,NA,19,9,2,2
PLFEKH_15600,1,1,NA,NA,1,1,1,NA,NA,2,NA,NA,NA,NA,NA,NA,1,1,NA,3,2,NA,NA,NA,3,2,NA,NA,NA,3,1,1,NA,1,1,NA,1,1,1,4,1,1,2,NA,NA,2,1,NA,9,NA,1,1,2,4,NA,4,3,3,1,NA,NA
PLFEKH_15605,6,3,NA,1,2,2,NA,2,2,2,NA,NA,2,1,4,NA,7,NA,NA,NA,2,2,2,4,1,4,3,NA,1,3,5,NA,6,NA,NA,1,3,4,4,5,NA,NA,3,NA,NA,2,1,3,1,NA,5,3,6,2,1,9,1,5,1,1,4
PLFEKH_15610,1,1,NA,2,1,NA,1,NA,1,1,NA,1,NA,NA,2,NA,2,1,NA,NA,NA,NA,NA,1,1,3,1,NA,1,1,NA,2,4,2,1,1,2,2,1,1,NA,NA,NA,NA,NA,5,1,1,2,1,2,2,2,1,1,5,2,NA,1,NA,NA
PLFEKH_15615,1,NA,1,NA,NA,NA,NA,NA,NA,NA,1,NA,2,NA,NA,NA,NA,NA,NA,NA,1,NA,NA,1,1,1,NA,NA,NA,2,NA,NA,1,NA,NA,NA,NA,NA,NA,NA,1,NA,NA,NA,NA,1,1,NA,NA,1,1,NA,NA,NA,NA,NA,NA,2,2,NA,1
PLFEKH_15625,4,13,NA,2,1,6,NA,NA,4,7,1,1,13,2,2,NA,24,NA,NA,2,10,1,2,NA,6,8,2,NA,NA,7,9,NA,14,2,9,2,2,1,13,3,1,NA,4,NA,NA,8,4,4,13,6,5,8,6,4,4,6,NA,10,8,NA,1
PLFEKH_15630,7,25,1,2,7,8,2,1,7,7,2,1,13,1,8,NA,35,4,NA,3,8,2,2,5,11,9,7,NA,NA,10,14,NA,18,5,8,1,4,1,11,12,4,1,5,NA,NA,9,1,5,15,15,5,9,13,8,5,15,6,19,13,NA,3
PLFEKH_15650,1,4,NA,NA,2,3,NA,1,1,4,NA,3,NA,NA,1,NA,8,NA,NA,1,7,NA,3,NA,3,3,NA,NA,NA,4,16,NA,5,4,7,NA,2,NA,3,11,1,NA,1,NA,NA,7,NA,1,6,5,2,3,4,4,1,13,3,13,8,NA,1
PLFEKH_15655,2,7,NA,NA,1,NA,NA,1,3,1,1,2,2,1,3,NA,25,1,NA,NA,7,NA,2,2,8,8,3,NA,NA,3,14,NA,7,1,7,1,1,2,13,17,2,1,1,NA,NA,13,2,6,7,8,3,5,11,6,12,19,2,12,18,1,NA
PLFEKH_15665,2,5,1,NA,6,6,1,NA,1,6,NA,NA,NA,1,1,NA,24,NA,NA,NA,12,1,4,3,6,16,5,NA,NA,4,10,NA,12,1,6,1,4,1,8,16,5,NA,5,NA,NA,5,3,1,11,3,2,7,13,12,5,18,7,13,7,NA,NA
PLFEKH_15670,8,28,1,3,16,8,3,5,9,15,3,5,11,5,11,NA,46,2,NA,3,31,8,19,11,30,27,21,NA,1,8,18,NA,23,3,21,NA,8,4,24,31,10,NA,11,1,NA,18,8,4,14,8,17,11,22,20,20,40,18,20,21,2,4
PLFEKH_15680,1,6,2,4,2,2,1,1,4,1,7,3,2,NA,4,NA,5,1,1,3,7,1,1,3,3,2,6,NA,NA,6,3,NA,4,1,2,NA,NA,5,4,2,5,1,2,NA,NA,NA,1,3,4,1,1,5,2,5,4,3,4,6,3,1,1
PLFEKH_15685,3,11,NA,1,3,6,NA,7,10,2,5,3,7,2,NA,NA,27,NA,NA,2,13,6,6,4,12,15,7,NA,NA,8,7,NA,14,3,13,NA,2,2,17,17,NA,NA,3,NA,NA,6,3,3,9,4,6,6,16,19,8,26,9,15,16,NA,3
PLFEKH_15695,2,4,NA,NA,1,2,NA,NA,2,NA,NA,NA,2,2,1,NA,3,1,NA,NA,NA,NA,2,1,NA,NA,2,NA,NA,2,2,NA,5,NA,2,1,NA,NA,NA,2,NA,NA,2,NA,NA,NA,3,1,NA,2,NA,NA,2,1,NA,4,1,4,3,NA,NA
PLFEKH_15705,5,11,NA,1,6,5,1,2,3,8,4,3,3,NA,1,NA,24,2,NA,2,10,4,8,NA,6,11,6,NA,NA,12,10,NA,18,3,8,NA,2,5,10,12,2,1,2,NA,NA,7,2,1,4,6,5,3,11,8,9,19,3,11,4,NA,NA
PLFEKH_15730,5,2,2,1,NA,2,NA,2,3,2,1,1,7,5,7,NA,13,1,1,NA,2,NA,NA,4,3,1,5,1,2,11,5,NA,16,NA,5,NA,2,3,4,NA,NA,1,4,NA,NA,3,6,NA,6,4,8,6,9,7,NA,3,NA,6,6,2,2
PLFEKH_15735,8,NA,5,3,NA,1,NA,1,2,2,1,NA,2,3,5,NA,7,NA,NA,NA,4,7,NA,4,6,1,3,1,2,2,1,NA,1,1,1,NA,6,3,2,4,2,NA,1,NA,NA,2,NA,2,6,1,1,2,6,4,1,6,4,1,3,1,2
PLFEKH_15740,3,NA,NA,1,NA,NA,NA,1,3,2,NA,2,1,NA,1,NA,7,NA,1,1,4,2,2,6,6,2,2,1,NA,5,2,NA,4,NA,1,NA,3,1,1,3,NA,1,1,2,NA,NA,4,2,3,1,3,5,8,2,2,6,3,3,7,1,1
PLFEKH_15745,2,3,6,4,1,NA,2,NA,3,1,1,2,6,2,4,NA,9,NA,1,NA,8,4,2,3,11,4,6,NA,1,8,1,NA,7,1,4,NA,2,NA,4,5,1,2,NA,NA,NA,2,3,1,4,1,4,3,4,11,1,7,4,9,6,NA,4
PLFEKH_15750,4,1,1,5,2,2,1,1,2,2,NA,NA,4,NA,2,1,5,1,NA,1,10,2,1,3,3,2,3,NA,NA,4,1,1,NA,NA,1,NA,2,2,1,1,NA,1,1,NA,NA,4,3,NA,4,1,1,3,4,3,1,6,6,4,3,1,3
PLFEKH_15755,4,1,3,4,NA,1,1,NA,2,1,1,1,6,NA,NA,NA,7,2,NA,NA,5,7,1,NA,2,5,4,NA,NA,7,3,NA,3,2,3,NA,1,2,3,2,2,1,2,NA,NA,1,3,NA,5,2,4,1,6,5,1,5,4,3,7,2,2
PLFEKH_15760,10,14,4,3,3,2,1,6,11,2,4,2,9,3,5,NA,25,2,NA,3,3,3,NA,2,5,5,7,NA,NA,14,8,NA,15,NA,8,2,2,5,5,9,1,1,4,NA,NA,6,3,4,10,2,7,6,14,7,NA,5,4,8,13,2,NA
PLFEKH_15770,11,2,2,3,NA,1,NA,3,7,3,2,2,13,2,NA,1,7,3,1,2,11,6,NA,4,13,6,6,2,4,8,3,2,7,1,1,NA,5,6,6,12,1,2,1,NA,NA,NA,2,NA,10,2,5,2,9,10,3,10,9,4,4,3,3
PLFEKH_15820,21,7,5,5,3,3,NA,4,5,1,1,3,9,3,3,NA,29,NA,NA,2,7,4,1,7,9,3,3,NA,NA,11,6,NA,25,1,9,1,5,6,14,5,2,2,16,NA,NA,2,6,1,20,3,15,4,14,3,3,10,3,12,17,3,5
PLFEKH_15825,10,8,4,4,3,3,1,4,4,2,1,1,6,2,4,NA,30,NA,3,1,7,2,1,4,10,9,8,1,2,23,17,NA,17,2,13,2,4,6,13,21,3,4,8,NA,NA,6,8,4,8,7,19,7,20,19,7,16,7,7,19,NA,5
PLFEKH_15830,2,NA,2,NA,1,NA,NA,1,3,1,NA,NA,1,NA,2,NA,6,NA,NA,1,2,NA,NA,3,2,1,3,NA,1,NA,4,1,1,NA,1,NA,2,4,3,3,NA,1,4,NA,NA,3,1,NA,2,2,2,7,3,1,1,3,1,1,2,NA,3
PLFEKH_15835,17,3,16,4,4,2,NA,5,7,4,2,2,13,9,8,1,43,5,7,3,14,8,8,7,21,10,23,3,10,18,16,NA,13,2,16,4,9,10,10,20,4,4,8,NA,NA,8,11,4,27,3,35,5,20,29,12,26,12,8,14,3,10
PLFEKH_15850,10,3,NA,1,NA,1,NA,NA,8,1,1,3,5,1,NA,NA,9,1,NA,1,6,5,1,2,5,3,4,NA,NA,5,NA,NA,6,1,2,NA,1,NA,5,10,NA,NA,1,NA,NA,1,NA,NA,6,NA,2,NA,1,12,1,17,1,3,2,NA,NA
PLFEKH_15855,NA,3,1,NA,NA,1,NA,NA,3,1,NA,1,6,NA,NA,NA,3,NA,NA,2,1,NA,NA,NA,NA,1,NA,NA,NA,3,NA,NA,NA,NA,1,NA,1,1,2,4,NA,NA,NA,NA,NA,NA,NA,NA,1,NA,NA,NA,NA,1,NA,NA,NA,4,2,NA,1
PLFEKH_15870,6,10,NA,3,4,8,1,NA,3,5,2,2,5,NA,2,NA,26,3,NA,1,19,2,8,2,10,10,3,NA,NA,7,14,NA,10,4,6,1,4,5,13,16,4,NA,6,NA,NA,5,5,1,12,5,4,12,16,17,12,18,5,14,14,NA,NA
PLFEKH_15875,3,NA,NA,2,2,NA,1,2,2,2,NA,1,1,3,NA,1,5,1,NA,NA,3,1,1,2,2,3,3,1,NA,1,3,NA,3,NA,4,1,4,3,2,5,4,NA,1,NA,NA,2,3,NA,2,1,1,3,5,1,1,6,1,2,1,NA,NA
PLFEKH_15880,6,NA,1,1,2,NA,1,NA,3,1,NA,NA,4,4,NA,NA,3,1,NA,1,7,4,4,3,7,1,4,NA,1,4,5,1,5,NA,NA,1,NA,3,3,4,NA,1,1,1,NA,3,2,2,3,NA,NA,7,2,8,1,3,3,4,1,NA,2
PLFEKH_15885,NA,NA,NA,NA,NA,NA,NA,2,NA,NA,NA,NA,NA,2,NA,1,5,NA,NA,NA,NA,NA,NA,NA,1,4,3,NA,NA,1,NA,NA,1,NA,NA,NA,NA,2,3,3,2,NA,2,NA,NA,NA,2,1,NA,1,NA,NA,1,1,1,2,2,NA,1,NA,NA
PLFEKH_15890,2,4,NA,NA,NA,NA,1,NA,1,1,2,NA,3,NA,1,NA,7,NA,NA,2,3,NA,2,NA,3,2,1,NA,NA,2,4,NA,NA,1,2,NA,NA,NA,NA,2,NA,NA,NA,NA,NA,2,1,NA,NA,2,NA,2,3,4,6,9,1,4,4,NA,NA
PLFEKH_15900,4,NA,NA,NA,NA,2,NA,NA,2,NA,NA,2,NA,NA,2,NA,4,NA,NA,NA,NA,2,5,1,3,2,3,NA,NA,1,3,NA,NA,1,1,1,1,1,2,2,1,2,NA,NA,NA,NA,1,3,NA,2,1,1,1,2,2,5,NA,3,2,NA,NA
PLFEKH_15905,1,NA,1,NA,NA,NA,NA,NA,1,NA,1,NA,NA,NA,NA,NA,2,NA,NA,NA,NA,1,NA,2,5,NA,1,NA,NA,NA,NA,NA,NA,NA,1,NA,1,1,1,1,1,1,1,NA,NA,NA,NA,1,2,NA,1,1,NA,1,NA,1,NA,NA,NA,NA,NA
PLFEKH_15910,11,12,2,3,2,5,1,NA,7,15,NA,NA,14,3,1,NA,8,NA,NA,4,4,1,5,2,10,3,3,NA,2,5,6,1,9,NA,13,NA,1,5,14,21,NA,1,10,NA,1,5,1,2,1,4,6,2,11,19,13,13,2,12,7,1,1
PLFEKH_15915,7,13,2,NA,3,4,NA,4,5,11,2,7,7,NA,3,NA,26,1,NA,NA,15,3,8,NA,12,17,11,NA,NA,9,17,NA,11,4,8,NA,2,4,17,18,7,NA,8,NA,NA,8,1,1,12,6,6,3,10,15,10,27,8,14,8,NA,1
PLFEKH_15925,6,30,2,2,5,5,1,2,3,5,2,1,6,2,2,NA,42,2,NA,3,15,2,4,2,8,6,3,NA,NA,11,20,NA,19,6,13,1,2,1,19,20,1,1,8,NA,NA,12,5,10,17,9,10,13,26,10,9,16,7,21,13,NA,2
PLFEKH_15935,5,3,3,1,1,3,2,NA,4,5,3,2,1,2,5,NA,17,1,1,1,6,6,1,NA,5,6,3,NA,NA,11,5,1,7,1,7,1,5,6,10,13,NA,NA,3,NA,NA,6,3,1,7,3,10,6,9,7,3,11,4,12,9,1,2
PLFEKH_15940,7,2,1,1,2,2,NA,2,1,5,1,4,1,3,1,NA,15,1,NA,NA,5,7,5,2,11,7,10,NA,2,15,13,NA,1,2,9,NA,2,4,7,11,2,2,5,NA,NA,2,3,2,7,4,8,3,4,8,6,19,3,5,8,1,5
PLFEKH_15945,4,4,1,NA,NA,2,NA,1,5,2,1,NA,2,NA,1,NA,7,1,NA,NA,3,3,1,NA,3,2,4,NA,NA,6,4,NA,4,1,4,NA,2,NA,5,6,1,NA,1,NA,NA,3,3,NA,6,1,5,3,2,7,2,6,NA,5,6,NA,NA
PLFEKH_15955,6,10,1,1,7,5,4,1,11,8,2,4,8,1,3,NA,20,2,NA,1,8,6,5,3,15,7,10,NA,1,8,12,NA,13,1,3,1,2,NA,9,21,2,1,4,NA,NA,5,2,3,12,4,12,4,8,11,14,27,6,10,9,NA,4
PLFEKH_15995,6,3,1,3,1,NA,1,3,5,2,NA,1,9,4,1,NA,15,1,1,1,8,8,NA,1,15,6,3,NA,2,6,2,NA,10,NA,2,1,2,6,3,2,3,1,2,1,NA,2,NA,3,5,1,3,1,11,8,2,8,3,3,4,2,NA
PLFEKH_16000,7,10,1,1,2,4,NA,1,3,6,NA,3,3,2,2,NA,19,2,NA,1,10,2,2,3,8,12,10,NA,NA,12,17,NA,11,1,11,NA,3,5,5,8,7,NA,8,NA,NA,2,7,5,9,2,7,2,4,12,12,19,10,6,8,1,3
PLFEKH_16005,6,5,1,NA,NA,NA,1,NA,4,4,NA,1,1,1,1,NA,18,1,NA,1,10,1,4,1,9,12,6,NA,NA,10,12,NA,5,1,7,NA,3,4,7,10,1,NA,6,NA,NA,6,5,3,5,2,7,3,6,5,8,13,9,5,8,NA,NA
PLFEKH_16010,1,1,1,1,NA,1,NA,1,1,1,NA,1,1,NA,1,1,5,NA,NA,1,3,2,4,1,2,1,1,NA,NA,NA,1,NA,4,NA,2,NA,NA,1,1,1,3,2,1,NA,NA,2,NA,NA,4,NA,1,1,1,4,1,7,3,2,4,NA,NA
PLFEKH_16015,3,6,1,1,1,3,1,NA,1,2,NA,NA,1,2,1,NA,9,1,1,NA,2,2,4,1,7,5,9,NA,1,8,10,NA,11,1,5,NA,2,NA,2,6,1,3,4,NA,NA,4,2,1,5,2,3,1,4,8,17,17,3,5,NA,NA,4
PLFEKH_16020,10,11,3,2,2,NA,1,6,6,6,NA,1,15,2,3,NA,27,2,1,1,15,1,1,4,12,4,6,1,NA,16,6,1,9,2,13,NA,3,3,12,9,NA,NA,4,NA,NA,4,5,NA,10,2,4,3,10,9,2,3,8,5,12,3,2
PLFEKH_16030,3,6,NA,2,4,3,1,1,1,2,NA,NA,3,NA,2,NA,8,1,NA,NA,5,NA,1,4,9,4,2,NA,NA,5,2,NA,7,3,3,NA,1,3,8,20,4,NA,2,NA,NA,3,2,NA,5,1,6,1,4,9,4,9,1,7,3,NA,NA
PLFEKH_16045,7,4,4,2,NA,NA,2,4,2,2,NA,NA,3,NA,1,NA,9,1,NA,NA,2,NA,1,2,5,2,2,NA,NA,8,3,NA,7,2,3,NA,1,1,1,3,NA,1,1,NA,NA,3,NA,1,4,NA,5,NA,4,4,NA,1,3,4,1,2,NA
PLFEKH_16060,1,NA,NA,NA,NA,NA,NA,NA,NA,NA,NA,NA,NA,NA,NA,NA,NA,NA,NA,NA,2,NA,NA,NA,1,NA,NA,NA,NA,NA,NA,NA,1,NA,NA,NA,NA,NA,NA,1,NA,NA,NA,NA,NA,NA,NA,NA,NA,2,NA,NA,NA,1,1,5,NA,1,NA,NA,NA
PLFEKH_16095,1,3,NA,NA,1,NA,NA,NA,2,NA,1,1,2,1,2,NA,6,NA,NA,NA,1,2,1,NA,3,1,NA,1,1,1,2,NA,2,NA,1,1,2,2,NA,4,NA,NA,5,1,NA,2,2,NA,2,1,1,1,NA,1,3,8,3,NA,NA,1,2
PLFEKH_16100,10,15,1,1,6,7,NA,1,8,20,3,7,20,3,3,NA,44,2,1,4,21,5,8,2,19,22,10,NA,NA,8,18,NA,31,9,24,NA,9,2,29,43,3,NA,3,NA,NA,24,3,5,15,11,8,12,20,22,30,37,10,17,28,NA,1
PLFEKH_16105,NA,3,2,3,NA,2,NA,2,1,2,NA,NA,NA,1,NA,NA,2,NA,NA,2,2,NA,NA,2,3,10,NA,NA,NA,3,4,NA,5,NA,2,NA,1,1,2,3,2,NA,1,NA,NA,1,2,NA,1,2,2,NA,3,5,3,4,2,3,NA,NA,NA
PLFEKH_16110,6,1,11,10,1,1,1,2,1,2,2,2,7,2,8,1,13,1,2,1,1,6,1,5,15,4,7,1,1,3,1,NA,4,2,4,3,2,8,5,7,2,2,2,NA,NA,5,1,1,6,3,4,3,9,6,4,8,4,1,3,3,NA
PLFEKH_16115,4,NA,NA,3,1,NA,1,1,1,4,1,NA,4,5,1,1,6,1,1,2,4,3,2,6,5,3,3,NA,2,2,4,1,2,1,3,2,1,2,3,3,2,NA,1,NA,NA,NA,1,NA,1,1,2,1,4,4,3,9,2,4,NA,NA,NA
PLFEKH_16120,5,1,3,NA,NA,NA,NA,NA,2,NA,NA,2,5,1,2,NA,3,1,2,NA,NA,6,1,3,7,1,2,1,NA,3,3,NA,5,NA,1,NA,1,1,3,1,NA,4,3,NA,1,3,1,1,NA,NA,2,3,1,2,3,9,NA,1,NA,1,NA
PLFEKH_16125,NA,NA,1,1,1,NA,NA,NA,NA,NA,NA,NA,1,NA,1,NA,1,NA,NA,NA,1,NA,1,NA,1,NA,1,NA,NA,2,NA,NA,NA,NA,NA,NA,NA,NA,1,NA,NA,NA,1,NA,NA,1,1,1,3,1,1,1,1,2,1,2,1,1,3,NA,NA
PLFEKH_16130,NA,NA,1,2,NA,NA,NA,3,NA,NA,1,NA,3,1,2,1,5,2,2,1,2,1,NA,NA,3,NA,6,NA,NA,3,1,1,1,NA,2,NA,NA,1,1,4,4,1,1,NA,NA,1,2,NA,1,1,3,1,4,3,3,2,4,2,4,NA,2
PLFEKH_16140,7,7,4,2,3,2,3,1,6,2,1,1,6,3,7,1,24,2,3,3,3,2,NA,3,4,2,10,NA,NA,17,9,4,13,1,2,1,1,1,1,3,1,1,2,1,NA,7,5,8,7,6,6,1,10,2,6,6,1,6,12,4,2
PLFEKH_16145,2,4,2,NA,4,NA,2,2,1,5,1,NA,1,6,1,1,7,4,4,4,8,1,NA,6,14,3,6,2,NA,5,6,NA,4,3,4,3,7,3,8,6,1,2,9,1,NA,3,4,2,5,3,11,6,6,10,4,7,NA,8,9,2,1
PLFEKH_16150,8,8,3,4,6,3,NA,3,2,5,NA,NA,4,2,2,NA,18,1,NA,NA,10,2,1,4,12,6,8,NA,NA,3,12,NA,12,5,8,NA,2,4,15,22,1,3,6,NA,NA,10,6,4,2,6,8,4,6,15,6,13,2,12,11,2,NA
PLFEKH_16155,NA,NA,NA,NA,1,NA,NA,1,NA,1,NA,NA,NA,NA,NA,NA,NA,NA,NA,NA,NA,1,1,NA,NA,NA,NA,NA,NA,NA,3,NA,NA,2,NA,NA,NA,NA,2,1,NA,NA,1,NA,NA,NA,NA,1,NA,NA,NA,NA,NA,NA,NA,NA,NA,NA,1,NA,NA
PLFEKH_16160,1,1,4,2,NA,NA,3,NA,4,NA,2,1,1,3,1,NA,6,2,1,1,2,1,2,3,3,3,3,1,1,6,NA,2,5,2,2,1,NA,5,2,5,1,NA,1,NA,NA,NA,2,NA,7,3,NA,2,4,3,1,6,2,8,NA,2,4
PLFEKH_16170,4,4,NA,1,2,2,NA,1,2,3,2,4,1,NA,1,NA,14,2,NA,3,9,6,4,3,4,9,7,NA,2,9,6,NA,9,2,6,1,3,3,6,7,2,NA,3,NA,NA,5,1,4,5,4,8,4,6,11,4,12,2,6,6,NA,1
PLFEKH_16190,4,3,3,1,NA,NA,1,1,NA,NA,1,NA,3,1,NA,NA,1,NA,NA,NA,NA,NA,NA,1,NA,NA,1,NA,NA,1,1,NA,1,NA,3,2,NA,NA,2,1,NA,NA,1,NA,1,1,1,1,2,NA,NA,1,NA,1,NA,1,1,1,2,2,NA
PLFEKH_16200,4,NA,1,1,NA,NA,NA,2,3,3,NA,NA,9,NA,NA,1,4,1,NA,1,5,3,NA,NA,1,1,1,2,NA,2,2,NA,2,NA,5,NA,1,2,4,4,1,1,NA,NA,NA,1,NA,1,1,1,2,1,NA,4,2,5,1,1,3,4,NA
PLFEKH_16255,5,4,1,1,1,1,2,2,2,3,2,3,3,2,NA,2,5,2,NA,4,3,1,1,3,2,4,8,2,NA,1,4,NA,4,1,3,1,1,3,5,10,1,1,4,NA,NA,2,1,2,2,7,9,2,2,5,3,13,2,7,1,5,NA
PLFEKH_16260,NA,1,NA,NA,NA,2,NA,NA,1,NA,NA,NA,1,2,NA,NA,4,NA,NA,NA,3,NA,2,NA,1,1,3,NA,1,1,NA,NA,3,1,1,1,1,2,1,2,NA,NA,3,NA,NA,4,NA,1,5,1,NA,3,NA,2,1,2,NA,1,4,NA,NA
PLFEKH_16270,1,NA,NA,NA,NA,NA,NA,NA,1,1,2,1,1,NA,NA,NA,2,NA,NA,NA,NA,1,NA,NA,NA,1,NA,NA,NA,1,NA,NA,NA,NA,NA,NA,NA,NA,NA,3,NA,NA,NA,NA,NA,NA,NA,NA,NA,NA,NA,NA,1,2,NA,3,NA,2,2,NA,NA
PLFEKH_16275,3,1,NA,NA,NA,1,NA,NA,NA,NA,NA,NA,NA,NA,NA,NA,2,1,NA,1,NA,4,1,3,NA,4,1,NA,1,2,1,NA,1,NA,1,NA,1,NA,1,NA,NA,NA,1,NA,NA,NA,2,1,NA,1,1,1,NA,4,NA,5,2,2,NA,NA,NA
PLFEKH_16280,7,5,1,2,5,4,1,3,4,5,1,5,3,NA,2,NA,22,NA,NA,2,10,2,5,1,15,9,8,NA,NA,15,18,NA,7,3,9,1,3,1,16,21,5,NA,7,NA,NA,10,5,8,9,3,2,16,15,13,12,26,6,17,14,NA,1
PLFEKH_16290,NA,3,1,2,2,1,NA,NA,3,6,1,1,5,3,3,1,3,1,1,2,4,NA,2,5,3,NA,NA,NA,1,3,5,NA,7,1,2,3,NA,2,4,10,4,2,NA,1,NA,2,3,1,2,1,3,4,3,6,2,8,NA,5,2,NA,1
PLFEKH_16300,11,3,6,1,NA,3,1,NA,10,6,NA,5,17,1,6,NA,1,4,2,3,5,7,2,11,6,6,1,3,NA,6,10,2,8,NA,3,NA,1,3,3,13,1,2,2,NA,NA,3,3,1,NA,2,4,5,4,9,5,9,3,1,7,1,2
PLFEKH_16305,2,NA,3,2,NA,1,1,NA,1,1,1,NA,2,NA,NA,NA,4,NA,1,NA,1,3,1,4,1,3,5,NA,NA,3,1,NA,2,1,1,NA,1,3,NA,8,NA,NA,1,NA,NA,1,1,NA,3,NA,2,1,NA,4,2,5,1,4,2,2,NA
PLFEKH_16310,2,1,NA,NA,NA,NA,NA,NA,1,1,NA,NA,1,NA,1,NA,1,NA,NA,NA,4,NA,NA,NA,1,NA,NA,NA,NA,1,2,NA,1,NA,NA,NA,NA,NA,NA,NA,NA,NA,NA,NA,NA,NA,NA,NA,1,NA,NA,NA,NA,1,NA,NA,NA,NA,2,NA,NA
PLFEKH_16315,8,1,3,4,NA,2,1,NA,4,1,NA,3,3,NA,5,NA,12,NA,NA,1,3,7,2,7,4,2,2,NA,NA,9,5,NA,2,NA,6,2,4,4,2,5,1,1,4,NA,NA,1,4,NA,10,NA,6,1,10,7,5,4,5,5,4,1,1
PLFEKH_16325,16,16,1,2,4,1,2,4,7,6,4,2,14,1,1,NA,44,1,NA,3,18,5,3,3,10,7,1,NA,1,19,16,NA,28,1,8,NA,13,1,7,11,4,1,6,NA,NA,6,5,2,28,5,13,8,26,12,6,9,3,8,12,2,10
PLFEKH_16330,1,NA,NA,NA,1,NA,NA,1,NA,NA,1,1,1,2,NA,NA,3,NA,NA,NA,2,3,NA,1,2,NA,1,NA,NA,NA,NA,NA,3,NA,1,NA,1,1,NA,NA,1,NA,NA,NA,NA,NA,1,NA,2,NA,1,NA,3,NA,1,3,NA,NA,2,2,NA
PLFEKH_16335,5,1,1,2,1,2,NA,1,1,NA,2,NA,2,NA,1,NA,9,NA,NA,NA,2,NA,1,1,9,3,4,1,NA,6,1,NA,5,2,2,NA,4,2,2,4,NA,1,3,NA,NA,2,1,NA,2,1,6,NA,11,3,4,3,3,1,6,1,3
PLFEKH_16340,4,2,NA,3,1,1,NA,3,3,4,1,1,3,NA,NA,NA,15,1,1,2,7,3,2,2,3,4,5,NA,1,5,4,NA,11,NA,3,NA,2,3,2,7,1,1,4,NA,NA,1,1,1,11,NA,5,3,7,12,9,4,6,1,1,1,2
PLFEKH_16345,7,5,2,2,1,1,1,1,3,7,4,1,2,6,2,NA,27,1,2,3,9,6,1,1,18,10,8,NA,2,12,7,NA,6,2,6,1,2,3,10,9,1,3,10,NA,NA,2,3,1,13,3,11,2,12,16,2,16,11,4,4,3,1
PLFEKH_16350,6,6,2,5,1,4,3,3,1,1,2,1,4,1,3,1,15,2,3,2,10,6,NA,3,14,7,6,NA,2,9,3,NA,2,2,4,NA,4,4,4,9,1,4,5,NA,NA,3,2,2,10,1,11,2,12,8,5,16,3,6,4,1,3
PLFEKH_16360,8,4,9,11,NA,1,1,4,3,1,1,1,7,2,2,1,19,NA,NA,2,10,2,NA,3,4,2,1,NA,2,13,2,1,14,NA,6,3,7,NA,5,3,NA,NA,3,NA,NA,3,NA,1,10,3,5,5,22,3,1,2,1,8,8,2,5
PLFEKH_16370,7,NA,5,3,1,1,NA,3,1,NA,NA,2,8,1,1,1,17,1,NA,1,3,NA,1,2,3,3,3,NA,1,10,3,NA,14,NA,6,1,4,2,3,2,NA,NA,1,NA,NA,3,7,1,3,3,6,2,9,3,2,2,NA,2,6,1,3
PLFEKH_16380,NA,NA,NA,NA,NA,NA,NA,NA,2,NA,NA,NA,1,NA,NA,NA,NA,NA,NA,NA,1,NA,NA,NA,NA,NA,NA,NA,NA,NA,NA,NA,NA,NA,NA,NA,NA,NA,NA,NA,NA,NA,NA,NA,NA,NA,NA,NA,1,NA,NA,1,NA,1,NA,1,NA,NA,NA,NA,NA
PLFEKH_16385,24,13,10,12,1,2,5,12,17,9,4,8,21,10,7,2,56,5,4,7,40,11,7,21,38,20,21,5,2,25,8,NA,25,2,18,2,22,6,11,20,1,7,9,NA,NA,10,10,4,23,14,19,16,35,48,9,40,8,11,16,6,8
PLFEKH_16390,NA,NA,NA,NA,NA,NA,NA,NA,NA,NA,NA,NA,1,NA,NA,NA,NA,NA,NA,NA,NA,NA,NA,NA,1,NA,NA,NA,NA,NA,NA,NA,NA,NA,NA,NA,NA,NA,NA,NA,NA,NA,NA,NA,NA,NA,NA,NA,NA,NA,NA,NA,NA,NA,NA,NA,NA,NA,NA,NA,NA
PLFEKH_16430,11,3,2,3,NA,3,3,1,6,2,NA,3,5,2,1,NA,9,1,1,NA,5,6,5,3,12,4,3,1,1,6,4,NA,8,NA,7,NA,6,4,5,8,1,4,2,NA,NA,4,5,2,2,1,9,3,5,13,1,9,2,3,5,2,2
PLFEKH_16435,2,NA,1,1,NA,NA,NA,NA,NA,1,1,NA,1,NA,NA,NA,2,NA,NA,NA,NA,NA,NA,NA,NA,NA,NA,NA,NA,NA,NA,NA,NA,1,NA,NA,NA,NA,NA,NA,NA,NA,NA,NA,NA,NA,NA,NA,1,NA,NA,NA,NA,NA,NA,NA,NA,NA,NA,NA,NA
PLFEKH_16440,1,NA,1,NA,NA,3,NA,1,2,1,NA,NA,2,1,NA,NA,3,NA,1,1,NA,NA,2,1,1,NA,NA,NA,NA,1,3,1,1,NA,NA,NA,NA,4,1,2,2,NA,1,NA,NA,NA,NA,NA,1,NA,NA,NA,1,3,NA,2,NA,NA,NA,NA,NA
PLFEKH_16445,4,5,NA,NA,NA,1,NA,1,1,1,1,NA,3,1,2,NA,7,NA,1,NA,1,3,3,NA,2,2,2,NA,NA,1,2,NA,3,NA,1,NA,2,1,4,10,2,1,2,NA,NA,8,1,NA,3,1,7,2,5,9,4,6,1,6,3,NA,NA
PLFEKH_16450,9,5,8,7,3,2,3,4,5,1,NA,1,9,5,1,NA,18,NA,1,1,6,1,1,5,11,4,5,2,2,22,9,2,12,2,14,NA,1,8,4,11,NA,3,4,NA,NA,NA,6,1,5,4,4,5,10,10,3,8,5,8,6,1,5
PLFEKH_16455,6,6,NA,NA,NA,NA,NA,NA,2,3,NA,NA,11,NA,NA,NA,16,NA,NA,NA,4,1,1,NA,4,NA,1,NA,NA,NA,2,NA,10,NA,NA,NA,NA,NA,10,3,NA,NA,1,NA,NA,1,1,1,4,NA,2,NA,4,NA,NA,1,1,1,2,NA,1
PLFEKH_16630,NA,1,NA,NA,NA,NA,NA,NA,NA,NA,1,NA,NA,NA,NA,NA,NA,NA,NA,NA,NA,NA,NA,NA,NA,NA,NA,NA,NA,NA,NA,NA,NA,NA,NA,NA,NA,NA,NA,NA,NA,NA,NA,NA,NA,NA,NA,NA,NA,NA,NA,NA,1,NA,NA,NA,NA,1,NA,NA,NA
PLFEKH_16635,3,NA,NA,NA,NA,NA,NA,NA,NA,1,NA,NA,4,NA,NA,NA,NA,NA,NA,NA,NA,1,NA,NA,NA,NA,NA,NA,NA,1,NA,NA,NA,NA,NA,NA,NA,NA,NA,2,NA,NA,1,NA,NA,1,NA,NA,NA,NA,NA,1,1,1,NA,NA,NA,NA,1,NA,NA
PLFEKH_16645,NA,NA,NA,NA,NA,NA,NA,NA,1,NA,NA,NA,2,NA,NA,NA,NA,NA,NA,NA,NA,NA,NA,NA,NA,NA,NA,NA,NA,NA,NA,NA,NA,NA,NA,NA,NA,NA,NA,NA,NA,NA,NA,NA,NA,NA,NA,NA,NA,1,NA,NA,NA,NA,NA,NA,NA,NA,NA,NA,NA
PLFEKH_16695,7,1,NA,NA,NA,NA,NA,1,9,1,NA,NA,7,NA,NA,NA,2,1,NA,NA,1,1,NA,3,3,NA,1,NA,NA,1,NA,NA,2,NA,NA,NA,NA,4,NA,1,NA,NA,NA,NA,NA,NA,NA,NA,NA,NA,1,1,NA,10,NA,NA,NA,1,NA,NA,1
PLFEKH_16710,2,3,1,NA,1,1,1,1,NA,2,1,2,1,2,1,NA,11,2,1,NA,6,1,2,1,1,5,4,NA,NA,8,5,NA,3,1,6,NA,3,5,6,6,2,NA,3,NA,NA,6,6,1,5,2,5,4,4,6,7,10,2,6,11,NA,1
PLFEKH_16720,7,2,2,2,2,NA,1,3,NA,3,1,1,6,NA,NA,1,5,NA,1,NA,3,2,1,NA,1,1,2,1,NA,3,NA,NA,NA,1,3,NA,NA,NA,NA,1,NA,NA,1,NA,1,3,3,1,4,1,NA,1,2,2,NA,2,NA,2,2,NA,2
PLFEKH_16730,2,4,NA,NA,2,NA,NA,NA,NA,NA,NA,1,1,NA,NA,NA,4,NA,NA,NA,2,NA,1,2,3,3,NA,NA,NA,NA,3,NA,3,2,2,NA,NA,1,4,6,NA,NA,2,NA,NA,2,NA,1,2,1,NA,3,NA,1,3,3,NA,5,3,NA,NA
PLFEKH_16740,NA,2,1,NA,NA,NA,NA,NA,1,NA,NA,NA,NA,NA,1,NA,6,NA,NA,1,1,NA,1,2,3,1,NA,NA,NA,6,1,NA,2,1,NA,NA,1,1,2,3,NA,NA,4,NA,NA,NA,1,2,5,1,5,5,5,2,NA,2,NA,4,5,NA,NA
PLFEKH_16745,6,3,6,1,1,NA,NA,4,4,2,1,NA,7,2,NA,NA,16,1,NA,NA,11,7,3,4,10,7,5,NA,1,7,3,NA,4,2,6,1,2,3,6,3,2,NA,6,NA,NA,2,4,NA,9,1,4,1,4,4,6,9,7,6,4,NA,NA
PLFEKH_16755,5,4,5,NA,NA,1,1,2,5,NA,1,2,5,3,4,NA,9,2,1,2,2,3,3,6,5,4,3,NA,1,2,NA,NA,2,NA,4,NA,5,2,NA,1,1,2,2,NA,NA,3,NA,NA,2,3,5,1,9,6,3,2,1,2,3,5,2
PLFEKH_16760,4,5,NA,NA,NA,NA,NA,NA,NA,NA,1,NA,4,2,NA,NA,5,2,NA,2,3,3,2,NA,1,2,5,NA,1,6,4,NA,15,NA,3,NA,1,1,4,4,NA,NA,NA,NA,NA,NA,NA,NA,4,1,4,NA,5,8,NA,6,2,2,7,NA,4
PLFEKH_16765,2,NA,NA,1,NA,1,1,NA,NA,NA,NA,1,NA,NA,2,NA,5,2,NA,NA,2,1,NA,2,3,NA,2,NA,NA,9,1,NA,5,NA,1,NA,NA,1,4,4,NA,NA,1,NA,NA,NA,1,NA,8,1,6,1,4,8,3,7,1,2,8,NA,1
PLFEKH_16790,NA,1,NA,1,NA,NA,NA,NA,NA,NA,1,NA,NA,NA,NA,NA,4,NA,NA,NA,5,NA,NA,1,2,NA,NA,NA,NA,9,NA,NA,5,NA,1,NA,NA,1,NA,2,NA,NA,1,NA,NA,NA,NA,NA,4,NA,1,NA,8,1,NA,3,1,NA,3,NA,1
PLFEKH_16795,22,4,12,7,2,2,2,4,6,2,NA,5,6,3,8,NA,23,4,NA,2,10,2,1,3,6,7,3,1,2,14,7,3,10,2,9,2,6,5,2,2,NA,4,5,NA,NA,5,3,2,10,5,3,5,7,3,2,1,1,7,11,3,1
PLFEKH_16810,NA,NA,NA,NA,NA,NA,NA,NA,NA,NA,NA,NA,NA,NA,NA,NA,4,NA,NA,NA,2,NA,NA,NA,2,NA,1,NA,NA,1,NA,NA,3,NA,NA,NA,1,3,NA,2,NA,NA,NA,NA,NA,NA,NA,NA,1,NA,NA,2,2,4,1,2,NA,2,2,NA,NA
PLFEKH_16815,NA,NA,NA,NA,NA,NA,NA,NA,1,NA,NA,NA,1,NA,NA,NA,1,1,NA,NA,1,NA,1,1,1,1,NA,NA,NA,2,NA,NA,NA,NA,NA,NA,NA,1,NA,1,NA,NA,NA,NA,NA,1,NA,NA,NA,NA,NA,NA,1,NA,NA,4,NA,NA,NA,1,NA
PLFEKH_16820,1,NA,1,NA,NA,1,NA,NA,1,2,NA,NA,2,NA,NA,NA,3,NA,NA,NA,5,2,NA,NA,5,1,NA,NA,NA,5,1,NA,5,NA,1,NA,1,NA,1,3,NA,NA,NA,NA,NA,1,NA,NA,3,1,NA,NA,1,5,1,2,NA,3,2,NA,1
PLFEKH_16825,6,NA,3,1,NA,4,2,NA,2,NA,1,NA,2,1,3,NA,9,NA,1,NA,2,3,NA,1,5,2,3,NA,NA,3,2,NA,6,NA,2,NA,4,3,1,2,NA,1,NA,1,NA,1,6,NA,1,3,NA,1,2,4,1,6,4,1,3,NA,NA
PLFEKH_16830,3,1,1,NA,NA,NA,1,NA,NA,1,NA,NA,2,1,1,NA,2,NA,NA,2,3,3,NA,1,2,2,NA,NA,1,1,3,NA,1,NA,3,NA,1,2,1,2,NA,NA,1,NA,NA,NA,2,NA,4,NA,1,NA,4,2,3,2,NA,NA,NA,NA,NA
PLFEKH_16840,4,1,2,NA,NA,NA,1,1,9,2,1,4,5,5,1,NA,19,NA,NA,NA,6,7,2,8,11,4,5,1,3,8,1,1,5,NA,3,NA,2,2,3,6,1,1,2,NA,NA,3,NA,1,4,1,5,1,7,4,5,14,2,10,7,NA,2
PLFEKH_16870,11,11,9,13,NA,2,1,8,6,4,1,3,22,9,8,NA,47,4,2,4,19,3,NA,7,24,4,19,3,5,10,3,2,21,1,11,1,6,10,11,17,5,6,8,NA,NA,3,7,3,22,1,10,5,25,15,7,19,11,6,18,2,8
PLFEKH_16875,6,NA,2,3,NA,1,1,NA,NA,NA,NA,NA,NA,5,3,1,8,2,1,NA,2,3,1,3,5,3,2,2,1,3,1,NA,3,NA,5,NA,1,1,4,3,2,3,2,NA,NA,1,1,NA,4,NA,2,1,5,4,5,7,1,2,5,1,1
PLFEKH_16880,5,NA,1,5,NA,NA,NA,2,2,1,NA,NA,3,1,2,NA,9,1,3,3,3,2,NA,5,7,3,4,NA,NA,2,1,1,3,NA,2,NA,2,4,3,5,1,NA,3,NA,NA,1,2,1,1,2,6,1,NA,3,4,4,3,4,2,NA,NA
PLFEKH_16885,5,3,2,2,NA,2,1,1,4,1,1,NA,2,1,1,NA,8,NA,2,1,5,1,2,1,5,2,7,NA,NA,3,7,NA,9,NA,6,NA,2,3,4,4,1,1,3,NA,NA,2,2,NA,6,2,4,1,5,6,2,6,4,3,6,4,1
PLFEKH_16890,2,3,NA,2,1,NA,NA,1,1,2,NA,NA,1,NA,1,NA,24,NA,NA,2,5,1,NA,8,19,3,1,NA,NA,6,4,NA,3,NA,4,NA,2,4,4,6,2,NA,NA,NA,NA,1,NA,1,3,1,5,3,10,6,4,11,5,2,2,NA,7
PLFEKH_16895,7,1,7,2,NA,1,4,2,5,1,1,2,1,1,1,NA,6,1,NA,NA,3,NA,NA,3,6,NA,3,NA,NA,15,5,2,8,NA,2,1,3,2,2,6,2,4,3,NA,NA,NA,2,1,7,4,8,1,9,4,1,1,1,NA,2,2,5
PLFEKH_16900,6,1,2,3,2,NA,2,NA,1,2,NA,1,2,NA,1,2,6,1,NA,2,3,2,1,4,3,2,1,NA,NA,5,6,1,2,NA,2,2,4,4,3,4,2,2,3,NA,NA,2,1,1,2,1,3,NA,2,5,3,7,4,NA,1,1,NA
PLFEKH_16905,2,1,3,NA,3,2,2,2,1,3,NA,NA,1,2,3,NA,7,1,NA,1,1,NA,NA,2,11,7,7,NA,NA,7,9,NA,12,1,7,NA,NA,2,9,10,1,NA,5,NA,NA,2,3,NA,6,1,5,1,7,4,2,18,4,4,NA,NA,2
PLFEKH_16910,2,NA,NA,NA,NA,NA,1,1,NA,NA,NA,NA,7,NA,2,NA,5,1,NA,NA,NA,3,1,2,1,NA,3,NA,2,1,NA,NA,2,NA,NA,NA,NA,NA,1,NA,1,2,3,NA,NA,1,3,NA,NA,NA,4,NA,NA,1,1,2,2,3,1,NA,2
PLFEKH_16960,2,1,1,3,1,1,NA,1,1,2,NA,1,5,1,6,NA,13,3,2,NA,2,2,1,10,8,1,NA,1,3,5,2,1,7,NA,3,NA,5,6,1,4,1,1,2,NA,NA,2,1,NA,2,NA,2,2,3,5,2,4,4,1,1,1,2
PLFEKH_16970,1,NA,NA,NA,NA,NA,NA,1,1,NA,NA,NA,NA,1,NA,NA,7,NA,NA,2,2,NA,NA,2,2,2,1,NA,NA,3,2,NA,3,1,NA,NA,2,NA,1,7,2,NA,1,NA,NA,3,NA,1,2,NA,4,4,2,3,1,2,1,3,2,NA,2
PLFEKH_16980,13,8,6,3,8,1,2,5,8,4,1,NA,6,5,5,1,22,2,2,2,3,3,2,4,8,2,1,1,NA,11,11,1,10,NA,7,1,4,3,2,11,NA,1,5,NA,NA,6,6,1,6,3,8,4,10,2,NA,1,2,7,12,5,5
PLFEKH_16985,14,4,7,6,3,4,1,5,4,1,1,1,4,4,3,1,42,NA,3,2,5,3,3,4,6,7,5,NA,1,18,14,1,18,1,9,NA,7,2,5,4,4,3,3,NA,NA,1,5,6,18,1,20,7,17,12,3,20,11,13,8,2,6
PLFEKH_16995,6,1,2,2,NA,2,NA,2,10,3,2,1,4,2,NA,2,11,NA,NA,2,6,6,1,1,9,8,NA,NA,NA,12,2,NA,10,NA,7,NA,1,2,11,11,NA,NA,6,NA,NA,1,NA,1,7,3,7,4,6,7,2,13,4,2,7,3,4
PLFEKH_17000,7,4,4,3,NA,2,1,NA,7,7,2,1,4,3,3,1,5,NA,1,2,2,2,2,3,7,2,3,1,NA,5,1,1,6,NA,1,1,3,4,1,4,NA,NA,2,NA,NA,2,1,NA,3,3,2,3,2,11,3,4,4,2,3,NA,2
PLFEKH_17005,3,1,1,1,2,2,1,4,5,3,2,NA,3,1,3,NA,13,1,1,1,8,4,NA,5,6,6,3,NA,1,7,NA,1,9,1,2,1,2,1,3,7,1,NA,3,NA,NA,1,3,2,5,3,2,3,7,9,1,12,3,2,7,1,2
PLFEKH_17010,NA,3,NA,1,1,NA,NA,NA,1,3,NA,1,NA,NA,NA,NA,9,NA,NA,NA,6,1,1,NA,4,6,2,NA,NA,3,3,NA,3,NA,5,NA,NA,2,NA,10,NA,NA,NA,NA,NA,9,NA,2,1,2,NA,1,6,3,8,11,1,2,4,NA,NA
PLFEKH_17015,4,15,NA,NA,9,8,1,3,2,7,NA,NA,10,1,3,NA,45,NA,NA,2,10,4,6,2,18,17,7,NA,NA,2,20,NA,10,7,14,NA,4,1,12,35,7,NA,10,NA,NA,9,2,5,15,4,4,5,20,20,24,38,13,11,8,NA,3
PLFEKH_17020,2,1,NA,1,NA,NA,1,2,2,2,2,1,NA,2,1,NA,5,NA,NA,NA,3,1,1,2,4,4,1,1,NA,2,8,NA,2,1,3,NA,2,1,3,1,NA,1,1,NA,NA,2,1,NA,5,3,5,1,2,4,3,10,4,3,4,NA,1
PLFEKH_17025,NA,1,NA,NA,NA,NA,NA,NA,NA,NA,NA,1,NA,NA,NA,NA,4,NA,NA,NA,1,NA,NA,NA,1,3,1,NA,NA,NA,1,NA,1,NA,NA,NA,1,NA,2,2,NA,NA,1,NA,NA,NA,NA,1,1,1,NA,3,NA,NA,5,4,2,NA,NA,NA,NA
PLFEKH_17030,4,2,5,9,2,2,3,7,4,3,3,3,5,8,3,2,29,2,1,6,21,9,3,9,26,9,17,2,3,11,8,2,13,3,11,NA,12,6,10,20,7,3,4,1,NA,8,7,4,14,9,10,7,35,12,9,32,16,6,5,1,2
PLFEKH_17035,2,3,NA,1,NA,NA,NA,NA,NA,3,NA,NA,NA,NA,1,NA,11,NA,NA,NA,5,NA,1,NA,1,6,NA,NA,NA,2,6,NA,NA,2,5,NA,NA,1,NA,7,NA,1,NA,NA,NA,4,2,1,2,4,1,1,4,3,1,4,NA,3,12,NA,NA
PLFEKH_17040,2,2,NA,3,NA,NA,1,NA,1,1,NA,NA,4,1,1,1,3,NA,NA,NA,NA,2,NA,NA,2,1,3,NA,1,4,1,NA,3,NA,NA,NA,1,NA,NA,2,NA,NA,NA,NA,NA,NA,1,1,1,NA,NA,NA,2,NA,NA,NA,NA,NA,1,NA,NA
PLFEKH_17045,1,NA,NA,NA,NA,NA,NA,NA,1,NA,NA,NA,4,1,1,1,8,NA,NA,1,1,5,NA,2,4,5,4,NA,2,2,1,NA,1,NA,1,NA,1,NA,NA,3,NA,NA,NA,NA,NA,1,NA,NA,2,1,6,NA,5,2,NA,8,5,NA,1,NA,NA
PLFEKH_17055,11,19,10,19,3,6,2,15,8,6,NA,4,25,7,9,1,64,1,4,3,14,5,10,19,46,32,11,1,4,28,21,NA,27,9,16,3,12,7,32,33,7,3,16,NA,NA,10,12,4,23,7,16,6,27,32,9,40,14,15,8,NA,4
PLFEKH_17060,1,NA,NA,1,NA,NA,NA,NA,NA,NA,1,NA,2,1,NA,NA,NA,NA,NA,NA,NA,NA,1,NA,NA,NA,NA,NA,NA,3,NA,NA,2,NA,NA,NA,NA,NA,1,2,1,NA,NA,NA,NA,NA,NA,NA,NA,NA,NA,NA,NA,1,NA,1,1,NA,NA,NA,NA
PLFEKH_17075,1,2,NA,1,NA,NA,1,NA,3,1,NA,NA,1,2,1,NA,2,NA,NA,NA,NA,1,NA,NA,3,NA,NA,NA,1,5,1,NA,2,NA,1,NA,NA,4,NA,2,3,1,NA,NA,NA,NA,NA,NA,NA,NA,NA,1,1,2,3,2,2,2,NA,NA,NA
PLFEKH_17080,NA,NA,NA,NA,NA,NA,NA,NA,NA,NA,NA,NA,NA,NA,1,NA,NA,NA,NA,NA,NA,NA,NA,NA,NA,NA,NA,NA,NA,NA,NA,NA,NA,NA,NA,NA,NA,NA,NA,NA,NA,NA,NA,NA,NA,NA,NA,NA,NA,NA,1,NA,NA,NA,NA,NA,NA,NA,NA,NA,NA
PLFEKH_17085,3,3,NA,1,NA,NA,1,NA,3,1,2,2,1,1,1,NA,1,3,2,1,1,2,NA,NA,1,1,2,NA,NA,6,3,NA,2,NA,2,3,2,5,7,2,NA,NA,1,NA,NA,3,7,2,5,3,2,4,NA,5,1,1,2,8,3,1,1
PLFEKH_17090,3,4,1,1,2,1,1,NA,2,3,NA,1,2,1,NA,NA,3,1,NA,1,1,1,NA,2,NA,1,2,NA,NA,NA,4,NA,2,NA,NA,NA,2,1,3,1,NA,NA,NA,NA,NA,3,4,2,2,NA,2,NA,1,4,1,5,NA,1,2,NA,NA
PLFEKH_17095,6,2,6,5,5,3,5,4,12,5,2,1,11,3,5,2,18,NA,7,1,10,13,3,8,15,6,6,NA,4,24,14,3,12,1,4,4,4,11,3,14,3,5,4,2,NA,4,9,1,7,5,9,6,7,20,4,17,10,5,10,4,1
PLFEKH_17115,3,NA,1,2,1,1,1,1,NA,NA,NA,NA,1,1,NA,NA,6,1,NA,2,7,NA,NA,1,7,2,NA,NA,NA,2,2,NA,NA,2,5,2,1,1,1,6,NA,1,2,NA,NA,4,1,2,7,NA,2,3,6,4,3,1,NA,2,1,1,NA
PLFEKH_17120,8,6,NA,1,2,3,NA,2,5,1,NA,1,3,1,2,1,11,2,NA,4,10,7,3,3,5,4,6,NA,2,5,4,NA,3,NA,2,NA,2,3,3,5,1,1,7,NA,NA,2,4,2,6,3,3,3,4,7,2,7,3,6,6,NA,NA
PLFEKH_17125,10,7,NA,7,1,NA,2,3,4,5,4,2,8,1,4,NA,20,1,1,1,NA,2,4,NA,5,1,2,1,1,17,6,1,8,2,2,NA,8,2,9,7,1,NA,1,NA,NA,6,6,3,19,3,7,5,15,5,NA,6,1,8,20,NA,3
PLFEKH_17130,NA,NA,NA,NA,NA,NA,NA,NA,NA,2,NA,NA,NA,NA,1,NA,1,NA,NA,1,NA,NA,NA,1,NA,NA,NA,NA,NA,3,2,NA,NA,NA,1,NA,NA,NA,NA,4,NA,NA,1,NA,NA,NA,2,1,2,2,NA,NA,1,4,2,1,NA,NA,2,1,NA
PLFEKH_17135,12,2,5,5,NA,2,3,3,10,5,1,NA,2,6,8,2,34,1,NA,2,7,5,4,14,21,9,11,2,1,12,10,2,17,4,10,NA,7,10,7,3,2,6,7,NA,1,5,7,5,26,5,5,5,14,12,8,11,9,4,12,1,8
PLFEKH_17140,1,NA,NA,NA,NA,NA,NA,NA,2,NA,NA,NA,3,NA,NA,NA,5,NA,NA,NA,NA,1,NA,NA,3,5,1,NA,NA,1,1,NA,3,NA,2,1,NA,NA,2,1,NA,NA,NA,NA,NA,NA,NA,NA,2,1,2,NA,2,1,1,1,NA,4,3,NA,NA
PLFEKH_17145,3,1,NA,NA,NA,NA,NA,1,3,2,NA,1,2,NA,1,NA,8,NA,NA,1,2,1,1,1,1,1,4,NA,NA,NA,NA,2,4,NA,2,NA,2,NA,1,4,1,NA,2,NA,NA,2,3,1,3,NA,2,NA,NA,2,2,5,1,1,2,NA,2
PLFEKH_17150,6,2,7,4,1,1,NA,2,4,NA,2,4,2,2,3,1,6,2,NA,1,4,8,1,3,5,2,4,2,NA,4,2,1,7,NA,4,1,3,4,2,4,1,NA,3,NA,NA,NA,5,NA,4,NA,1,4,7,10,2,5,3,6,5,2,2
PLFEKH_17155,NA,NA,1,NA,NA,NA,NA,NA,2,1,NA,NA,8,NA,NA,NA,9,NA,NA,NA,2,3,1,NA,1,1,2,NA,NA,2,NA,NA,NA,NA,NA,NA,NA,NA,1,NA,NA,NA,NA,NA,NA,1,NA,NA,NA,NA,1,NA,1,1,NA,1,NA,2,3,1,NA
PLFEKH_17160,3,2,2,2,NA,1,NA,NA,5,2,2,2,2,NA,1,1,9,2,NA,NA,4,3,NA,NA,1,4,2,NA,NA,5,1,1,2,NA,2,NA,4,3,5,6,1,1,2,NA,NA,NA,4,1,2,NA,1,5,8,10,2,7,2,2,6,NA,1
PLFEKH_17165,1,1,4,NA,NA,NA,NA,NA,1,NA,1,NA,NA,2,NA,NA,1,NA,NA,NA,1,NA,NA,1,4,NA,NA,NA,NA,5,2,NA,NA,NA,NA,1,NA,2,2,2,NA,NA,1,NA,NA,1,1,2,1,NA,NA,NA,3,2,1,1,NA,1,1,NA,NA
PLFEKH_17170,1,NA,NA,NA,NA,NA,NA,NA,1,NA,NA,NA,NA,NA,NA,NA,1,NA,NA,NA,1,NA,NA,NA,1,NA,1,NA,1,2,NA,NA,1,NA,NA,NA,NA,3,NA,3,1,2,2,NA,NA,1,2,NA,1,NA,3,1,5,1,1,4,3,1,3,NA,NA
PLFEKH_17175,6,9,4,3,6,1,1,2,2,11,NA,NA,2,1,3,NA,28,1,NA,3,11,1,3,16,30,12,6,NA,NA,7,18,NA,13,4,11,NA,3,6,16,34,4,1,12,NA,NA,12,2,2,12,5,12,9,25,24,12,20,13,16,10,NA,2
PLFEKH_17180,NA,NA,NA,NA,NA,NA,NA,NA,NA,NA,NA,NA,NA,NA,NA,NA,NA,NA,NA,NA,1,NA,NA,NA,1,1,1,NA,NA,NA,1,NA,NA,1,1,NA,NA,NA,1,1,NA,NA,NA,NA,NA,NA,NA,NA,NA,1,NA,NA,NA,NA,NA,NA,NA,3,1,NA,NA
PLFEKH_17185,3,5,4,3,9,5,2,6,9,6,NA,3,3,4,5,NA,47,3,NA,3,21,6,6,2,24,26,10,NA,NA,21,20,1,26,3,16,1,4,5,18,43,10,1,7,NA,NA,11,10,9,19,4,6,11,29,21,21,37,22,21,10,1,6
PLFEKH_17195,4,2,NA,4,1,6,NA,1,2,6,1,1,NA,NA,2,1,26,1,NA,NA,12,2,1,NA,12,10,3,NA,NA,12,10,NA,4,NA,9,NA,5,3,6,16,6,2,2,NA,NA,8,4,6,4,3,4,5,13,11,9,23,5,12,5,NA,1
PLFEKH_17200,1,3,1,2,1,NA,1,2,2,2,1,1,NA,2,NA,NA,5,1,NA,1,2,2,1,1,6,3,3,NA,NA,5,5,NA,9,1,3,NA,1,2,3,5,1,NA,1,NA,NA,1,1,NA,3,2,2,2,4,5,1,8,1,2,5,NA,4
PLFEKH_17205,2,12,NA,NA,6,1,NA,NA,3,5,NA,NA,1,NA,NA,NA,27,NA,NA,NA,8,NA,2,1,11,9,8,NA,NA,2,18,NA,9,2,7,NA,NA,3,10,22,4,NA,3,NA,NA,18,NA,8,4,15,2,5,8,4,17,40,10,9,12,NA,NA
PLFEKH_17210,1,NA,1,NA,1,NA,NA,NA,NA,2,NA,NA,1,NA,1,NA,3,NA,NA,NA,NA,3,NA,NA,NA,2,NA,1,NA,2,NA,NA,1,4,1,NA,NA,1,NA,NA,1,1,NA,NA,NA,1,NA,NA,NA,1,NA,NA,2,NA,NA,2,2,NA,NA,NA,NA
PLFEKH_17215,NA,2,NA,NA,NA,3,NA,NA,2,2,NA,NA,NA,NA,NA,NA,9,NA,NA,NA,2,NA,NA,4,5,4,2,NA,NA,NA,7,NA,3,NA,8,NA,NA,5,7,5,NA,1,2,NA,NA,5,1,NA,4,2,4,1,4,7,NA,3,NA,2,3,NA,NA
PLFEKH_17220,14,13,8,9,2,4,2,2,6,6,3,1,14,7,7,NA,30,2,NA,2,1,1,1,3,5,3,6,NA,1,11,6,NA,13,1,7,5,8,4,4,5,3,NA,4,NA,NA,6,7,4,6,4,12,8,13,8,4,9,NA,11,14,NA,6
PLFEKH_17225,2,13,1,3,1,7,2,1,3,5,NA,NA,7,2,NA,NA,6,3,3,2,9,1,5,NA,5,2,2,NA,NA,8,10,NA,12,4,6,1,1,3,9,9,7,NA,8,NA,NA,3,3,1,9,7,7,3,4,3,7,9,3,6,3,NA,NA
PLFEKH_17230,11,42,NA,4,4,6,1,5,7,7,NA,3,23,1,5,2,31,6,NA,3,13,7,10,NA,12,9,5,NA,NA,20,31,3,31,2,23,NA,4,NA,17,10,4,2,6,NA,NA,16,6,5,18,3,9,10,19,6,12,10,3,22,25,2,2
PLFEKH_17235,3,7,NA,4,NA,2,1,NA,NA,2,NA,NA,4,1,NA,NA,10,NA,NA,NA,3,1,2,1,1,2,3,NA,NA,2,7,NA,7,3,4,1,1,NA,5,2,1,NA,5,NA,NA,3,2,NA,1,1,1,1,3,1,1,4,NA,3,6,1,1
PLFEKH_17240,1,2,NA,NA,NA,NA,1,NA,NA,NA,NA,1,1,NA,NA,1,4,NA,NA,NA,NA,1,1,NA,1,NA,NA,NA,NA,NA,2,NA,3,NA,2,NA,1,1,NA,1,NA,NA,NA,NA,NA,NA,1,1,4,NA,NA,2,NA,1,NA,1,NA,NA,1,NA,NA
PLFEKH_17245,6,5,1,2,3,1,NA,4,6,6,2,1,6,1,3,NA,15,2,NA,NA,3,NA,2,NA,1,NA,3,NA,1,4,12,NA,7,1,1,NA,3,3,3,5,5,NA,2,NA,2,3,5,2,8,6,9,2,8,4,2,1,1,2,10,NA,1
PLFEKH_17250,14,5,1,3,NA,4,1,2,2,3,1,1,8,8,2,NA,15,1,1,2,6,1,4,5,6,1,5,NA,2,20,10,NA,14,2,6,NA,3,2,4,13,3,5,4,NA,NA,6,8,2,14,6,8,5,12,2,4,8,NA,10,13,1,1
PLFEKH_17255,1,1,NA,2,1,1,NA,NA,NA,NA,NA,NA,1,NA,NA,NA,5,NA,NA,NA,1,1,NA,1,7,2,1,NA,NA,4,3,NA,1,NA,1,NA,NA,2,NA,8,2,1,3,NA,NA,1,1,1,2,1,1,NA,2,5,1,2,2,1,3,NA,NA
PLFEKH_17270,7,4,1,2,3,6,NA,3,3,4,1,1,3,NA,7,NA,15,NA,NA,NA,7,7,4,NA,14,11,11,NA,NA,15,9,NA,8,1,5,NA,3,2,6,13,3,NA,5,NA,NA,5,7,NA,16,NA,2,NA,6,13,12,24,5,7,11,NA,2
PLFEKH_17275,NA,NA,1,NA,NA,NA,NA,NA,NA,NA,NA,NA,NA,NA,NA,NA,NA,NA,NA,NA,NA,NA,NA,2,1,NA,1,NA,NA,NA,NA,NA,NA,NA,NA,NA,NA,NA,NA,1,NA,NA,NA,NA,NA,NA,NA,NA,NA,NA,NA,NA,NA,NA,NA,1,NA,NA,NA,NA,NA
PLFEKH_17280,1,2,5,2,NA,NA,1,2,1,2,1,1,NA,5,2,NA,12,2,1,NA,2,5,NA,3,6,2,5,NA,2,7,4,NA,5,1,2,1,2,NA,2,7,2,1,5,1,NA,4,NA,2,3,4,12,6,2,13,7,3,4,8,5,4,NA
PLFEKH_17285,11,7,2,3,3,7,3,2,8,6,3,NA,3,5,5,NA,26,3,3,3,15,9,5,5,6,8,9,NA,NA,16,8,NA,18,1,10,NA,5,3,13,25,4,2,7,NA,NA,2,7,3,14,4,11,2,12,9,11,27,5,10,20,2,4
PLFEKH_17295,3,1,NA,NA,NA,NA,NA,1,1,NA,2,NA,8,1,1,NA,2,NA,1,NA,3,2,1,NA,2,1,1,NA,NA,2,4,NA,8,NA,1,NA,NA,2,NA,1,NA,NA,NA,NA,NA,NA,2,NA,2,NA,2,NA,NA,3,1,NA,NA,NA,3,NA,3
PLFEKH_17300,5,3,4,6,4,2,2,NA,3,3,3,NA,4,3,6,1,10,1,NA,1,7,2,1,2,4,7,3,1,NA,5,7,NA,5,NA,4,1,4,2,3,5,NA,NA,4,NA,NA,3,NA,1,4,2,6,4,8,17,6,5,2,4,5,1,4
PLFEKH_17310,2,NA,NA,NA,NA,NA,NA,NA,2,1,NA,NA,1,NA,NA,NA,6,NA,NA,NA,2,1,NA,1,1,2,NA,NA,NA,4,1,NA,NA,2,3,NA,1,NA,2,4,NA,NA,3,NA,NA,6,1,NA,2,5,3,3,6,NA,2,5,1,8,4,NA,NA
PLFEKH_17315,2,NA,7,4,1,NA,NA,1,3,NA,1,1,5,3,3,1,6,2,NA,2,3,4,1,9,10,5,2,NA,1,6,2,NA,8,2,2,1,3,3,1,7,NA,2,5,NA,NA,NA,2,1,5,1,5,4,5,7,3,7,2,1,5,1,1
PLFEKH_17320,2,NA,NA,1,1,1,NA,1,1,NA,NA,NA,NA,NA,1,NA,3,NA,NA,NA,3,1,NA,1,1,4,2,NA,1,1,2,NA,4,NA,NA,NA,NA,3,1,6,2,1,3,NA,NA,1,2,1,3,NA,3,1,1,2,1,5,2,1,1,1,NA
PLFEKH_17330,2,10,NA,NA,2,5,NA,NA,3,12,NA,NA,11,2,NA,NA,10,NA,NA,NA,6,1,2,NA,6,5,2,NA,NA,4,4,NA,5,2,6,NA,NA,3,13,7,NA,NA,6,NA,NA,NA,2,1,1,1,NA,3,5,8,9,5,3,13,5,NA,NA
PLFEKH_17335,NA,NA,NA,NA,NA,NA,NA,NA,2,NA,1,1,1,NA,NA,NA,NA,NA,NA,NA,1,2,1,NA,2,NA,NA,NA,NA,NA,1,NA,NA,NA,1,NA,1,1,2,2,NA,1,NA,NA,NA,1,NA,NA,NA,NA,NA,1,1,4,NA,3,1,1,1,NA,1
PLFEKH_17340,5,4,1,6,2,5,NA,4,NA,3,NA,NA,2,2,2,NA,13,2,NA,NA,4,1,1,3,4,5,3,1,NA,11,13,NA,12,2,9,1,5,2,6,3,4,1,4,NA,NA,7,2,3,9,3,1,7,8,2,7,10,4,16,6,NA,2
PLFEKH_17345,3,10,3,4,5,3,1,3,5,5,NA,1,1,8,3,NA,31,NA,NA,3,9,2,1,4,22,21,8,NA,NA,22,22,1,13,6,11,NA,6,1,21,16,6,4,10,NA,NA,13,7,6,14,10,6,10,24,8,14,23,8,19,14,1,3
PLFEKH_17350,NA,NA,NA,NA,NA,1,NA,NA,NA,1,NA,NA,NA,NA,NA,NA,4,NA,NA,NA,NA,NA,NA,NA,NA,NA,1,NA,NA,1,1,NA,1,1,2,NA,1,1,2,2,1,NA,NA,NA,NA,NA,NA,2,NA,1,NA,NA,1,1,2,3,NA,2,2,NA,NA
PLFEKH_17355,6,5,4,3,2,2,1,1,3,9,3,4,4,3,5,NA,9,2,NA,3,8,5,4,2,7,11,7,2,NA,9,9,1,11,1,6,NA,1,4,7,10,4,1,3,NA,NA,4,3,3,4,5,1,3,5,17,6,7,9,11,11,1,NA
PLFEKH_17365,5,1,2,NA,NA,2,2,2,2,2,1,NA,6,NA,NA,1,6,1,NA,1,2,1,2,1,3,3,3,NA,1,2,2,NA,3,NA,NA,NA,NA,1,1,NA,NA,NA,1,NA,NA,NA,1,NA,3,NA,2,1,1,6,3,4,1,NA,1,NA,NA
PLFEKH_17370,14,6,2,4,2,2,1,2,13,5,4,2,19,2,4,NA,15,3,1,NA,10,8,5,7,22,12,6,4,2,5,4,NA,9,1,2,1,6,8,5,11,2,5,4,NA,NA,NA,4,2,13,3,4,4,17,23,5,16,3,4,13,5,4
PLFEKH_17380,9,9,5,NA,8,3,2,4,7,4,4,1,6,2,6,NA,34,NA,NA,2,16,2,NA,2,5,7,2,NA,NA,8,13,NA,7,3,7,3,6,1,7,3,NA,1,6,NA,NA,14,3,4,11,10,5,6,15,5,3,4,1,10,14,NA,2
PLFEKH_17385,7,1,5,5,1,1,1,3,4,2,NA,NA,7,3,3,2,16,1,1,2,11,8,4,5,11,6,14,2,4,8,3,1,11,1,10,2,7,7,8,11,2,5,3,NA,NA,3,2,3,12,1,4,1,9,9,1,14,13,6,6,2,4
PLFEKH_17390,4,1,2,1,1,1,NA,2,2,1,NA,NA,2,1,2,NA,6,1,NA,1,3,1,5,NA,2,3,7,1,1,1,2,NA,9,NA,4,1,1,NA,1,4,3,NA,NA,1,NA,NA,2,1,9,NA,1,1,4,4,2,8,7,1,3,1,2
PLFEKH_17395,6,2,7,2,NA,NA,2,4,6,2,1,3,2,1,4,NA,18,2,3,2,2,8,1,7,13,7,7,NA,1,10,7,NA,3,2,6,1,3,4,7,7,1,6,6,NA,NA,2,6,5,7,NA,10,3,5,10,6,15,5,1,8,3,3
PLFEKH_17400,7,8,18,11,1,3,2,7,7,2,3,1,14,15,13,4,47,3,1,4,4,10,12,59,70,18,22,3,5,16,7,1,7,7,15,4,14,15,11,22,5,7,15,NA,NA,7,9,3,6,4,18,7,43,26,9,53,18,8,8,1,6
PLFEKH_17405,22,4,8,5,2,4,3,6,7,6,1,3,4,2,3,1,13,1,1,2,2,4,NA,4,1,1,2,NA,NA,14,6,2,19,1,2,1,4,4,4,6,1,2,2,NA,NA,2,7,1,9,2,10,7,7,1,2,3,2,7,7,3,7
PLFEKH_17420,4,5,2,2,1,1,NA,5,NA,NA,NA,3,4,1,NA,NA,15,1,NA,2,4,NA,3,3,9,5,3,NA,NA,5,8,NA,10,1,5,1,4,1,1,13,6,NA,7,NA,NA,4,NA,1,7,1,8,3,7,12,7,17,3,3,2,2,1
PLFEKH_17435,1,NA,1,NA,NA,NA,NA,1,1,NA,NA,NA,1,NA,NA,NA,2,1,1,NA,NA,NA,NA,NA,NA,NA,NA,NA,NA,NA,NA,NA,NA,NA,1,NA,NA,2,NA,NA,NA,NA,NA,NA,NA,1,NA,NA,3,NA,1,NA,2,NA,2,1,NA,1,NA,NA,NA
PLFEKH_17440,3,NA,5,2,1,NA,1,1,NA,NA,1,NA,1,1,3,NA,6,NA,1,1,2,4,NA,5,3,3,1,NA,NA,7,4,1,3,NA,NA,1,1,3,2,7,NA,3,NA,NA,NA,7,2,1,1,NA,2,2,1,7,4,6,3,1,NA,1,2
PLFEKH_17450,1,NA,2,1,NA,1,1,NA,2,NA,1,NA,1,NA,NA,NA,6,NA,NA,3,1,1,1,2,1,1,3,1,1,2,4,NA,1,1,2,1,3,2,2,1,NA,NA,1,1,1,5,1,1,2,1,1,1,7,2,1,12,1,NA,3,1,1
PLFEKH_17455,1,1,1,1,NA,NA,1,NA,NA,NA,1,NA,NA,1,NA,NA,1,1,NA,2,NA,NA,NA,1,3,3,3,NA,1,2,3,NA,2,NA,4,NA,1,1,1,1,NA,1,NA,NA,NA,1,NA,NA,1,2,2,2,5,6,2,4,2,1,2,1,1
PLFEKH_17460,5,2,NA,NA,3,2,1,2,1,1,NA,2,NA,2,1,NA,9,NA,1,2,4,2,1,2,2,1,3,NA,NA,7,6,NA,10,1,6,NA,2,3,3,8,NA,NA,3,NA,NA,3,3,5,6,2,9,3,8,3,4,10,2,3,6,2,1
PLFEKH_17465,5,4,10,6,NA,4,1,2,3,2,2,NA,13,4,1,NA,12,2,2,2,8,4,1,2,3,2,5,2,4,7,4,1,14,1,9,NA,5,4,4,4,1,3,6,NA,2,2,8,5,9,1,3,2,8,10,2,7,3,4,11,1,2
PLFEKH_17470,NA,NA,NA,1,1,NA,NA,NA,NA,1,NA,1,NA,NA,NA,NA,1,1,NA,1,NA,NA,NA,3,2,NA,1,NA,NA,NA,NA,NA,2,NA,1,NA,1,2,NA,1,3,1,1,NA,NA,NA,NA,NA,NA,NA,NA,1,1,1,NA,2,NA,NA,NA,NA,NA
PLFEKH_17480,NA,NA,NA,NA,NA,NA,NA,NA,NA,1,NA,NA,NA,NA,NA,NA,1,1,1,NA,NA,NA,NA,NA,1,NA,NA,NA,NA,1,NA,NA,NA,NA,NA,NA,NA,NA,NA,NA,1,NA,1,NA,NA,NA,NA,2,NA,NA,1,NA,1,1,NA,NA,2,NA,NA,NA,1
PLFEKH_17485,5,4,3,2,4,NA,1,1,4,4,2,2,1,1,NA,1,12,3,NA,3,6,4,2,4,7,4,2,NA,2,9,10,NA,4,NA,8,NA,4,5,8,9,3,3,6,NA,NA,6,6,5,8,2,11,4,6,10,4,7,4,9,6,2,3
PLFEKH_17490,NA,NA,NA,NA,NA,NA,NA,NA,NA,NA,NA,NA,NA,NA,NA,NA,NA,NA,NA,NA,NA,NA,NA,NA,NA,NA,NA,NA,NA,1,NA,NA,NA,NA,NA,NA,NA,NA,NA,NA,NA,NA,NA,NA,NA,NA,NA,NA,NA,NA,NA,NA,NA,NA,NA,NA,NA,NA,NA,NA,NA
PLFEKH_17495,1,NA,3,NA,NA,NA,NA,NA,1,NA,NA,NA,NA,NA,NA,NA,1,NA,NA,1,1,NA,NA,NA,1,NA,1,NA,1,2,1,NA,1,NA,1,1,NA,NA,NA,NA,NA,NA,NA,NA,NA,NA,3,NA,1,NA,NA,NA,NA,NA,NA,2,1,3,1,NA,1
PLFEKH_17500,10,1,4,3,1,NA,2,4,6,5,NA,1,5,1,1,1,13,2,3,2,7,3,1,4,10,6,5,NA,2,7,4,1,7,1,4,1,4,4,4,16,3,4,7,NA,NA,2,3,NA,5,3,6,4,6,7,8,11,5,5,5,NA,7
PLFEKH_17505,14,9,NA,6,1,1,4,3,10,7,NA,NA,10,1,5,1,22,NA,NA,NA,8,3,3,5,6,8,6,NA,1,12,13,1,9,1,3,1,8,1,10,6,NA,3,2,NA,NA,7,9,4,8,3,9,2,5,4,NA,7,6,5,2,2,6
PLFEKH_17545,2,3,3,1,1,2,1,3,4,2,NA,3,1,NA,2,NA,9,1,NA,2,2,3,3,1,6,7,4,NA,1,8,4,1,11,3,2,NA,NA,1,4,6,4,NA,5,NA,NA,1,1,1,7,4,7,5,9,4,7,12,5,6,7,2,NA
PLFEKH_17605,1,NA,NA,NA,NA,NA,NA,NA,NA,1,NA,1,NA,1,NA,NA,1,NA,NA,NA,NA,1,NA,NA,NA,NA,NA,1,1,NA,1,NA,1,NA,NA,NA,1,1,NA,NA,NA,NA,1,NA,NA,NA,NA,NA,1,NA,NA,1,NA,NA,2,3,NA,NA,NA,NA,NA
PLFEKH_17610,5,6,1,1,3,3,NA,1,1,4,4,1,3,3,1,NA,7,NA,NA,4,8,2,5,NA,8,6,3,NA,1,6,9,NA,6,NA,9,1,1,2,8,13,1,1,2,NA,NA,7,7,2,5,2,NA,1,9,8,7,14,2,14,11,NA,2
PLFEKH_17625,2,1,NA,4,NA,NA,NA,NA,1,1,NA,NA,NA,1,1,NA,2,NA,1,NA,NA,NA,1,2,5,2,1,NA,NA,7,NA,NA,1,1,1,NA,NA,4,3,5,2,1,3,NA,NA,1,NA,NA,2,1,4,NA,4,6,NA,3,NA,3,NA,NA,NA
PLFEKH_17685,3,5,3,2,5,4,NA,NA,5,2,1,NA,3,1,1,NA,29,3,NA,2,10,4,7,NA,9,8,3,NA,NA,8,13,NA,11,NA,14,1,1,5,16,20,1,NA,2,NA,NA,6,5,3,10,7,5,4,6,11,11,20,2,17,8,NA,1
PLFEKH_17700,5,NA,2,1,1,1,1,NA,1,1,NA,NA,NA,NA,1,NA,NA,NA,1,NA,NA,NA,NA,1,2,1,NA,NA,NA,3,1,1,1,NA,2,NA,NA,1,NA,3,2,NA,1,NA,NA,4,NA,NA,1,NA,1,2,1,1,NA,4,NA,1,NA,NA,NA
PLFEKH_17715,8,1,1,1,2,1,2,1,1,1,2,3,4,1,5,NA,10,1,2,NA,2,3,2,3,7,3,4,1,1,5,2,NA,5,NA,5,NA,1,3,1,14,3,NA,1,NA,NA,2,5,1,4,NA,4,2,7,6,3,11,3,2,7,NA,4
PLFEKH_17760,4,6,1,NA,1,3,NA,NA,7,7,2,1,1,NA,3,NA,4,NA,NA,3,3,1,1,2,6,7,1,NA,NA,3,2,NA,5,1,4,NA,NA,5,1,7,4,NA,5,NA,NA,3,4,NA,4,NA,1,NA,1,3,6,4,4,2,3,NA,3
PLFEKH_17765,5,3,4,NA,NA,NA,1,3,4,2,1,2,6,1,NA,NA,8,NA,1,1,7,3,2,3,6,1,4,NA,2,3,4,1,4,3,6,2,5,5,2,6,1,NA,2,NA,NA,1,2,NA,5,1,4,1,4,5,2,8,2,NA,6,NA,NA
PLFEKH_17775,2,2,NA,1,1,2,NA,NA,1,2,NA,2,NA,NA,NA,NA,3,NA,NA,NA,3,2,2,NA,1,2,4,NA,NA,6,4,NA,3,NA,1,NA,NA,NA,3,4,1,NA,NA,NA,NA,1,1,2,2,1,1,NA,6,4,3,5,2,6,6,NA,1
PLFEKH_17780,8,16,6,1,4,4,2,7,8,8,3,3,9,2,9,NA,45,2,NA,1,23,10,7,6,16,13,10,NA,3,26,13,NA,20,2,15,NA,4,4,14,22,8,1,12,NA,NA,6,2,4,17,5,18,4,21,20,8,20,12,11,18,2,7
PLFEKH_17815,7,3,3,2,NA,NA,NA,1,3,2,2,NA,NA,2,4,NA,2,NA,2,NA,1,3,NA,3,3,1,4,1,1,2,3,1,6,NA,1,3,3,NA,3,3,5,2,2,NA,1,4,1,1,3,1,3,3,8,12,1,5,5,3,1,1,1
PLFEKH_17820,NA,NA,1,1,NA,NA,NA,NA,1,NA,NA,1,6,1,1,NA,1,NA,NA,1,NA,4,NA,2,1,2,1,NA,NA,2,3,NA,NA,NA,1,NA,NA,1,1,9,NA,1,1,NA,NA,1,3,NA,NA,2,2,1,2,3,2,6,1,NA,1,NA,1
PLFEKH_17825,2,2,5,6,3,1,NA,NA,1,NA,1,4,4,5,1,2,4,3,2,1,4,5,3,3,3,3,NA,NA,5,5,1,NA,4,2,NA,NA,1,4,1,7,NA,2,3,NA,NA,5,1,2,3,NA,3,2,4,6,1,4,NA,1,1,3,NA
PLFEKH_17830,7,2,7,4,1,1,3,NA,6,1,4,1,NA,2,1,2,2,2,1,1,2,3,5,6,NA,1,NA,NA,2,8,1,2,2,1,1,6,NA,7,NA,6,4,3,NA,1,NA,4,1,5,3,2,1,1,NA,7,2,8,3,3,2,2,3
PLFEKH_17835,2,3,3,5,5,3,4,3,8,4,NA,NA,7,4,3,3,13,3,1,3,7,1,4,3,10,11,9,NA,2,11,5,2,13,3,4,2,10,5,12,16,11,3,14,NA,NA,6,2,6,7,9,3,10,6,12,9,9,3,3,14,1,4
PLFEKH_17855,NA,1,NA,NA,NA,1,NA,NA,1,NA,NA,NA,4,NA,NA,NA,2,NA,NA,NA,1,NA,2,1,1,NA,NA,NA,NA,2,3,NA,NA,1,1,NA,NA,NA,2,3,NA,NA,1,NA,NA,NA,NA,NA,NA,NA,NA,1,NA,1,NA,4,NA,NA,NA,NA,NA
PLFEKH_17915,NA,1,2,NA,2,NA,NA,NA,1,NA,NA,2,NA,NA,1,NA,1,NA,NA,1,3,1,NA,1,2,1,1,NA,1,2,1,NA,2,NA,3,NA,NA,3,1,2,1,1,3,NA,NA,NA,2,1,NA,NA,3,1,NA,1,1,4,NA,1,2,NA,NA
PLFEKH_17920,4,3,1,1,NA,NA,NA,2,5,NA,NA,1,3,3,2,NA,8,1,NA,1,3,4,NA,2,2,4,2,NA,NA,2,2,NA,4,2,2,NA,4,NA,1,5,2,1,3,1,NA,3,3,2,3,NA,4,2,3,4,1,6,4,2,5,NA,NA
PLFEKH_17925,1,15,NA,NA,5,5,1,NA,4,9,NA,1,4,NA,NA,NA,31,1,NA,3,18,2,4,2,17,16,7,NA,NA,8,18,NA,14,5,5,NA,4,1,17,17,3,2,9,NA,NA,10,4,7,15,8,7,5,11,16,10,31,6,17,10,NA,1
PLFEKH_17945,NA,NA,1,NA,NA,NA,NA,NA,1,2,NA,NA,NA,NA,1,NA,1,NA,1,NA,NA,1,NA,NA,2,NA,1,1,1,2,1,NA,NA,NA,1,2,1,NA,1,4,1,NA,2,NA,1,NA,1,NA,2,NA,4,2,NA,NA,NA,3,1,NA,NA,NA,NA
PLFEKH_17950,4,NA,NA,1,NA,1,NA,NA,2,NA,1,1,5,1,NA,NA,7,NA,NA,NA,2,NA,NA,3,6,3,NA,NA,1,3,2,NA,1,NA,1,NA,1,3,1,3,1,NA,2,NA,NA,NA,NA,NA,NA,NA,4,2,4,8,1,2,2,NA,NA,NA,1
PLFEKH_17960,NA,NA,NA,NA,NA,NA,NA,NA,NA,NA,NA,NA,NA,NA,NA,NA,1,NA,NA,NA,NA,NA,NA,NA,NA,1,NA,NA,NA,NA,NA,NA,NA,NA,1,NA,NA,NA,NA,NA,NA,NA,NA,NA,NA,NA,2,NA,1,1,1,NA,NA,NA,NA,NA,1,NA,NA,NA,NA
PLFEKH_17965,7,1,5,2,NA,2,NA,3,3,1,1,1,13,5,NA,2,15,3,2,2,9,4,2,10,11,7,10,NA,2,8,3,NA,4,NA,2,NA,4,3,3,3,2,1,1,NA,NA,NA,1,2,6,3,5,4,14,7,3,16,3,2,NA,5,3
PLFEKH_17970,2,2,NA,NA,NA,NA,NA,NA,1,1,1,1,NA,2,NA,NA,2,NA,1,NA,4,2,1,1,NA,2,NA,1,NA,1,2,NA,NA,NA,NA,NA,1,1,1,NA,1,NA,2,NA,NA,1,1,NA,3,2,NA,1,2,3,NA,3,1,NA,NA,NA,NA
PLFEKH_17975,17,7,2,9,3,NA,NA,7,12,11,2,1,11,6,9,NA,20,1,4,3,15,11,9,5,12,6,6,1,7,16,17,NA,26,1,21,1,13,8,10,20,3,5,5,NA,NA,7,6,4,6,2,8,3,14,25,8,22,12,8,9,4,10
PLFEKH_17980,5,1,NA,NA,2,3,NA,1,4,3,2,NA,2,NA,1,NA,16,1,NA,3,7,2,NA,4,3,9,5,NA,NA,6,13,NA,9,NA,5,NA,NA,1,3,11,1,NA,2,NA,NA,3,1,1,5,7,3,6,8,7,5,14,NA,14,4,NA,1
PLFEKH_17985,23,22,9,8,6,6,4,9,20,16,3,6,8,15,6,NA,49,5,3,3,27,7,13,10,25,27,22,1,6,10,42,2,34,2,20,2,9,4,21,35,17,1,13,NA,3,11,16,11,22,6,16,5,41,35,37,56,22,24,19,8,20
PLFEKH_17990,2,1,1,2,1,NA,NA,NA,2,NA,NA,1,1,NA,1,NA,9,1,NA,1,4,2,NA,2,1,1,2,NA,NA,4,4,NA,5,NA,NA,NA,1,NA,1,8,NA,2,2,NA,NA,1,NA,1,4,3,3,NA,9,3,1,9,1,2,3,NA,1
PLFEKH_17995,6,5,4,3,NA,NA,NA,1,2,1,1,3,4,2,2,NA,16,2,NA,3,3,4,2,1,6,7,4,1,NA,5,5,1,10,NA,4,1,1,2,1,13,4,NA,NA,2,NA,3,4,NA,7,2,9,2,11,13,2,9,6,3,3,NA,1
PLFEKH_18005,2,5,NA,NA,NA,NA,NA,NA,NA,1,NA,NA,NA,NA,NA,NA,6,2,NA,NA,4,1,NA,1,2,1,4,NA,NA,4,1,NA,3,1,1,1,1,NA,NA,5,1,NA,1,NA,NA,1,2,1,2,1,NA,3,2,1,1,5,NA,3,3,2,1
PLFEKH_18010,1,2,2,1,NA,4,1,1,2,4,NA,6,3,1,NA,NA,9,1,3,1,2,3,NA,2,10,4,2,NA,NA,15,11,1,9,3,4,1,5,4,13,7,3,2,3,NA,NA,4,5,6,12,2,5,5,10,8,6,3,2,13,14,2,1
PLFEKH_18015,2,NA,NA,NA,NA,2,NA,NA,NA,NA,NA,NA,NA,NA,NA,NA,6,NA,NA,NA,NA,NA,NA,NA,10,5,4,NA,NA,NA,2,NA,4,3,1,NA,NA,NA,2,8,NA,NA,3,NA,NA,4,NA,NA,2,5,3,1,2,6,1,5,1,NA,3,NA,NA
PLFEKH_18020,4,26,5,3,8,12,2,8,25,17,2,NA,12,7,4,1,25,NA,NA,3,21,5,2,6,22,21,10,NA,NA,13,11,NA,13,7,28,3,9,5,32,27,9,6,16,NA,NA,17,9,7,19,12,11,3,4,40,18,24,10,37,17,2,3
PLFEKH_18025,9,4,6,8,3,2,NA,3,6,2,1,NA,5,4,5,1,10,4,3,3,16,2,2,6,6,5,4,2,4,16,12,3,5,1,4,2,6,4,8,14,7,3,4,NA,1,9,9,9,8,3,9,9,8,15,4,16,6,13,7,2,10
PLFEKH_18030,7,2,7,7,3,1,3,1,4,2,NA,1,12,2,4,2,9,NA,2,1,4,4,3,2,1,3,1,2,1,10,4,1,6,1,4,1,NA,3,1,4,3,2,1,NA,NA,3,4,3,4,3,2,8,5,3,4,3,1,9,8,3,1
PLFEKH_18040,7,1,4,2,2,NA,NA,1,2,2,1,NA,5,2,1,2,9,1,1,2,NA,4,1,6,5,6,3,2,1,8,NA,2,3,1,2,2,1,2,10,1,1,6,1,NA,2,1,5,3,3,2,6,NA,9,9,1,12,3,3,1,3,3
PLFEKH_18045,7,1,6,7,2,1,3,2,3,2,1,4,3,7,1,2,12,3,1,4,7,3,3,11,11,7,8,NA,NA,9,4,NA,16,NA,7,3,6,6,4,10,2,4,4,NA,NA,4,3,3,10,7,8,5,13,15,4,12,4,3,4,2,2
PLFEKH_18050,1,NA,NA,1,3,2,1,NA,NA,NA,NA,NA,NA,NA,NA,NA,9,NA,NA,NA,5,NA,NA,1,3,12,1,NA,NA,1,4,NA,2,1,1,NA,2,NA,4,9,NA,NA,3,NA,NA,4,NA,4,3,NA,1,4,4,8,6,7,1,2,1,NA,NA
PLFEKH_18055,2,4,1,2,NA,2,1,NA,1,3,NA,2,1,NA,1,NA,12,NA,NA,1,3,1,2,1,NA,6,3,NA,NA,4,3,NA,9,1,4,1,1,1,8,7,NA,NA,3,NA,NA,4,1,1,11,6,4,6,5,4,6,5,2,8,4,NA,2
PLFEKH_18060,NA,9,NA,NA,3,1,NA,NA,1,2,NA,1,NA,NA,NA,NA,12,NA,NA,NA,2,1,2,NA,9,2,4,NA,NA,3,11,NA,5,3,2,NA,NA,NA,6,18,3,NA,1,NA,NA,17,NA,4,3,13,NA,7,6,1,8,18,3,8,10,NA,NA
PLFEKH_18070,2,5,NA,NA,3,1,NA,NA,NA,1,NA,1,2,1,NA,NA,17,NA,NA,NA,3,1,2,NA,4,4,3,NA,NA,3,8,NA,3,5,5,NA,NA,NA,9,11,3,NA,3,NA,NA,6,NA,3,3,13,NA,4,2,3,11,7,2,9,4,NA,NA
PLFEKH_18080,2,4,NA,1,2,3,NA,1,4,1,NA,4,1,NA,1,NA,8,NA,NA,1,4,1,5,3,2,2,5,NA,NA,6,7,NA,6,2,6,NA,2,2,4,11,2,NA,2,NA,NA,3,4,2,5,NA,1,2,4,8,2,11,3,6,7,1,NA
PLFEKH_18085,19,12,15,7,NA,3,2,4,3,7,4,2,14,7,10,4,38,1,2,5,9,20,9,17,20,13,31,4,2,21,14,2,17,3,17,4,7,8,11,12,5,6,11,NA,NA,5,10,3,11,2,21,4,10,23,19,36,13,6,11,5,3
PLFEKH_18090,NA,5,NA,1,3,1,NA,NA,1,7,2,1,3,NA,1,NA,4,NA,NA,1,4,1,1,NA,5,6,3,NA,NA,6,4,NA,4,NA,5,NA,1,2,4,7,1,NA,2,NA,NA,5,4,NA,5,NA,1,2,2,4,1,11,NA,6,8,NA,1
PLFEKH_18100,NA,NA,1,NA,NA,NA,NA,NA,2,NA,NA,NA,NA,1,1,NA,1,NA,NA,NA,1,NA,NA,1,4,5,1,NA,NA,1,3,NA,NA,NA,NA,NA,1,1,NA,2,2,NA,2,NA,NA,1,1,NA,1,NA,NA,NA,NA,4,3,2,2,3,NA,NA,NA
PLFEKH_18105,6,NA,3,8,1,NA,2,3,6,NA,NA,2,4,4,2,NA,22,1,1,2,5,3,2,5,8,8,4,4,7,9,1,1,12,1,4,NA,6,8,3,6,2,3,3,NA,NA,3,5,2,10,2,2,5,11,7,5,14,6,4,7,1,4
PLFEKH_18110,2,11,NA,NA,5,4,2,1,1,3,NA,2,NA,NA,NA,NA,21,NA,NA,NA,12,NA,NA,1,21,5,4,NA,NA,11,13,NA,10,4,8,1,2,4,23,19,5,NA,11,NA,NA,8,3,4,13,6,2,4,14,16,5,8,4,18,17,NA,1
PLFEKH_18115,16,3,15,6,2,1,4,3,15,2,2,4,8,10,3,3,12,6,NA,1,6,10,3,3,11,12,10,1,5,12,4,2,8,1,1,2,4,11,2,16,2,3,7,NA,NA,5,5,5,6,3,4,6,5,10,4,23,9,3,4,2,1
PLFEKH_18120,2,5,1,1,3,1,NA,1,2,1,NA,3,NA,2,NA,NA,7,NA,NA,4,2,2,4,1,3,2,2,NA,NA,4,5,NA,1,1,1,NA,3,2,5,5,1,NA,2,NA,NA,2,4,3,3,7,9,4,4,6,5,5,3,7,6,NA,NA
PLFEKH_18125,4,1,2,1,NA,3,NA,1,2,2,1,NA,7,NA,3,NA,8,3,4,3,4,NA,NA,13,8,4,2,NA,2,11,2,1,2,NA,2,2,1,4,2,10,2,3,3,NA,NA,7,2,1,3,1,5,1,7,3,4,8,2,2,3,5,1
PLFEKH_18130,4,NA,3,2,NA,1,NA,NA,1,2,1,NA,2,NA,NA,NA,7,NA,2,3,3,NA,2,NA,1,2,3,NA,NA,7,4,NA,8,1,3,3,2,2,NA,3,NA,1,1,1,NA,4,5,2,7,2,6,2,3,4,1,3,NA,3,9,NA,1
PLFEKH_18135,1,NA,NA,NA,1,1,NA,NA,1,NA,NA,NA,NA,NA,NA,NA,3,NA,NA,NA,1,NA,NA,1,2,1,NA,NA,NA,NA,1,NA,2,NA,2,NA,NA,NA,1,1,NA,NA,1,NA,NA,3,1,NA,2,NA,NA,NA,NA,3,NA,4,NA,2,4,NA,NA
PLFEKH_18155,9,9,3,1,2,4,1,1,6,3,4,3,1,1,1,NA,19,NA,NA,3,13,4,3,3,4,6,5,NA,NA,6,8,NA,18,1,8,1,4,3,5,6,1,NA,3,NA,NA,4,3,3,9,2,13,9,10,11,5,13,5,17,9,2,1
PLFEKH_18170,1,NA,2,1,1,1,NA,2,3,2,1,NA,3,3,2,NA,10,2,NA,NA,5,2,2,NA,7,5,5,NA,2,6,2,NA,6,1,NA,NA,2,1,NA,3,NA,1,3,NA,NA,2,2,NA,6,2,2,2,6,6,1,8,NA,2,4,1,2
PLFEKH_18180,13,8,2,5,3,3,2,5,13,8,NA,2,12,7,4,2,27,3,NA,6,22,4,NA,8,37,30,7,1,NA,13,14,NA,24,4,10,3,10,5,19,22,8,2,14,NA,NA,9,5,4,20,3,8,8,23,22,8,15,12,10,16,NA,8
PLFEKH_18185,7,1,19,16,NA,1,3,4,6,2,1,4,13,7,4,4,34,1,3,4,16,9,1,25,19,20,12,1,4,11,11,NA,19,2,7,NA,6,6,9,16,3,6,4,1,1,5,4,1,17,5,16,5,28,22,12,27,9,6,12,5,10
PLFEKH_18190,3,2,4,1,1,NA,1,1,1,1,1,NA,3,4,2,NA,2,NA,NA,1,3,2,NA,3,2,4,2,NA,1,2,2,NA,2,NA,2,2,2,2,1,1,1,NA,3,NA,NA,NA,NA,NA,5,1,5,NA,3,1,2,NA,4,3,1,NA,1
PLFEKH_18195,4,NA,1,3,NA,NA,6,3,4,3,NA,2,3,3,NA,1,4,NA,2,2,NA,1,3,2,6,3,2,1,3,6,3,NA,2,3,1,1,3,1,3,8,NA,NA,6,NA,2,2,3,2,2,5,2,1,6,3,3,10,3,1,4,1,1
PLFEKH_18200,NA,3,NA,NA,NA,1,NA,NA,NA,1,NA,1,NA,NA,2,NA,4,NA,NA,NA,3,1,NA,NA,2,4,5,NA,NA,1,2,NA,1,NA,1,2,1,NA,1,3,2,NA,1,NA,1,2,1,1,1,NA,2,2,1,5,3,9,3,2,1,NA,NA
PLFEKH_18205,4,2,1,2,NA,1,1,2,2,5,NA,2,6,4,2,NA,10,2,1,1,5,8,3,7,9,5,4,NA,2,6,6,NA,NA,2,1,NA,1,1,2,3,1,1,2,NA,NA,2,3,1,2,1,7,4,4,9,4,9,NA,2,6,1,1
PLFEKH_18210,6,12,1,5,NA,4,NA,NA,4,8,1,2,6,NA,1,NA,22,1,NA,3,9,3,2,4,9,15,13,1,NA,5,9,NA,12,1,10,NA,6,2,11,11,5,1,5,NA,1,6,1,2,2,3,10,2,4,10,11,17,4,4,10,2,2
PLFEKH_18215,4,NA,NA,NA,NA,NA,NA,NA,NA,2,NA,NA,2,NA,1,NA,2,1,1,NA,2,NA,1,1,NA,NA,1,NA,NA,NA,1,1,3,NA,1,NA,NA,3,NA,1,NA,NA,NA,NA,NA,NA,NA,NA,NA,NA,1,NA,1,4,NA,4,NA,2,NA,NA,NA
PLFEKH_18255,1,2,2,NA,NA,NA,1,NA,1,1,1,1,1,NA,2,NA,7,1,NA,1,2,NA,1,1,3,2,2,NA,NA,4,3,NA,5,NA,4,NA,1,2,3,5,NA,NA,1,NA,NA,3,1,1,2,NA,3,4,1,4,1,7,NA,2,6,NA,1
PLFEKH_18260,2,4,1,2,1,1,NA,2,1,1,NA,2,1,2,NA,NA,8,NA,NA,1,2,1,NA,3,5,2,3,NA,1,12,3,NA,5,NA,3,NA,NA,1,3,8,NA,3,3,NA,NA,5,5,2,NA,NA,3,NA,1,8,4,8,1,1,1,NA,NA
PLFEKH_18270,NA,2,NA,NA,NA,1,NA,1,1,NA,NA,1,1,NA,NA,NA,NA,NA,1,NA,NA,NA,1,NA,NA,1,2,NA,NA,3,3,NA,1,NA,1,NA,NA,NA,2,NA,1,NA,1,1,NA,2,3,NA,NA,1,5,1,3,2,NA,3,NA,2,2,NA,NA
PLFEKH_18275,16,1,3,5,1,NA,2,3,11,4,NA,NA,4,3,2,2,10,1,1,NA,6,8,3,7,4,4,8,3,NA,6,5,1,5,2,7,1,3,11,5,13,4,5,2,NA,2,4,NA,3,7,2,7,3,9,12,5,5,2,1,6,2,2
PLFEKH_18280,1,NA,4,NA,2,NA,NA,NA,NA,NA,NA,NA,NA,NA,NA,NA,1,NA,NA,NA,3,1,NA,NA,1,1,2,NA,NA,3,1,NA,1,NA,NA,NA,1,NA,NA,1,NA,2,1,NA,NA,NA,1,NA,3,1,1,NA,1,1,1,4,2,2,NA,1,NA
PLFEKH_18285,10,7,2,3,NA,1,3,2,3,3,NA,NA,2,1,NA,NA,13,NA,NA,2,6,2,1,NA,3,2,NA,NA,NA,5,5,NA,5,3,2,NA,4,2,3,1,NA,1,2,NA,NA,3,4,4,10,NA,4,1,5,3,1,1,1,5,4,1,2
PLFEKH_18290,5,1,6,2,1,1,1,1,3,4,NA,1,2,2,7,NA,9,1,NA,NA,4,1,NA,1,9,6,4,1,1,8,3,NA,8,NA,5,1,2,4,7,9,4,2,4,NA,NA,1,2,4,6,1,1,3,4,8,2,11,5,2,7,NA,3
PLFEKH_18295,1,1,1,3,NA,2,2,NA,2,1,2,2,4,3,2,NA,9,NA,NA,NA,2,1,7,3,3,4,3,NA,NA,5,4,NA,3,NA,4,NA,NA,1,8,3,NA,NA,1,NA,NA,5,2,2,2,1,2,1,1,5,2,9,2,2,7,NA,2
PLFEKH_18300,2,1,1,NA,1,3,NA,4,NA,2,1,NA,NA,NA,1,NA,7,NA,NA,NA,4,1,NA,NA,1,5,1,NA,NA,3,6,NA,2,NA,3,1,1,1,1,4,2,NA,3,NA,NA,2,2,1,6,NA,1,NA,1,6,2,7,2,3,2,NA,NA
PLFEKH_18305,12,14,2,NA,4,4,2,2,10,7,1,3,22,4,5,NA,34,3,NA,5,23,2,3,3,16,10,7,NA,NA,16,15,NA,20,2,21,1,8,10,17,21,3,1,10,NA,NA,7,8,2,19,4,14,8,13,19,8,26,3,21,18,1,4
PLFEKH_18310,8,5,5,4,2,NA,1,2,5,2,1,1,8,NA,3,1,17,3,NA,2,10,10,6,5,15,4,3,NA,1,10,5,NA,26,1,7,1,5,8,8,12,7,2,4,NA,NA,6,1,4,16,4,8,2,9,15,7,10,5,6,13,1,7
PLFEKH_18315,1,1,NA,NA,NA,NA,NA,NA,NA,2,NA,NA,1,NA,3,NA,1,1,NA,NA,NA,NA,NA,2,2,1,2,NA,NA,3,NA,NA,1,NA,1,NA,NA,NA,2,1,NA,1,1,NA,NA,NA,1,NA,NA,NA,NA,NA,NA,1,2,1,NA,1,2,NA,1
PLFEKH_18320,8,4,2,NA,1,1,2,1,5,4,NA,5,1,NA,3,1,6,2,2,NA,3,8,1,3,5,4,3,1,NA,4,8,NA,5,NA,8,1,1,4,5,5,NA,NA,2,NA,NA,3,5,2,3,NA,3,4,6,6,5,6,3,4,9,NA,NA
PLFEKH_18325,3,4,2,1,2,2,1,1,3,3,2,2,NA,4,NA,NA,6,1,1,2,4,6,5,NA,5,NA,4,NA,NA,10,7,NA,6,1,6,1,1,4,4,5,5,2,2,NA,NA,1,3,1,4,NA,3,NA,2,7,6,10,4,3,1,NA,1
PLFEKH_18330,NA,1,NA,NA,NA,1,NA,1,NA,3,NA,NA,2,NA,NA,NA,1,NA,NA,NA,NA,1,NA,1,NA,NA,1,NA,1,NA,NA,NA,4,NA,NA,NA,NA,1,1,NA,NA,NA,2,NA,NA,1,NA,NA,1,1,1,1,NA,1,NA,6,NA,NA,1,NA,2
PLFEKH_18335,5,20,2,1,10,8,NA,4,5,7,4,4,8,2,1,NA,63,1,1,6,30,3,7,1,14,26,7,NA,NA,10,16,NA,21,3,18,NA,5,2,22,36,7,NA,2,NA,NA,13,8,3,12,9,10,11,21,27,16,34,11,21,18,NA,NA
PLFEKH_18340,8,6,NA,3,1,1,4,2,9,4,NA,NA,8,3,NA,2,6,4,1,4,6,6,3,14,24,9,5,2,3,3,4,NA,8,3,2,2,4,10,10,6,3,1,7,NA,NA,8,3,5,4,5,6,8,3,13,13,5,4,3,5,2,NA
PLFEKH_18345,2,7,NA,NA,5,3,1,NA,2,3,1,1,4,NA,1,NA,24,1,NA,2,13,1,8,1,4,7,4,NA,NA,7,25,NA,9,2,12,NA,1,1,9,29,4,NA,2,NA,NA,10,6,5,9,11,7,8,9,4,16,26,6,23,9,NA,1
PLFEKH_18350,5,12,NA,NA,8,5,1,5,NA,2,NA,1,3,1,1,NA,22,2,NA,NA,20,1,4,NA,13,10,6,NA,NA,7,24,NA,14,5,13,NA,NA,1,10,34,11,1,4,NA,NA,20,6,3,21,18,2,17,19,9,14,36,7,14,24,NA,NA
PLFEKH_18355,1,29,NA,NA,11,10,1,5,11,23,4,2,10,2,4,NA,51,NA,1,1,26,3,15,4,30,31,8,NA,NA,9,35,NA,21,9,23,NA,2,4,28,35,8,NA,12,NA,NA,17,4,6,10,22,2,9,18,17,20,44,17,38,26,NA,1
PLFEKH_18370,10,14,3,1,4,3,NA,2,4,8,NA,4,12,2,2,NA,29,2,NA,2,6,1,3,2,4,3,2,NA,NA,10,16,NA,18,3,6,NA,NA,1,13,6,NA,1,4,NA,NA,8,2,10,13,2,9,5,12,3,NA,7,4,8,8,1,NA
PLFEKH_18375,4,4,4,6,1,1,1,2,7,1,1,1,8,4,1,NA,15,NA,2,NA,3,9,1,2,5,10,1,NA,NA,6,1,NA,5,1,2,1,6,2,2,2,2,NA,1,NA,NA,5,2,3,6,4,2,5,6,5,NA,2,4,3,6,2,2
PLFEKH_18380,2,3,1,2,2,1,NA,NA,5,NA,2,1,1,1,NA,NA,2,1,NA,NA,2,4,1,1,6,1,3,NA,2,5,2,1,1,2,3,NA,2,1,1,2,NA,NA,NA,NA,NA,2,3,NA,NA,2,1,1,5,9,NA,3,1,1,2,2,2
PLFEKH_18385,5,2,1,NA,4,2,3,NA,1,NA,NA,2,3,5,NA,NA,10,NA,NA,2,1,3,2,3,2,1,7,NA,NA,3,5,NA,2,1,5,1,2,5,3,8,2,1,NA,NA,NA,1,4,3,8,NA,7,1,4,9,4,16,3,NA,12,1,1
PLFEKH_18390,NA,NA,1,1,NA,NA,1,2,1,NA,NA,3,2,NA,1,1,2,1,NA,NA,NA,1,NA,1,NA,NA,NA,NA,NA,NA,NA,NA,2,NA,6,NA,NA,3,3,NA,NA,2,1,NA,NA,1,2,1,3,NA,2,2,1,1,1,2,1,2,4,1,1
PLFEKH_18405,5,5,1,1,9,2,2,NA,3,2,4,1,2,3,2,NA,9,NA,NA,1,6,2,4,1,2,3,3,1,NA,6,6,NA,10,4,7,4,1,4,4,13,1,NA,3,NA,NA,12,4,2,5,5,3,3,12,8,2,10,8,9,17,1,1
PLFEKH_18415,1,1,NA,3,NA,1,1,1,2,NA,NA,NA,2,4,NA,NA,5,NA,1,2,3,2,2,3,6,NA,6,1,2,3,3,NA,2,1,1,1,2,2,6,3,1,NA,1,NA,NA,2,2,3,5,5,3,4,1,8,1,5,3,NA,2,1,NA
PLFEKH_18420,5,2,5,4,NA,2,1,1,2,NA,1,NA,3,1,2,1,11,NA,2,NA,2,2,1,4,13,9,4,1,1,9,2,NA,2,1,5,1,NA,2,1,3,1,NA,8,NA,NA,1,1,2,4,1,3,2,2,7,4,4,2,2,6,NA,2
PLFEKH_18440,1,1,NA,NA,NA,NA,NA,1,1,NA,NA,NA,5,1,NA,1,2,NA,1,NA,2,2,NA,2,1,1,NA,NA,NA,1,NA,1,1,NA,1,NA,NA,NA,NA,2,NA,NA,NA,NA,1,NA,3,NA,1,NA,1,NA,NA,NA,1,6,NA,2,NA,NA,3
PLFEKH_18450,6,15,1,NA,6,10,1,6,7,12,NA,1,7,3,2,NA,56,3,NA,3,14,4,13,6,29,42,5,1,NA,22,25,NA,29,5,18,1,6,2,22,33,7,1,7,NA,NA,13,5,7,18,10,12,11,24,25,20,67,12,24,14,1,2
PLFEKH_18460,9,6,NA,2,1,3,1,NA,5,2,4,2,2,1,3,NA,11,NA,NA,NA,6,3,3,NA,4,8,4,NA,1,4,9,NA,7,1,4,NA,2,4,9,7,1,NA,4,NA,NA,6,3,3,3,8,5,2,5,14,7,10,3,8,7,NA,NA
PLFEKH_18465,5,4,NA,2,7,3,NA,NA,NA,2,NA,NA,NA,1,NA,NA,17,1,NA,3,6,1,NA,1,9,7,5,NA,NA,2,13,NA,13,6,5,3,2,6,7,8,5,NA,1,NA,NA,7,6,4,7,10,NA,9,10,9,12,13,5,14,10,2,1
PLFEKH_18475,3,NA,2,6,3,2,2,5,10,1,4,3,NA,6,2,NA,12,2,NA,1,7,5,5,6,11,8,6,NA,1,8,11,2,5,NA,5,2,5,3,5,10,5,3,3,NA,NA,6,7,7,16,5,5,9,11,9,5,21,8,13,6,2,3
PLFEKH_18480,3,1,1,7,1,1,1,1,5,2,NA,NA,5,3,2,NA,9,1,NA,2,6,2,NA,5,11,4,5,NA,4,5,3,1,7,1,6,NA,3,5,2,2,8,NA,5,2,NA,3,2,3,6,1,NA,3,7,9,4,10,1,3,5,2,1
PLFEKH_18485,4,3,7,5,3,1,4,1,6,NA,NA,2,5,1,3,4,7,1,1,NA,9,NA,2,3,7,2,3,NA,NA,5,2,2,9,NA,5,1,4,3,NA,8,4,2,4,1,NA,4,NA,3,5,1,2,7,6,8,2,12,6,9,3,6,1
PLFEKH_18490,8,8,6,1,1,1,NA,2,4,6,2,NA,1,NA,2,NA,18,NA,1,4,16,7,6,1,11,17,6,NA,1,17,5,NA,12,1,8,2,7,9,9,9,NA,1,5,NA,NA,8,5,6,11,7,10,6,17,16,11,14,8,6,7,2,4
PLFEKH_18495,4,2,5,3,1,2,2,3,2,2,NA,1,7,3,1,1,8,1,NA,2,10,5,NA,6,11,7,3,1,1,9,6,2,6,1,4,1,1,3,3,13,1,1,2,NA,NA,5,3,1,10,5,5,4,18,7,2,11,1,10,6,3,1
PLFEKH_18500,10,12,8,5,NA,1,2,7,6,3,1,NA,7,2,4,NA,24,1,2,1,8,NA,NA,5,4,9,4,NA,NA,13,12,NA,15,2,5,3,5,1,5,8,1,1,3,NA,NA,4,3,4,10,1,6,5,13,4,4,8,2,9,10,2,3
PLFEKH_18505,3,2,3,4,1,1,NA,2,2,3,2,NA,3,2,1,2,22,NA,1,1,6,6,2,2,6,2,6,NA,NA,7,3,NA,10,1,8,1,3,7,7,10,NA,2,6,NA,NA,5,5,1,8,3,7,5,12,13,3,17,4,9,13,1,2
PLFEKH_18510,9,7,2,NA,NA,4,NA,2,5,4,NA,1,7,2,NA,NA,23,NA,1,NA,9,1,4,NA,5,4,5,1,NA,10,4,2,9,NA,5,NA,2,NA,5,6,1,NA,1,NA,NA,1,9,5,10,2,3,4,9,4,3,6,NA,9,10,1,5
PLFEKH_18515,5,3,5,1,NA,3,3,1,1,3,NA,2,5,3,3,1,20,NA,1,NA,8,6,2,4,10,6,6,NA,NA,8,7,NA,7,1,4,NA,7,6,10,12,2,1,9,NA,NA,8,2,2,10,10,9,8,12,8,6,14,2,7,16,NA,2
PLFEKH_18520,6,NA,5,1,3,1,1,1,5,4,2,2,6,3,2,NA,19,NA,1,1,7,7,7,2,10,9,5,NA,NA,8,6,1,11,2,7,1,4,3,10,14,1,NA,6,NA,NA,7,5,4,14,4,6,7,22,15,6,17,6,7,19,4,2
PLFEKH_18530,NA,NA,2,NA,NA,NA,NA,NA,NA,NA,NA,NA,1,1,1,NA,4,NA,NA,NA,NA,2,1,1,1,1,2,1,1,1,1,NA,NA,NA,3,NA,1,1,1,NA,NA,NA,1,NA,NA,NA,NA,1,4,2,1,NA,2,1,2,4,2,NA,1,NA,NA
PLFEKH_18535,4,3,1,2,1,2,2,2,NA,NA,NA,NA,3,4,4,2,6,1,1,1,10,1,2,3,7,5,10,1,1,6,9,1,7,1,6,NA,1,NA,3,9,4,1,3,NA,NA,3,3,2,5,4,6,4,7,9,4,14,8,3,6,1,3
PLFEKH_18540,1,1,3,1,NA,NA,NA,2,NA,NA,1,NA,3,NA,NA,1,6,1,NA,1,1,3,NA,3,4,2,2,1,1,1,2,NA,2,NA,1,2,NA,NA,2,2,2,NA,2,NA,NA,2,1,1,2,NA,2,1,1,3,NA,6,3,2,1,1,1
PLFEKH_18545,4,6,3,2,3,NA,NA,3,7,1,NA,1,3,7,2,NA,10,2,2,1,7,3,3,6,8,12,7,NA,2,7,1,NA,5,1,4,2,4,1,6,4,2,NA,5,NA,NA,3,4,NA,8,7,10,4,5,12,5,11,10,2,1,1,1
PLFEKH_18555,1,1,3,NA,NA,NA,NA,2,1,1,NA,NA,NA,3,NA,NA,1,NA,1,NA,NA,NA,1,3,2,3,2,NA,1,3,2,1,1,NA,2,NA,1,1,NA,4,2,NA,2,NA,NA,2,2,NA,4,NA,1,3,2,4,1,5,3,NA,1,NA,3
PLFEKH_18565,9,4,5,1,NA,NA,4,3,6,NA,NA,1,2,3,NA,NA,4,2,NA,3,5,5,NA,9,5,5,1,NA,NA,7,1,1,7,2,2,1,NA,5,3,2,2,4,1,NA,NA,5,1,4,5,3,1,3,NA,3,2,9,4,1,1,NA,NA
PLFEKH_18575,4,8,3,NA,4,3,1,2,5,8,2,2,2,NA,1,NA,19,NA,NA,2,4,4,7,2,11,5,10,NA,NA,8,15,1,10,1,12,1,NA,6,16,16,3,1,8,NA,NA,4,8,3,11,2,23,4,7,17,6,21,6,8,8,1,1
PLFEKH_18620,10,10,6,7,2,2,NA,4,4,5,2,2,11,3,8,1,37,NA,3,1,11,2,NA,6,12,4,13,1,2,12,6,1,15,1,9,NA,1,2,4,2,1,4,5,NA,1,2,4,1,11,NA,6,2,13,7,5,6,2,5,8,NA,2
PLFEKH_18625,1,1,4,2,NA,NA,1,2,NA,NA,1,1,1,1,2,NA,6,NA,NA,1,5,NA,3,1,6,1,3,1,NA,2,3,NA,7,1,NA,NA,3,2,3,2,NA,NA,2,NA,NA,NA,2,NA,4,NA,3,NA,2,5,1,2,2,3,2,NA,3
PLFEKH_18630,5,3,2,6,1,NA,1,NA,1,1,NA,2,13,NA,NA,NA,12,NA,NA,1,5,4,1,NA,1,4,2,NA,1,5,1,NA,4,NA,1,NA,3,1,1,6,2,1,1,NA,NA,1,1,NA,6,NA,2,1,6,2,1,1,2,NA,4,NA,2
PLFEKH_18645,8,5,1,1,3,5,2,2,3,3,NA,6,14,6,6,NA,21,4,1,2,15,7,4,10,17,5,11,NA,1,17,6,NA,7,4,10,NA,1,2,11,13,NA,2,10,NA,NA,7,3,3,9,4,17,12,15,5,12,13,6,7,16,2,2
PLFEKH_18650,5,11,NA,2,1,7,1,1,NA,4,NA,3,9,2,6,NA,24,2,NA,NA,10,4,10,6,12,11,1,NA,NA,7,10,NA,16,NA,12,1,1,4,13,14,1,NA,3,NA,NA,6,5,1,6,2,9,1,14,17,6,11,7,7,16,NA,1
PLFEKH_18665,1,3,1,NA,NA,NA,NA,NA,4,1,NA,2,3,NA,1,NA,2,NA,3,1,2,1,4,1,7,NA,2,NA,NA,3,4,NA,6,1,7,NA,1,NA,2,4,1,NA,1,NA,NA,1,3,NA,5,1,4,2,1,3,3,9,1,1,4,NA,NA
PLFEKH_18675,12,19,2,3,6,5,1,4,11,5,1,4,10,3,5,NA,67,3,NA,1,23,10,13,4,38,34,24,NA,NA,20,20,NA,23,3,22,NA,2,4,31,21,1,1,22,NA,NA,10,5,6,19,9,20,7,14,33,18,52,17,14,17,2,3
PLFEKH_18680,1,1,2,1,NA,1,1,2,6,1,1,1,2,NA,1,1,6,1,NA,2,6,7,NA,NA,6,6,5,NA,1,5,NA,NA,4,NA,4,NA,3,1,2,6,NA,1,NA,2,NA,NA,2,1,8,1,2,4,7,5,1,5,5,1,3,NA,2
PLFEKH_18695,11,1,3,2,NA,3,2,NA,2,2,1,1,1,NA,NA,NA,7,NA,1,NA,4,4,2,3,12,6,6,1,1,4,4,NA,11,2,4,NA,3,3,1,5,5,2,NA,NA,NA,NA,1,NA,5,3,3,NA,9,6,3,6,3,7,6,1,NA
PLFEKH_18700,7,11,2,4,6,7,2,NA,16,26,1,2,18,2,4,NA,19,2,1,4,15,7,2,10,17,15,10,NA,3,11,16,1,13,4,15,2,5,10,24,12,3,3,14,NA,NA,5,10,4,12,3,12,4,10,26,25,14,7,18,15,2,5
PLFEKH_18705,1,7,2,1,4,3,1,3,1,3,NA,NA,3,1,1,NA,23,1,NA,1,6,5,3,4,21,12,8,NA,NA,10,15,NA,12,3,5,NA,3,2,20,14,4,2,6,NA,1,3,3,NA,7,9,5,4,9,16,8,12,6,3,10,1,1
PLFEKH_18715,7,3,2,4,1,2,1,NA,5,1,NA,1,NA,1,1,NA,10,3,1,2,9,3,2,3,4,7,3,2,NA,2,6,NA,9,1,4,1,4,2,7,6,NA,NA,5,NA,NA,4,2,NA,7,NA,6,2,6,5,3,6,1,1,4,2,1
PLFEKH_18720,NA,NA,NA,NA,NA,NA,NA,NA,NA,3,NA,NA,NA,1,NA,NA,2,1,NA,1,1,NA,1,NA,4,1,NA,NA,NA,1,4,NA,2,NA,5,NA,NA,3,NA,NA,NA,NA,1,NA,NA,1,2,NA,1,NA,NA,1,NA,1,NA,7,1,2,6,1,NA
PLFEKH_18725,5,1,2,1,NA,2,1,3,2,3,NA,4,7,1,NA,NA,17,3,1,2,6,1,3,2,3,2,4,NA,1,1,5,NA,5,NA,3,1,2,3,3,8,1,NA,3,1,NA,NA,NA,3,4,1,7,1,3,9,4,9,3,2,5,1,3
PLFEKH_18730,1,3,1,NA,NA,NA,NA,2,2,1,1,NA,5,NA,2,NA,3,1,1,2,5,3,NA,1,1,1,5,NA,NA,3,3,NA,4,NA,2,NA,2,1,3,5,NA,1,1,NA,NA,1,NA,2,3,NA,4,NA,3,5,5,8,1,3,4,1,NA
PLFEKH_18735,9,1,NA,3,2,NA,NA,2,1,NA,NA,NA,3,NA,NA,NA,14,NA,NA,NA,4,2,1,NA,6,4,4,NA,1,1,3,NA,6,NA,1,NA,2,NA,NA,4,NA,NA,NA,NA,NA,NA,NA,NA,5,NA,3,1,6,2,NA,4,2,NA,7,NA,2
PLFEKH_18740,4,NA,NA,NA,1,NA,NA,NA,NA,3,1,1,5,1,1,1,6,NA,NA,NA,4,3,2,NA,5,NA,NA,NA,NA,4,2,NA,2,NA,3,NA,2,NA,1,3,NA,NA,2,NA,NA,NA,1,NA,2,1,4,1,4,3,2,2,1,1,3,NA,1
PLFEKH_18750,NA,1,NA,NA,NA,NA,NA,NA,NA,1,1,NA,NA,NA,NA,NA,2,NA,NA,NA,NA,NA,NA,NA,1,NA,1,NA,NA,1,NA,NA,NA,NA,1,NA,NA,NA,NA,NA,2,NA,NA,NA,NA,NA,NA,NA,1,NA,1,NA,NA,2,1,NA,1,NA,1,1,2
PLFEKH_18755,5,4,2,1,1,3,2,3,4,3,2,1,1,5,1,1,10,NA,NA,1,6,5,2,2,3,1,6,NA,NA,7,5,NA,16,NA,4,NA,3,2,3,13,5,3,NA,NA,NA,3,1,4,7,3,4,3,6,11,3,16,4,6,6,NA,2
PLFEKH_18760,NA,1,2,NA,1,2,1,1,1,2,1,NA,2,2,NA,NA,9,1,NA,1,4,1,3,1,8,2,4,NA,1,7,6,1,5,2,3,1,1,2,5,12,1,NA,5,NA,NA,2,5,NA,3,4,5,1,8,6,4,8,3,5,2,NA,2
PLFEKH_18775,8,9,1,1,2,2,1,NA,3,4,2,4,5,2,2,NA,13,1,NA,1,4,1,3,1,7,7,6,NA,1,5,8,NA,13,2,11,NA,2,3,7,12,4,2,6,1,NA,1,3,2,7,2,7,2,8,5,11,13,4,11,9,1,1
PLFEKH_18785,3,NA,NA,1,NA,1,NA,NA,2,NA,NA,NA,3,NA,NA,NA,1,NA,1,NA,2,1,NA,NA,1,NA,2,NA,NA,3,NA,1,NA,NA,2,NA,NA,1,1,5,NA,NA,NA,NA,NA,NA,1,NA,3,NA,NA,1,1,2,NA,6,NA,3,5,NA,NA
PLFEKH_18800,NA,NA,1,NA,NA,NA,NA,NA,NA,1,NA,1,NA,NA,NA,NA,3,2,NA,NA,2,NA,NA,1,2,1,2,1,2,2,2,1,1,NA,NA,NA,NA,2,1,2,3,NA,1,1,NA,2,1,1,1,NA,1,NA,1,2,NA,4,NA,NA,NA,1,NA
PLFEKH_18805,5,21,2,1,3,10,1,5,6,16,3,6,4,1,3,NA,48,1,NA,6,27,2,6,5,24,24,20,NA,1,23,28,NA,28,4,22,NA,3,1,24,40,7,2,4,NA,NA,14,4,7,36,6,11,3,45,11,28,57,16,15,29,NA,2
PLFEKH_18810,2,8,4,NA,5,2,NA,NA,2,1,NA,2,2,1,3,NA,16,1,1,1,8,7,5,4,7,4,4,NA,NA,8,7,NA,5,3,5,1,1,5,8,12,2,NA,5,1,NA,3,2,NA,7,NA,7,4,10,10,6,12,3,8,9,NA,1
PLFEKH_18820,10,NA,NA,1,NA,1,1,1,NA,2,1,1,1,1,1,NA,7,1,NA,NA,2,7,1,1,1,6,1,NA,NA,6,6,NA,6,1,6,2,2,1,2,9,1,1,2,1,NA,5,3,1,6,3,7,5,7,11,4,7,4,5,6,1,2
PLFEKH_18825,5,3,3,NA,1,NA,1,1,1,1,1,3,2,1,1,NA,10,1,NA,2,6,NA,4,3,1,3,1,NA,NA,4,1,1,6,NA,4,NA,1,3,2,1,NA,1,1,NA,NA,2,2,NA,2,NA,5,2,1,5,1,5,1,1,2,1,NA
PLFEKH_18835,3,3,NA,NA,NA,1,1,NA,NA,1,NA,NA,NA,1,NA,NA,4,1,NA,1,3,1,1,NA,1,1,2,NA,NA,4,1,NA,4,NA,3,NA,NA,NA,2,2,NA,1,NA,NA,NA,1,NA,NA,2,NA,NA,3,2,5,1,2,3,NA,6,NA,1
PLFEKH_18840,2,7,NA,NA,NA,NA,NA,1,2,NA,NA,NA,4,2,NA,1,5,NA,NA,NA,NA,NA,2,NA,2,2,2,NA,NA,5,3,NA,3,1,1,NA,1,1,4,NA,2,1,2,NA,NA,1,2,NA,2,1,6,NA,4,3,2,NA,NA,2,7,NA,NA
PLFEKH_18845,10,16,1,4,6,6,3,6,13,11,2,9,22,1,6,NA,40,6,NA,2,21,4,17,2,22,23,13,1,NA,9,25,NA,21,4,21,NA,2,1,11,40,9,2,8,NA,NA,16,7,6,20,7,10,15,29,22,25,35,16,18,26,NA,1
PLFEKH_18850,7,5,7,3,NA,2,NA,1,1,2,1,2,NA,5,NA,NA,11,1,1,2,6,2,2,4,5,8,7,1,1,1,3,3,4,2,3,1,3,3,1,8,1,1,2,NA,1,4,1,6,9,2,2,5,5,9,4,11,2,6,5,1,4
PLFEKH_18855,1,NA,NA,NA,NA,NA,NA,NA,NA,NA,NA,NA,NA,NA,NA,NA,1,NA,NA,NA,NA,NA,NA,1,1,1,NA,NA,NA,NA,2,NA,1,NA,NA,NA,NA,NA,1,1,NA,NA,NA,NA,NA,NA,NA,NA,1,2,NA,NA,NA,NA,1,1,NA,1,NA,NA,NA
PLFEKH_18870,6,4,1,2,NA,3,1,NA,4,NA,3,NA,2,2,NA,NA,6,NA,1,1,2,2,2,NA,6,1,3,NA,NA,4,1,NA,8,NA,1,NA,NA,NA,4,6,NA,NA,2,NA,NA,2,2,1,2,NA,1,2,NA,6,1,9,3,NA,1,1,1
PLFEKH_18875,10,4,2,8,3,1,NA,2,3,1,1,2,6,3,2,NA,22,NA,NA,2,2,3,NA,3,2,2,3,NA,NA,14,13,NA,8,4,1,NA,3,4,4,5,2,2,1,NA,NA,5,4,5,3,6,6,7,7,3,4,2,3,7,5,2,4
PLFEKH_18900,3,6,1,NA,2,1,NA,1,4,1,5,4,NA,2,2,NA,8,1,NA,2,9,4,4,4,14,9,8,NA,NA,4,6,NA,5,2,8,2,2,NA,7,12,3,NA,4,NA,NA,9,3,3,4,5,NA,6,7,7,6,13,8,18,15,1,NA
PLFEKH_18910,4,10,NA,NA,10,5,NA,NA,1,4,NA,NA,1,NA,1,NA,41,NA,NA,1,19,2,5,2,34,15,8,NA,NA,7,26,NA,13,14,16,NA,1,NA,21,37,8,NA,4,NA,NA,22,1,10,6,27,5,16,11,16,27,35,5,26,9,NA,NA
PLFEKH_18915,NA,1,1,NA,NA,NA,2,1,1,NA,NA,1,1,NA,1,NA,1,1,NA,NA,NA,1,NA,1,2,NA,1,NA,NA,3,2,1,NA,1,2,NA,NA,1,3,5,NA,1,1,NA,NA,NA,1,NA,NA,NA,2,1,NA,2,3,2,NA,NA,1,NA,NA
PLFEKH_18920,4,NA,4,6,1,1,1,1,2,NA,NA,NA,2,2,1,NA,11,1,1,NA,1,5,3,3,3,1,6,NA,NA,4,1,NA,5,NA,3,NA,1,2,1,8,1,1,3,NA,1,2,1,NA,3,NA,4,4,3,3,3,3,6,3,4,3,2
PLFEKH_18925,6,8,1,NA,2,NA,NA,NA,1,2,NA,NA,3,1,NA,NA,17,NA,NA,1,1,NA,1,1,1,NA,1,NA,NA,4,5,NA,2,1,3,NA,2,1,2,4,NA,NA,1,NA,NA,2,1,NA,1,NA,4,3,3,1,NA,NA,1,8,5,NA,NA
PLFEKH_18930,3,NA,1,2,NA,NA,NA,1,NA,2,1,2,NA,2,1,NA,6,NA,2,2,2,2,NA,1,6,3,3,NA,NA,4,4,NA,3,2,1,NA,5,NA,2,2,2,1,2,NA,NA,1,NA,4,4,1,1,1,6,2,3,5,3,3,3,1,1
PLFEKH_18935,1,4,NA,1,4,3,2,NA,2,7,2,1,4,2,1,NA,20,NA,NA,1,4,NA,NA,NA,10,11,2,NA,NA,7,10,NA,2,2,2,NA,NA,2,7,15,1,NA,4,NA,NA,4,1,2,4,8,NA,6,11,9,5,16,6,3,3,NA,1
PLFEKH_18945,6,6,1,4,NA,1,1,1,4,3,NA,NA,2,2,3,NA,8,1,NA,2,2,2,NA,4,5,3,4,2,1,4,6,NA,4,1,2,NA,NA,7,4,8,7,1,3,NA,NA,NA,1,1,3,2,6,3,2,8,3,5,6,5,5,1,2
PLFEKH_18955,9,9,3,8,NA,1,NA,3,4,2,3,NA,3,NA,4,NA,18,NA,2,5,7,3,2,4,10,7,5,1,NA,5,7,NA,4,2,7,1,4,3,7,12,3,2,2,NA,NA,3,3,1,9,5,6,5,16,15,1,14,6,6,8,1,2
PLFEKH_18960,4,2,3,5,NA,5,1,2,4,3,2,3,4,2,NA,NA,8,1,1,1,6,2,3,3,10,4,4,1,3,6,8,NA,8,NA,1,NA,1,5,3,2,6,NA,2,NA,NA,3,2,1,5,3,6,1,13,4,5,10,4,3,8,NA,3
PLFEKH_18965,9,15,8,4,7,7,4,7,9,7,3,6,3,6,8,NA,27,1,4,1,14,8,4,10,15,12,14,1,2,22,13,1,20,3,10,NA,4,14,13,20,8,2,8,NA,1,13,9,1,20,7,19,4,17,25,11,35,9,13,14,7,3
PLFEKH_18975,1,2,8,1,2,1,1,2,4,2,NA,1,2,2,1,NA,8,1,NA,1,3,3,1,6,1,NA,3,1,1,2,NA,1,4,5,1,1,2,2,1,5,NA,2,1,NA,NA,2,3,NA,5,2,2,4,2,7,4,6,3,3,NA,NA,3
PLFEKH_18980,NA,6,1,2,1,1,NA,NA,NA,3,1,NA,1,2,2,NA,13,1,NA,1,5,1,2,NA,3,13,5,NA,NA,4,7,NA,5,3,2,NA,3,4,6,6,3,NA,4,NA,NA,2,2,1,2,1,1,2,3,5,4,11,4,5,6,NA,NA
PLFEKH_18985,17,3,8,10,3,NA,5,1,6,1,NA,NA,11,4,6,NA,14,5,1,3,3,4,2,7,6,5,1,NA,3,7,4,2,10,2,12,NA,5,7,6,7,4,5,8,NA,NA,6,3,1,13,2,6,2,12,11,3,11,6,10,7,2,8
PLFEKH_18990,NA,NA,NA,1,NA,NA,NA,NA,1,NA,NA,NA,1,NA,NA,1,2,NA,NA,NA,1,NA,NA,NA,3,1,NA,NA,NA,1,NA,NA,1,NA,NA,NA,NA,2,1,NA,NA,NA,3,NA,NA,NA,2,NA,1,NA,2,NA,2,3,NA,2,NA,1,NA,NA,1
PLFEKH_18995,5,2,6,2,1,1,1,1,1,NA,NA,2,3,2,2,NA,8,1,3,1,3,2,1,1,4,2,9,1,1,4,3,NA,1,NA,4,NA,4,1,NA,2,5,1,2,NA,NA,1,3,1,4,2,4,NA,4,7,4,7,2,1,2,NA,1
PLFEKH_19000,2,1,1,1,1,3,NA,2,3,1,2,NA,NA,NA,1,NA,3,NA,NA,NA,1,NA,NA,1,2,1,2,NA,1,4,NA,NA,NA,NA,2,NA,1,1,2,9,1,NA,1,NA,NA,NA,4,2,2,3,NA,NA,3,3,1,2,1,1,2,1,2
PLFEKH_19010,NA,NA,5,NA,3,NA,1,1,1,NA,1,2,4,NA,2,NA,8,1,NA,1,2,NA,NA,NA,4,5,2,1,2,4,4,NA,2,NA,2,NA,2,2,2,NA,NA,1,4,1,NA,1,1,NA,3,NA,2,4,3,5,NA,9,4,2,2,3,NA
PLFEKH_19015,2,1,1,1,NA,NA,NA,2,2,NA,NA,NA,2,NA,NA,NA,NA,NA,1,NA,1,NA,1,NA,1,4,4,1,NA,3,1,NA,1,1,2,NA,1,2,1,2,1,1,3,NA,NA,NA,1,1,5,2,1,1,4,3,1,4,2,2,4,NA,1
PLFEKH_19020,NA,NA,NA,1,1,NA,NA,NA,NA,NA,NA,NA,NA,NA,1,NA,1,NA,NA,NA,NA,NA,NA,NA,1,3,1,NA,NA,2,1,NA,1,1,NA,NA,2,1,NA,1,NA,NA,NA,NA,NA,NA,1,NA,1,NA,NA,NA,1,NA,NA,3,2,NA,3,1,1
PLFEKH_19025,7,9,4,4,2,2,4,3,12,12,2,NA,18,8,1,1,24,5,4,NA,9,3,NA,16,19,18,7,3,4,12,9,NA,20,4,12,3,7,12,9,13,7,3,8,NA,NA,5,6,3,12,8,11,6,18,20,6,17,15,5,9,2,7
PLFEKH_19030,1,1,NA,NA,NA,1,NA,NA,NA,1,NA,NA,2,NA,NA,NA,14,NA,NA,NA,2,NA,4,1,3,3,1,NA,NA,NA,NA,NA,NA,NA,1,NA,NA,NA,3,7,NA,NA,1,NA,NA,NA,NA,NA,NA,NA,NA,NA,2,5,3,11,1,4,1,NA,NA
PLFEKH_19045,10,6,1,3,NA,1,NA,3,7,5,1,1,6,3,1,NA,5,NA,1,NA,5,6,1,1,11,4,4,NA,NA,3,13,NA,7,NA,5,NA,1,4,4,10,5,3,4,NA,NA,2,2,2,7,NA,3,NA,5,15,4,14,6,4,2,1,1
PLFEKH_19050,5,4,3,NA,NA,3,1,7,3,NA,2,2,1,4,1,NA,23,1,1,1,8,3,5,5,12,9,10,NA,1,6,6,NA,13,1,7,NA,3,3,5,13,1,NA,7,1,NA,2,7,3,19,3,6,3,9,9,6,13,9,5,7,3,3
PLFEKH_19055,4,1,1,1,NA,2,NA,NA,2,2,1,1,2,NA,3,NA,21,NA,NA,2,5,1,NA,2,5,2,7,NA,1,8,6,NA,7,1,7,NA,4,5,NA,10,3,NA,3,NA,NA,1,2,2,12,3,9,2,10,5,4,13,3,2,8,2,3
PLFEKH_19060,1,1,2,1,NA,NA,NA,NA,3,NA,NA,NA,1,1,4,1,7,NA,1,NA,2,1,NA,3,8,2,4,NA,NA,4,3,NA,2,1,7,NA,4,NA,4,5,NA,NA,2,NA,NA,1,1,1,2,NA,NA,1,3,5,4,4,NA,1,6,NA,NA
PLFEKH_19065,4,5,NA,1,NA,1,1,1,3,2,1,1,4,NA,5,NA,11,NA,1,1,4,5,2,2,4,2,6,1,3,2,4,NA,3,NA,8,NA,1,4,7,10,2,1,4,NA,NA,2,3,NA,6,1,4,1,4,7,4,13,5,2,9,NA,NA
PLFEKH_19075,2,4,NA,NA,2,5,NA,NA,NA,4,1,2,NA,NA,1,NA,6,NA,NA,NA,2,1,3,NA,1,3,2,NA,NA,1,8,NA,7,2,4,NA,NA,NA,3,10,1,NA,NA,NA,NA,2,NA,3,2,7,3,2,1,3,8,5,2,6,7,NA,NA
PLFEKH_19085,5,6,NA,1,2,3,2,2,3,3,NA,NA,2,1,4,NA,17,1,NA,NA,6,2,1,1,7,10,2,1,NA,7,5,NA,18,3,12,2,2,2,7,15,2,2,4,NA,NA,7,8,1,7,3,5,8,19,10,13,10,3,7,11,1,1
PLFEKH_19090,3,5,NA,NA,2,1,NA,NA,1,3,1,1,1,NA,NA,NA,6,NA,NA,1,3,NA,NA,NA,3,2,4,NA,NA,1,9,NA,4,1,5,NA,2,NA,2,13,NA,NA,2,NA,NA,3,NA,3,5,5,2,1,10,4,1,11,3,6,4,NA,NA
PLFEKH_19095,11,6,2,3,2,2,4,5,10,9,3,3,4,3,5,2,25,2,2,2,10,5,5,6,6,8,6,1,1,8,12,1,8,2,9,3,2,5,10,15,1,1,7,2,NA,5,6,3,6,1,15,6,8,15,5,15,6,9,8,1,5
PLFEKH_19100,4,NA,NA,5,NA,1,NA,NA,2,NA,2,3,4,1,3,NA,8,NA,NA,NA,5,5,1,3,5,1,5,NA,NA,1,4,1,4,NA,4,NA,2,1,NA,4,4,1,5,NA,NA,1,NA,NA,7,NA,3,NA,6,6,2,5,3,NA,7,1,1
PLFEKH_19125,4,NA,1,3,NA,NA,NA,1,2,2,NA,NA,1,1,2,NA,7,NA,NA,1,6,4,2,2,6,NA,3,NA,1,NA,3,NA,3,1,3,NA,NA,NA,NA,7,1,1,1,NA,2,NA,1,1,3,NA,1,2,5,6,3,4,3,NA,5,NA,2
PLFEKH_19130,9,3,1,2,1,1,NA,4,7,4,1,2,4,3,3,NA,12,3,1,4,8,4,NA,4,9,6,8,NA,3,5,4,2,7,1,2,2,4,5,4,10,NA,5,4,NA,1,2,6,NA,7,1,5,2,13,9,4,7,4,1,5,3,2
PLFEKH_19140,NA,2,NA,NA,2,1,NA,NA,NA,1,NA,NA,NA,NA,1,NA,5,1,NA,NA,NA,1,1,1,4,2,1,NA,NA,NA,3,NA,1,NA,10,NA,NA,1,1,10,2,1,2,NA,NA,4,2,NA,9,2,4,1,2,4,6,5,1,4,2,NA,NA
PLFEKH_19145,8,11,NA,NA,2,4,1,3,8,3,1,3,4,5,4,NA,23,NA,NA,NA,10,1,5,2,16,12,5,NA,NA,5,10,NA,16,1,13,NA,1,1,13,19,10,NA,4,NA,NA,11,2,5,9,3,2,2,12,14,11,22,8,9,12,NA,4
PLFEKH_19150,2,2,1,2,NA,2,2,NA,2,NA,NA,1,2,2,1,NA,5,1,NA,1,2,NA,2,2,2,3,1,NA,NA,5,5,NA,2,1,2,NA,2,4,5,3,1,NA,1,NA,NA,3,NA,NA,2,NA,5,NA,6,5,2,7,3,1,7,NA,2
PLFEKH_19155,2,1,1,1,NA,NA,1,NA,1,3,NA,NA,1,NA,NA,NA,7,NA,1,NA,NA,1,NA,1,2,2,3,NA,NA,4,1,NA,1,NA,1,1,1,2,1,1,NA,1,NA,NA,1,NA,2,NA,3,2,2,NA,6,2,1,6,1,NA,1,1,NA
PLFEKH_19160,NA,NA,3,1,NA,NA,2,NA,NA,NA,NA,1,2,NA,1,1,4,1,1,2,2,NA,NA,3,1,NA,2,NA,2,1,1,NA,1,1,1,NA,2,NA,2,NA,NA,NA,1,NA,NA,1,1,NA,3,1,NA,2,2,2,1,3,NA,1,2,NA,NA
PLFEKH_19165,9,5,2,2,2,2,NA,1,2,2,NA,1,3,3,3,NA,9,1,NA,NA,7,1,2,2,7,4,7,1,NA,3,1,NA,5,NA,1,1,4,2,6,6,1,NA,6,NA,NA,3,6,2,7,NA,5,1,5,13,3,7,4,4,10,NA,1
PLFEKH_19185,NA,NA,NA,1,NA,NA,NA,NA,NA,1,NA,NA,NA,NA,NA,NA,NA,NA,NA,NA,NA,1,NA,NA,1,NA,NA,NA,1,NA,NA,NA,NA,NA,NA,NA,NA,NA,NA,NA,NA,NA,NA,NA,NA,NA,NA,NA,NA,NA,NA,NA,NA,NA,NA,NA,NA,NA,NA,NA,NA
PLFEKH_19190,3,1,3,1,NA,1,2,2,4,NA,2,NA,7,2,1,NA,7,NA,NA,2,4,3,1,3,3,1,5,1,NA,NA,7,NA,6,1,3,1,1,3,4,3,NA,1,NA,NA,NA,2,2,NA,4,NA,3,2,4,5,NA,7,5,2,3,1,NA
PLFEKH_19195,7,NA,4,4,3,NA,4,3,NA,2,NA,1,1,1,1,NA,6,NA,NA,1,2,2,NA,2,4,4,1,1,2,7,2,1,5,1,2,1,4,4,1,5,1,2,2,3,NA,1,1,2,1,1,2,1,5,3,1,4,5,2,2,1,NA
PLFEKH_19200,NA,NA,1,NA,NA,NA,NA,NA,NA,NA,NA,NA,NA,NA,NA,NA,NA,NA,NA,NA,NA,NA,NA,NA,NA,1,NA,NA,NA,2,NA,NA,NA,NA,NA,NA,1,1,NA,2,NA,NA,NA,NA,NA,NA,NA,NA,NA,NA,NA,NA,NA,2,NA,NA,NA,NA,NA,1,NA
PLFEKH_19205,4,4,1,3,1,1,NA,1,1,2,1,2,3,3,1,NA,11,NA,1,1,1,4,2,4,3,2,3,1,NA,5,5,NA,5,1,4,3,1,5,2,6,NA,2,3,NA,NA,1,3,2,4,1,11,2,3,5,NA,1,2,2,4,1,1
PLFEKH_19210,3,NA,1,1,NA,NA,2,2,2,1,NA,NA,3,1,NA,NA,3,NA,NA,NA,1,1,NA,1,1,NA,1,NA,NA,6,2,1,6,NA,6,1,NA,1,NA,2,NA,NA,3,NA,NA,2,1,1,2,2,NA,1,1,NA,NA,NA,NA,2,1,NA,1
PLFEKH_19215,2,1,NA,NA,NA,NA,1,NA,1,1,NA,NA,4,NA,1,1,8,NA,2,NA,4,1,1,6,3,2,1,NA,NA,1,2,NA,2,NA,NA,NA,NA,NA,1,3,NA,NA,2,1,NA,NA,1,NA,1,1,3,NA,5,2,2,7,NA,NA,1,2,NA
PLFEKH_19220,4,1,1,2,3,4,NA,2,1,1,1,1,NA,1,NA,1,11,NA,NA,2,NA,2,NA,1,4,1,10,NA,NA,2,8,NA,10,NA,8,NA,NA,3,10,8,2,1,3,NA,1,2,2,1,5,NA,2,1,4,6,2,7,5,3,4,1,1
PLFEKH_19225,NA,NA,2,2,NA,NA,1,2,1,1,NA,1,1,1,2,NA,8,NA,NA,NA,1,NA,NA,3,4,NA,NA,NA,NA,1,1,NA,1,2,2,NA,NA,1,5,3,3,1,2,NA,NA,NA,NA,1,NA,NA,2,3,1,3,1,4,NA,2,2,1,NA
PLFEKH_19230,19,21,5,4,4,7,8,6,10,9,3,2,13,4,10,NA,35,4,NA,2,18,8,4,4,20,12,11,1,1,12,17,1,8,2,15,1,11,11,20,28,6,4,9,NA,NA,6,11,5,12,6,9,6,16,22,20,20,12,13,17,3,4
PLFEKH_19235,6,3,2,3,NA,1,2,NA,3,NA,4,1,NA,NA,NA,NA,6,1,2,3,3,6,1,3,10,3,2,NA,1,6,3,1,6,1,4,1,6,4,3,9,NA,2,4,NA,NA,1,2,1,8,3,3,5,11,6,5,10,4,7,5,NA,2
PLFEKH_19255,9,28,1,1,8,7,1,1,5,16,3,2,13,2,3,NA,56,4,1,2,19,1,8,2,12,8,7,NA,NA,15,30,NA,25,5,19,NA,4,NA,16,18,5,1,5,NA,NA,13,3,5,15,5,11,9,22,2,11,10,6,28,19,NA,2
PLFEKH_19265,3,4,1,NA,NA,3,NA,4,NA,5,1,3,3,NA,3,1,18,1,NA,NA,3,3,1,1,6,3,5,NA,NA,9,5,NA,6,NA,9,NA,2,2,8,6,1,NA,3,NA,NA,1,4,2,5,NA,5,2,2,7,7,9,2,1,7,NA,1
PLFEKH_19340,5,2,NA,NA,NA,NA,NA,1,1,NA,1,NA,5,NA,NA,NA,2,NA,NA,NA,1,NA,1,NA,2,NA,1,NA,NA,3,2,NA,2,NA,1,NA,NA,NA,1,1,NA,1,NA,NA,NA,NA,1,NA,NA,1,NA,NA,3,NA,NA,1,NA,1,1,NA,1
PLFEKH_19345,10,2,3,4,4,NA,NA,1,3,NA,1,NA,8,2,3,NA,12,1,NA,NA,3,6,2,3,11,5,10,2,5,10,5,NA,4,NA,1,NA,2,5,5,10,2,NA,2,NA,NA,4,NA,2,7,NA,6,2,7,19,3,13,5,4,4,NA,NA
PLFEKH_19370,11,NA,NA,2,2,NA,NA,2,4,NA,NA,2,9,2,6,NA,12,1,NA,2,3,1,1,4,1,NA,4,NA,NA,5,6,NA,8,NA,1,NA,2,2,1,4,NA,1,3,NA,NA,1,2,NA,4,NA,8,3,6,NA,NA,1,NA,2,9,2,1
PLFEKH_19385,NA,NA,3,NA,NA,NA,NA,NA,2,NA,1,1,1,1,NA,NA,3,NA,1,NA,2,2,1,1,NA,NA,1,NA,NA,NA,1,NA,5,NA,4,1,NA,2,1,1,NA,1,NA,NA,NA,2,3,1,3,NA,4,3,3,1,NA,3,NA,3,3,1,NA
PLFEKH_19390,3,3,2,4,4,4,1,NA,4,1,NA,2,1,1,6,NA,13,3,NA,NA,6,3,6,1,6,2,8,NA,NA,10,6,NA,4,NA,8,NA,6,4,5,7,3,2,8,NA,NA,7,6,2,9,2,10,3,7,7,8,16,3,10,11,NA,2
PLFEKH_19430,NA,6,NA,NA,1,4,NA,NA,1,7,NA,2,4,NA,3,NA,18,NA,NA,2,9,2,8,NA,10,12,6,NA,NA,10,9,NA,12,NA,11,NA,NA,NA,9,10,3,NA,3,NA,NA,7,2,1,6,3,NA,3,8,10,13,24,2,8,7,NA,NA
PLFEKH_19560,NA,NA,NA,NA,NA,NA,NA,NA,NA,NA,NA,NA,NA,NA,NA,NA,NA,NA,NA,NA,NA,NA,NA,NA,NA,NA,NA,NA,NA,NA,NA,NA,NA,NA,NA,NA,NA,NA,NA,1,NA,NA,NA,NA,NA,NA,NA,NA,NA,NA,NA,NA,NA,NA,NA,NA,NA,NA,NA,NA,NA
PLFEKH_19730,2,NA,NA,NA,NA,1,NA,NA,NA,NA,1,1,1,NA,NA,NA,2,NA,NA,NA,2,3,1,NA,NA,NA,1,NA,NA,1,1,NA,1,NA,NA,NA,NA,NA,NA,1,NA,NA,NA,NA,NA,NA,1,NA,1,NA,2,NA,NA,3,NA,NA,NA,1,2,NA,NA
PLFEKH_19735,1,1,NA,NA,NA,NA,NA,NA,1,NA,1,NA,1,NA,NA,NA,1,NA,NA,NA,NA,1,NA,NA,1,NA,NA,NA,NA,NA,NA,NA,1,NA,NA,NA,NA,1,NA,2,NA,NA,NA,NA,NA,NA,1,NA,NA,NA,NA,NA,NA,3,NA,NA,NA,1,1,NA,NA
PLFEKH_19750,3,2,NA,NA,1,NA,NA,NA,1,NA,NA,NA,4,NA,1,NA,8,NA,NA,NA,7,1,1,1,1,2,NA,NA,NA,4,4,NA,8,1,3,NA,NA,NA,1,3,1,NA,1,NA,NA,1,NA,2,2,NA,2,1,3,NA,NA,4,1,7,4,NA,NA
PLFEKH_19765,4,7,2,4,2,1,NA,6,5,3,NA,NA,5,3,3,1,10,NA,NA,1,10,1,1,2,14,9,1,NA,1,3,5,NA,14,NA,7,NA,2,2,5,9,2,NA,5,NA,NA,2,5,3,11,3,3,2,11,5,4,4,2,9,9,1,2
PLFEKH_19775,4,4,4,1,2,3,NA,1,2,8,1,6,4,2,3,NA,22,2,NA,1,6,3,3,2,9,11,5,NA,NA,11,7,NA,15,2,11,1,4,6,9,12,5,1,3,NA,NA,4,3,1,12,3,4,3,13,10,3,14,7,12,12,NA,3
PLFEKH_19785,3,2,1,1,1,NA,NA,NA,1,NA,NA,NA,2,NA,NA,NA,5,1,NA,NA,6,1,NA,2,NA,1,2,1,NA,1,1,1,NA,NA,1,2,NA,1,NA,1,NA,1,5,NA,NA,1,NA,1,2,1,3,2,4,4,1,5,1,1,1,2,NA
PLFEKH_19790,5,26,NA,NA,3,6,NA,4,9,6,2,3,23,1,5,NA,53,2,NA,1,20,2,12,2,26,26,18,NA,NA,16,34,NA,29,3,27,NA,1,4,23,30,8,NA,6,NA,NA,21,4,5,11,4,9,9,20,17,32,47,9,19,24,NA,1
PLFEKH_19800,3,1,1,NA,NA,NA,NA,NA,5,NA,NA,2,1,1,NA,NA,3,NA,NA,1,NA,2,NA,1,1,NA,2,NA,NA,2,1,NA,3,NA,1,NA,1,NA,NA,4,NA,2,NA,NA,NA,1,1,NA,1,1,1,NA,1,NA,NA,4,2,1,2,NA,2
PLFEKH_19805,3,NA,NA,1,NA,NA,NA,NA,NA,2,NA,2,1,NA,1,NA,4,NA,NA,1,NA,NA,NA,1,1,NA,NA,NA,NA,1,3,NA,1,1,1,NA,1,1,NA,2,NA,NA,1,NA,NA,3,NA,NA,2,NA,2,NA,1,4,2,7,4,3,1,NA,NA
PLFEKH_19825,1,NA,1,NA,NA,NA,NA,NA,NA,1,1,NA,NA,NA,1,NA,1,NA,NA,NA,NA,NA,NA,NA,NA,NA,NA,NA,NA,NA,NA,NA,NA,NA,NA,NA,NA,NA,NA,NA,NA,NA,NA,NA,NA,NA,NA,NA,NA,NA,1,1,NA,1,NA,NA,NA,NA,1,NA,NA
PLFEKH_19830,NA,NA,NA,NA,NA,NA,NA,NA,NA,NA,NA,NA,NA,NA,NA,NA,1,NA,NA,NA,1,NA,NA,NA,NA,NA,NA,NA,NA,NA,1,NA,2,NA,1,NA,NA,1,1,1,NA,NA,NA,NA,NA,NA,1,NA,NA,NA,1,2,NA,5,1,1,NA,NA,2,NA,NA
PLFEKH_19835,NA,NA,NA,NA,NA,NA,NA,NA,NA,NA,NA,NA,NA,NA,NA,NA,NA,NA,NA,NA,NA,NA,NA,NA,NA,NA,NA,NA,NA,NA,2,NA,NA,NA,1,NA,NA,NA,NA,NA,NA,NA,NA,NA,NA,NA,NA,NA,NA,NA,NA,NA,1,1,NA,NA,NA,NA,NA,NA,NA
PLFEKH_19840,3,4,1,1,3,4,1,1,1,5,NA,NA,2,1,2,NA,13,NA,NA,NA,7,3,6,4,6,3,5,NA,NA,4,3,1,7,1,7,1,3,5,4,8,1,1,4,NA,NA,5,1,2,5,NA,11,3,8,9,6,9,2,3,7,NA,2
PLFEKH_19845,2,NA,NA,NA,NA,1,NA,1,2,NA,1,1,NA,NA,NA,NA,2,NA,NA,NA,2,1,NA,1,NA,1,4,1,NA,NA,5,NA,1,NA,1,NA,1,2,3,3,NA,2,3,NA,NA,1,1,NA,3,NA,4,NA,NA,1,2,3,2,NA,1,NA,NA
PLFEKH_19865,4,4,4,4,NA,4,2,2,5,3,1,3,1,2,2,NA,11,2,2,3,3,5,2,11,6,4,4,1,2,2,11,1,8,1,7,NA,1,4,1,8,3,3,3,NA,NA,4,2,1,5,4,7,5,5,3,7,11,2,3,4,2,2
PLFEKH_19875,15,4,3,9,3,5,1,2,9,9,2,2,19,3,3,1,15,5,4,7,3,8,5,7,10,10,15,2,NA,8,7,NA,14,1,9,1,6,5,18,11,3,2,6,NA,NA,NA,3,5,10,2,10,7,9,16,9,15,9,6,11,2,7
PLFEKH_19880,11,13,1,1,3,1,NA,7,9,16,3,8,6,NA,6,NA,33,1,NA,3,21,6,9,1,19,20,14,NA,NA,16,18,NA,9,2,19,NA,2,2,30,23,7,2,9,NA,NA,3,2,4,19,7,9,6,10,20,10,22,15,14,22,1,2
PLFEKH_19885,1,NA,NA,1,NA,2,NA,NA,1,NA,1,NA,2,NA,3,NA,3,NA,NA,NA,4,1,NA,2,3,NA,2,NA,NA,4,2,NA,2,1,NA,1,NA,1,3,3,NA,NA,NA,NA,NA,2,1,1,2,1,1,NA,NA,5,5,1,NA,NA,4,NA,NA
PLFEKH_19895,3,3,2,1,NA,2,1,3,4,3,2,1,6,NA,1,1,13,1,NA,3,5,5,5,2,10,4,4,NA,NA,12,2,1,8,1,11,1,4,7,5,13,NA,2,9,NA,NA,3,3,3,5,NA,6,3,9,13,2,12,5,10,10,2,5
PLFEKH_19900,NA,1,1,1,NA,NA,NA,NA,NA,NA,NA,NA,1,NA,1,NA,10,NA,1,NA,1,1,NA,NA,7,3,7,NA,NA,2,4,NA,2,NA,NA,NA,NA,2,2,5,6,NA,NA,NA,NA,NA,NA,1,1,2,3,NA,5,8,NA,3,2,2,NA,NA,2
PLFEKH_19910,8,6,2,1,1,NA,1,3,3,3,1,4,10,2,2,NA,24,3,NA,NA,6,6,5,2,12,6,1,NA,NA,13,9,NA,12,NA,7,1,4,4,6,15,2,NA,4,NA,NA,4,1,2,14,4,8,5,13,14,5,15,7,8,10,2,3
PLFEKH_19915,4,9,NA,NA,3,2,1,2,4,9,1,4,NA,NA,3,NA,11,2,NA,1,6,NA,4,1,5,5,5,NA,1,7,6,NA,4,1,6,NA,3,1,8,13,1,NA,4,NA,NA,8,3,2,5,2,5,5,4,10,3,13,6,6,8,2,1
PLFEKH_19945,NA,3,NA,NA,2,NA,NA,NA,1,4,NA,2,2,NA,1,NA,9,NA,NA,NA,3,NA,5,NA,1,1,NA,NA,NA,1,3,NA,1,1,1,NA,NA,NA,3,8,2,NA,1,NA,NA,4,1,1,1,1,1,NA,1,3,6,5,1,3,2,NA,NA
PLFEKH_19960,NA,NA,NA,2,NA,NA,NA,NA,2,3,NA,NA,1,1,NA,NA,1,NA,NA,NA,1,NA,NA,NA,2,1,2,NA,NA,2,NA,NA,1,NA,1,NA,2,NA,1,NA,NA,1,NA,NA,1,2,NA,1,NA,NA,3,1,1,1,NA,3,NA,2,NA,NA,1
PLFEKH_19965,15,9,3,12,8,7,1,8,9,4,1,1,19,14,13,4,53,3,1,7,32,4,3,14,43,13,23,2,4,19,23,3,23,2,31,4,19,20,44,45,8,6,13,NA,NA,10,14,8,39,4,14,1,31,34,26,35,21,19,34,6,16
PLFEKH_19975,3,1,1,1,NA,1,1,NA,9,2,1,NA,3,1,NA,1,4,NA,1,2,2,2,2,1,8,4,2,NA,1,2,3,NA,2,1,4,1,3,3,1,NA,NA,1,2,NA,NA,2,1,1,2,1,8,1,4,7,2,5,2,1,3,1,NA
PLFEKH_19990,12,11,4,2,6,1,3,4,2,6,1,2,3,1,6,NA,25,NA,1,3,9,1,5,4,4,8,7,NA,NA,11,18,NA,14,2,9,1,3,3,12,9,2,1,5,NA,NA,1,8,3,14,3,4,5,9,15,10,15,6,5,10,NA,1
PLFEKH_20000,2,NA,2,NA,NA,NA,1,1,1,1,NA,NA,4,1,NA,NA,5,NA,1,NA,2,1,1,2,4,NA,4,NA,NA,6,NA,NA,1,NA,5,NA,1,2,2,7,2,3,3,NA,NA,1,1,2,6,2,2,1,2,4,3,2,1,4,1,1,1
PLFEKH_20010,1,2,2,NA,2,2,NA,1,2,3,NA,2,6,2,1,NA,8,1,1,1,6,3,1,1,9,3,1,NA,NA,6,1,NA,2,NA,3,1,3,2,2,7,1,NA,2,NA,NA,2,1,1,4,3,2,1,7,4,1,8,4,3,4,1,NA
PLFEKH_20020,3,1,NA,NA,NA,NA,NA,1,NA,NA,NA,NA,2,NA,NA,NA,4,NA,NA,NA,2,1,1,NA,3,NA,1,NA,NA,2,NA,NA,1,NA,NA,NA,NA,3,1,3,NA,NA,NA,NA,NA,NA,NA,NA,3,NA,NA,NA,NA,3,NA,3,1,1,3,NA,NA
PLFEKH_20025,1,NA,1,NA,NA,NA,NA,1,1,NA,NA,NA,NA,2,1,NA,3,NA,NA,NA,3,1,NA,NA,4,1,1,NA,NA,NA,1,NA,1,NA,NA,NA,1,NA,1,NA,2,NA,2,NA,NA,1,NA,NA,4,1,NA,1,1,1,NA,3,1,NA,1,NA,1
PLFEKH_20030,3,1,1,NA,4,1,NA,1,3,4,NA,NA,2,1,3,1,12,NA,NA,NA,3,1,2,1,5,2,2,NA,1,2,3,NA,2,NA,3,2,2,1,2,10,2,1,7,NA,NA,3,NA,1,4,4,6,6,7,11,1,7,3,3,10,2,NA
PLFEKH_20035,4,3,4,3,NA,2,1,NA,5,3,2,4,9,4,6,NA,14,1,3,NA,6,1,1,3,5,6,5,NA,1,6,4,1,9,1,3,NA,3,4,4,3,NA,1,3,NA,NA,3,3,NA,8,1,7,3,6,NA,5,1,1,1,9,2,1
PLFEKH_20040,NA,1,NA,NA,NA,1,NA,NA,1,1,NA,1,2,NA,1,NA,8,NA,NA,2,5,1,4,3,1,1,3,NA,NA,4,2,NA,8,1,3,2,NA,2,2,9,1,NA,5,NA,NA,1,2,NA,1,1,2,2,3,3,4,11,6,NA,2,NA,1
PLFEKH_20045,11,18,1,3,5,3,3,5,3,3,1,3,13,3,3,NA,16,1,NA,NA,9,2,1,NA,5,1,3,NA,1,9,9,1,19,NA,3,NA,2,2,3,10,2,2,1,NA,NA,4,6,4,15,5,3,1,8,2,2,6,4,6,5,2,4
PLFEKH_20050,1,2,NA,NA,2,NA,NA,NA,1,1,NA,NA,2,NA,NA,NA,7,NA,NA,NA,6,1,1,1,4,6,4,NA,NA,2,5,NA,2,1,3,NA,NA,NA,1,5,NA,NA,2,NA,NA,7,NA,1,6,4,3,2,NA,2,3,11,1,3,5,NA,NA
PLFEKH_20055,NA,2,2,NA,NA,NA,1,NA,NA,NA,NA,NA,1,NA,NA,NA,1,NA,NA,NA,1,NA,NA,4,6,NA,1,NA,NA,1,1,NA,1,NA,NA,NA,1,NA,NA,1,NA,1,NA,NA,NA,NA,NA,NA,1,NA,NA,NA,1,7,1,6,NA,NA,2,NA,NA
PLFEKH_20070,NA,1,NA,NA,1,1,NA,NA,NA,NA,NA,NA,NA,NA,NA,NA,7,NA,NA,NA,1,NA,1,NA,NA,1,3,NA,NA,NA,4,NA,NA,4,2,NA,NA,2,1,4,1,NA,1,NA,NA,5,NA,1,1,11,NA,3,1,NA,3,9,1,3,3,NA,NA
PLFEKH_20075,NA,NA,NA,NA,NA,NA,NA,NA,NA,1,NA,NA,NA,NA,NA,NA,1,NA,NA,NA,NA,NA,NA,NA,2,1,NA,NA,NA,NA,NA,NA,NA,NA,NA,NA,NA,NA,NA,NA,NA,NA,NA,NA,NA,NA,NA,NA,NA,NA,NA,NA,NA,NA,NA,NA,NA,NA,NA,NA,NA
PLFEKH_20080,NA,1,NA,NA,NA,NA,1,NA,NA,NA,NA,1,NA,NA,NA,NA,NA,NA,1,NA,NA,NA,2,NA,2,NA,1,NA,NA,3,NA,2,NA,1,1,NA,1,NA,1,NA,2,2,1,NA,NA,3,1,NA,NA,NA,1,1,NA,NA,NA,1,NA,NA,1,1,1
PLFEKH_20085,NA,2,NA,NA,1,NA,NA,NA,NA,1,NA,NA,NA,NA,NA,NA,3,NA,NA,NA,1,NA,3,NA,1,1,3,NA,NA,NA,2,NA,4,1,3,NA,NA,NA,3,4,1,NA,1,NA,NA,6,NA,NA,1,2,1,1,1,2,1,4,3,NA,NA,NA,NA
PLFEKH_20095,1,1,1,NA,1,1,NA,1,1,2,NA,NA,3,NA,1,NA,3,NA,NA,NA,4,5,1,1,3,1,NA,NA,NA,4,1,NA,4,NA,2,NA,3,1,1,3,NA,NA,2,NA,NA,NA,1,NA,9,NA,1,1,6,2,NA,5,NA,NA,2,NA,3
PLFEKH_20125,4,5,1,NA,NA,1,1,NA,4,2,NA,2,7,2,NA,NA,8,NA,NA,NA,8,3,9,3,8,2,3,NA,NA,3,8,NA,8,2,4,NA,NA,1,11,17,1,NA,NA,NA,NA,1,NA,1,4,5,1,1,2,12,8,3,2,4,11,1,NA
PLFEKH_20130,3,NA,1,1,NA,1,NA,NA,3,2,1,1,2,1,1,1,8,NA,NA,NA,2,2,2,2,4,2,4,NA,1,2,7,NA,9,1,4,NA,1,5,3,7,3,2,8,NA,NA,1,1,3,5,1,2,4,2,6,1,6,1,NA,6,2,4
PLFEKH_20135,3,1,3,2,NA,NA,3,1,1,NA,2,NA,5,NA,1,4,7,2,1,1,2,1,3,3,6,5,1,NA,3,2,1,2,6,1,3,2,4,3,2,1,NA,1,1,1,NA,NA,1,NA,3,2,5,5,8,4,5,8,2,3,4,1,NA
PLFEKH_20140,NA,NA,2,NA,1,NA,NA,NA,1,1,NA,NA,NA,NA,NA,NA,NA,NA,NA,NA,1,NA,NA,1,1,NA,NA,1,1,NA,1,1,1,NA,NA,NA,NA,NA,NA,2,NA,NA,2,NA,NA,2,3,1,NA,3,NA,2,NA,2,1,1,NA,1,NA,NA,1
PLFEKH_20145,NA,NA,1,NA,NA,NA,1,NA,NA,1,NA,NA,1,NA,NA,NA,NA,NA,NA,NA,NA,NA,NA,1,1,1,1,NA,NA,1,1,NA,NA,NA,NA,NA,NA,NA,NA,NA,1,NA,NA,NA,NA,NA,NA,NA,2,NA,NA,NA,2,1,1,2,NA,1,NA,NA,NA
PLFEKH_20150,17,2,10,10,4,4,1,4,4,4,3,4,9,6,2,1,18,3,1,3,8,8,2,8,17,10,14,2,8,8,3,1,19,1,4,NA,7,5,4,9,3,2,5,NA,NA,2,1,3,10,3,9,2,16,15,6,16,10,10,7,2,9
PLFEKH_20155,NA,NA,NA,1,NA,NA,NA,1,3,1,1,3,9,NA,NA,NA,5,NA,NA,NA,3,NA,NA,NA,5,1,NA,NA,NA,NA,NA,NA,3,NA,1,NA,NA,NA,1,1,1,NA,1,NA,NA,NA,NA,NA,3,NA,NA,NA,NA,5,1,5,2,2,2,NA,NA
PLFEKH_20160,1,NA,NA,NA,1,NA,NA,NA,NA,NA,1,NA,1,NA,NA,NA,NA,NA,NA,NA,2,NA,NA,NA,NA,NA,NA,NA,NA,NA,NA,NA,NA,NA,NA,NA,NA,NA,NA,NA,NA,1,NA,NA,NA,1,NA,NA,NA,NA,NA,NA,1,NA,NA,NA,NA,3,3,NA,NA
PLFEKH_20165,1,2,3,1,NA,1,NA,NA,2,1,NA,NA,1,1,1,NA,NA,NA,NA,NA,NA,NA,1,NA,NA,NA,NA,NA,NA,4,2,NA,1,NA,1,1,NA,3,NA,1,NA,2,1,NA,NA,1,1,NA,2,1,NA,4,2,NA,NA,1,NA,NA,1,1,1
PLFEKH_20170,5,1,1,NA,NA,NA,NA,NA,2,5,NA,NA,4,NA,2,NA,4,NA,NA,NA,1,2,1,2,2,NA,2,1,NA,3,5,NA,3,2,2,NA,NA,5,2,5,1,2,1,NA,NA,NA,3,1,NA,NA,1,NA,NA,6,1,11,6,3,4,1,NA
PLFEKH_20185,NA,1,NA,2,1,1,NA,1,2,NA,NA,1,1,NA,5,NA,8,NA,NA,1,4,3,1,1,6,3,3,NA,1,3,6,NA,6,1,3,NA,2,1,3,5,1,NA,3,NA,NA,3,1,1,6,1,2,3,7,6,2,6,4,4,2,3,NA
PLFEKH_20190,10,9,2,2,4,5,1,10,8,9,3,3,5,1,6,NA,37,2,1,3,18,8,8,5,21,30,18,NA,1,17,7,NA,20,5,10,NA,3,4,7,35,10,NA,5,2,NA,14,13,4,10,1,5,4,20,20,21,37,15,10,21,NA,5
PLFEKH_20195,NA,NA,NA,NA,NA,1,NA,NA,NA,NA,NA,1,NA,NA,NA,NA,NA,NA,NA,NA,NA,NA,NA,NA,NA,1,NA,NA,NA,NA,NA,NA,NA,NA,NA,NA,NA,NA,1,1,NA,NA,NA,NA,NA,1,NA,NA,1,NA,NA,NA,NA,NA,NA,NA,NA,NA,NA,1,NA
PLFEKH_20200,1,9,NA,1,6,3,1,NA,5,7,1,2,3,3,6,NA,26,1,1,1,10,1,3,NA,8,19,2,NA,NA,4,11,NA,8,6,10,NA,3,1,8,15,1,NA,1,NA,NA,16,1,4,6,7,2,5,11,14,11,17,8,16,15,NA,1
PLFEKH_20210,2,6,NA,1,6,1,1,1,2,4,NA,NA,1,NA,2,NA,13,NA,NA,NA,4,1,1,2,6,16,3,NA,NA,6,8,1,6,2,6,1,5,1,7,10,5,2,4,1,NA,3,4,3,8,4,6,6,8,8,11,17,6,9,4,NA,NA
PLFEKH_20215,4,3,1,1,2,2,1,2,7,3,NA,NA,2,2,1,NA,19,1,NA,1,11,1,NA,3,12,12,9,NA,NA,8,7,NA,7,1,13,2,5,1,14,14,3,4,8,NA,NA,7,4,3,11,4,8,4,14,4,8,21,7,16,10,2,NA
PLFEKH_20220,7,3,2,9,1,1,NA,3,3,1,1,1,3,9,2,NA,15,1,NA,2,8,4,3,6,16,19,6,NA,4,7,8,3,4,1,12,2,5,3,5,8,4,2,2,3,NA,8,5,4,6,4,7,4,13,7,8,17,15,8,5,2,4
PLFEKH_20225,NA,NA,NA,NA,3,NA,NA,NA,NA,NA,NA,NA,NA,NA,NA,NA,NA,NA,NA,NA,2,1,2,NA,1,NA,NA,NA,NA,1,NA,NA,1,1,1,NA,NA,NA,3,NA,1,2,2,NA,NA,3,1,NA,NA,NA,1,NA,1,NA,NA,NA,NA,2,1,NA,NA
PLFEKH_20230,5,3,3,9,1,2,4,5,4,3,NA,2,5,5,2,2,7,1,NA,3,9,6,2,6,10,5,3,3,5,6,5,1,5,1,2,NA,7,1,1,1,3,NA,1,2,2,5,1,NA,3,6,7,6,10,9,2,13,6,7,2,2,4
PLFEKH_20235,7,4,7,4,3,2,4,4,5,4,2,3,7,5,2,2,28,5,3,NA,20,9,4,12,21,8,16,1,4,11,12,2,6,2,6,NA,7,7,6,18,1,5,2,NA,1,3,3,3,17,3,12,7,24,8,7,27,7,9,9,NA,2
PLFEKH_20240,6,3,2,5,1,1,1,4,3,2,NA,NA,2,1,3,1,11,3,1,1,7,4,1,8,10,5,8,NA,2,8,8,NA,5,1,6,NA,7,9,9,11,2,4,8,NA,NA,6,3,5,10,3,2,5,13,15,1,10,3,4,7,2,2
PLFEKH_20245,3,NA,1,1,NA,NA,NA,NA,5,1,NA,1,1,2,1,NA,2,1,2,1,1,1,2,3,2,1,2,NA,NA,1,1,1,1,NA,NA,NA,1,1,1,1,NA,NA,1,NA,NA,1,3,NA,1,1,3,1,NA,4,2,2,4,3,1,NA,1
PLFEKH_20250,5,NA,6,6,2,4,1,3,3,NA,2,2,8,3,4,1,19,5,3,1,7,8,6,7,6,7,8,2,3,15,6,NA,7,1,5,NA,7,6,5,11,1,2,3,NA,NA,4,4,4,9,9,10,10,15,16,7,10,6,9,18,4,5
PLFEKH_20255,5,4,7,1,2,NA,1,2,6,1,2,6,7,4,5,1,10,2,1,2,8,1,7,4,3,7,6,2,1,8,5,1,6,NA,2,2,3,6,2,6,3,1,4,1,NA,1,6,NA,4,3,7,1,8,8,3,10,10,6,6,1,1
PLFEKH_20275,2,2,1,NA,NA,NA,NA,1,1,2,NA,NA,3,NA,1,NA,8,1,NA,NA,3,2,1,NA,5,1,2,NA,NA,2,1,NA,4,NA,3,NA,2,NA,1,5,1,NA,4,NA,NA,NA,NA,NA,2,1,NA,1,5,4,1,5,3,1,1,NA,2
PLFEKH_20280,2,4,1,3,1,5,NA,1,4,2,1,4,2,NA,3,NA,12,1,NA,NA,7,3,8,2,6,5,6,NA,1,11,10,1,3,2,9,NA,2,3,5,9,1,NA,2,NA,NA,3,5,3,7,2,5,NA,6,9,9,12,7,5,5,NA,2
PLFEKH_20285,8,3,NA,1,3,2,NA,NA,1,5,NA,1,3,1,4,NA,12,2,NA,2,8,1,2,3,5,5,7,NA,NA,6,8,NA,6,1,9,NA,5,2,8,7,1,NA,5,NA,NA,5,2,3,5,3,6,3,5,6,2,13,3,4,8,NA,1
PLFEKH_20305,17,17,8,5,3,4,4,6,10,2,1,1,13,2,4,NA,18,4,NA,3,5,2,1,NA,10,3,2,NA,NA,22,6,1,22,3,7,4,5,9,7,9,1,2,5,1,NA,10,6,7,10,4,6,8,13,3,3,8,1,13,4,3,4
PLFEKH_20310,7,6,2,5,2,1,1,1,7,3,1,1,2,1,2,1,12,2,1,2,5,5,4,9,6,7,4,1,2,6,1,NA,8,1,4,1,3,5,3,6,1,1,3,NA,NA,4,3,2,4,2,4,5,5,7,8,12,9,5,3,NA,4
PLFEKH_20315,NA,1,NA,NA,NA,1,NA,NA,2,2,NA,1,NA,NA,NA,NA,11,NA,NA,NA,7,1,4,NA,2,7,1,NA,NA,1,NA,NA,5,NA,5,NA,NA,NA,5,4,NA,NA,1,NA,NA,NA,1,1,1,NA,NA,1,NA,4,4,8,NA,6,5,NA,NA
PLFEKH_20320,1,5,1,1,NA,4,NA,NA,1,4,4,6,2,NA,NA,NA,7,NA,NA,1,7,1,4,NA,7,4,4,NA,NA,3,7,NA,7,2,4,NA,1,NA,10,4,4,1,3,NA,NA,2,3,1,3,3,3,1,9,6,3,6,2,6,5,NA,NA
PLFEKH_20325,2,1,1,NA,NA,NA,NA,NA,NA,NA,NA,NA,2,NA,NA,NA,5,NA,NA,2,2,NA,NA,1,NA,NA,NA,NA,NA,3,4,NA,1,1,2,NA,NA,2,2,6,NA,NA,NA,NA,NA,1,1,1,1,NA,1,2,2,NA,2,2,1,NA,1,1,NA
PLFEKH_20330,NA,4,1,NA,NA,NA,NA,NA,NA,1,1,NA,2,NA,NA,NA,6,1,NA,NA,1,NA,5,NA,1,1,2,NA,NA,1,1,NA,3,NA,NA,NA,NA,NA,NA,2,NA,NA,2,NA,NA,2,NA,1,NA,NA,NA,NA,3,1,NA,NA,1,2,NA,NA,NA
PLFEKH_20340,3,2,NA,NA,1,1,1,NA,3,4,NA,1,2,NA,1,NA,7,2,NA,1,1,1,1,NA,2,1,3,NA,1,2,NA,1,2,NA,2,1,1,2,2,5,NA,1,NA,1,NA,1,3,NA,2,1,NA,3,3,2,4,5,1,2,4,1,1
PLFEKH_20345,NA,NA,1,NA,NA,1,NA,1,1,NA,NA,NA,1,NA,1,NA,1,NA,NA,NA,1,NA,NA,NA,NA,NA,NA,NA,NA,2,1,NA,1,NA,NA,NA,1,NA,NA,1,NA,NA,NA,NA,NA,NA,1,1,1,2,1,1,NA,NA,NA,NA,1,1,3,NA,1
PLFEKH_20360,NA,5,NA,NA,3,2,NA,NA,NA,2,1,NA,3,NA,NA,NA,8,NA,NA,NA,5,NA,1,NA,3,NA,1,NA,NA,1,3,NA,2,8,4,NA,NA,1,6,6,NA,NA,NA,NA,NA,5,1,2,1,4,NA,4,NA,6,1,5,3,5,3,NA,NA
PLFEKH_20365,5,6,1,9,NA,1,1,1,5,2,NA,2,2,3,1,NA,17,NA,1,NA,7,6,4,4,7,9,2,NA,3,4,4,NA,7,1,2,1,1,6,6,6,1,2,1,NA,NA,3,1,4,9,2,3,3,7,9,4,8,7,1,8,1,NA
PLFEKH_20370,2,3,5,1,NA,1,1,NA,5,1,1,2,1,6,1,2,9,NA,NA,2,4,6,NA,6,4,4,3,3,1,6,3,NA,3,1,3,NA,3,7,3,11,1,1,2,NA,NA,3,1,1,3,3,2,5,4,9,2,14,2,2,2,NA,NA
PLFEKH_20380,NA,5,NA,NA,9,3,NA,NA,NA,7,NA,3,NA,NA,NA,NA,33,1,NA,1,8,NA,1,NA,15,13,3,NA,NA,2,28,NA,16,6,16,NA,NA,NA,13,31,3,NA,1,NA,NA,28,1,8,8,26,2,18,11,6,20,38,2,21,19,NA,NA
PLFEKH_20385,NA,1,NA,NA,NA,NA,NA,NA,NA,1,NA,NA,NA,NA,NA,NA,1,NA,NA,NA,1,NA,NA,NA,NA,NA,NA,NA,NA,1,1,NA,NA,NA,NA,NA,NA,1,1,2,2,NA,NA,NA,NA,2,NA,NA,3,NA,NA,NA,NA,1,1,1,1,1,3,NA,NA
PLFEKH_20390,10,7,12,4,2,1,1,4,8,1,2,5,10,5,6,2,17,3,2,1,2,5,4,5,3,2,3,2,NA,15,8,1,9,1,2,NA,2,9,1,5,NA,3,3,NA,NA,2,11,2,10,3,12,8,7,2,3,4,1,10,10,1,2
PLFEKH_20395,5,2,3,2,NA,NA,NA,1,NA,NA,NA,NA,NA,2,1,NA,4,NA,NA,NA,2,2,NA,2,1,NA,NA,NA,NA,2,1,NA,5,1,2,1,NA,2,1,2,3,1,1,NA,NA,1,NA,NA,3,NA,1,NA,3,1,NA,1,1,7,4,NA,1
PLFEKH_20400,1,9,NA,3,5,5,NA,NA,2,9,4,7,NA,2,2,NA,29,1,NA,3,11,1,5,3,13,7,4,NA,NA,8,18,NA,14,7,10,1,1,2,27,21,2,2,1,NA,NA,14,5,9,6,10,7,11,5,4,11,27,4,17,10,1,NA
PLFEKH_20415,NA,NA,1,NA,2,NA,NA,NA,1,2,NA,1,1,1,NA,NA,5,NA,NA,1,1,2,NA,2,3,NA,NA,NA,NA,1,NA,NA,1,1,2,NA,NA,NA,NA,1,2,NA,NA,NA,NA,NA,NA,1,1,NA,NA,NA,NA,NA,NA,5,1,1,NA,NA,NA
PLFEKH_20420,18,5,9,8,2,2,3,2,6,9,3,3,10,7,10,3,21,1,3,8,10,5,2,14,19,1,7,1,2,11,11,NA,12,2,14,2,8,3,8,15,1,1,9,1,NA,5,9,1,12,1,11,9,18,8,6,6,8,11,16,4,3
PLFEKH_20440,NA,5,NA,NA,NA,NA,NA,NA,2,NA,NA,1,7,NA,NA,NA,4,NA,NA,NA,1,NA,NA,NA,NA,NA,NA,NA,NA,1,2,NA,2,NA,1,NA,NA,NA,1,2,NA,NA,NA,NA,NA,1,NA,2,1,NA,2,NA,NA,2,1,1,1,8,2,NA,NA
PLFEKH_20445,6,2,NA,NA,1,1,NA,1,6,4,2,2,7,1,2,NA,12,NA,NA,2,10,1,7,NA,4,4,NA,NA,NA,8,8,NA,20,NA,9,NA,NA,2,7,15,NA,NA,5,NA,NA,NA,1,NA,2,1,NA,2,5,13,5,14,2,5,4,NA,1
PLFEKH_20450,6,4,2,1,1,NA,NA,1,2,NA,2,NA,7,NA,2,NA,10,NA,NA,NA,1,2,NA,2,3,2,3,NA,NA,3,2,NA,7,NA,NA,NA,1,NA,2,3,NA,NA,2,NA,NA,NA,NA,1,3,NA,2,1,3,2,1,1,1,3,12,NA,NA
PLFEKH_20480,8,2,6,6,1,1,NA,5,3,3,NA,NA,4,3,2,1,17,1,3,1,NA,2,3,3,8,3,10,1,NA,9,18,1,5,NA,4,3,2,6,7,12,2,2,7,NA,NA,3,6,3,4,NA,8,2,3,9,7,22,6,6,12,2,2
PLFEKH_20485,1,1,2,1,NA,1,1,NA,3,2,NA,NA,3,NA,1,NA,6,1,1,NA,1,3,2,2,6,1,2,NA,NA,1,4,1,2,NA,3,NA,2,NA,6,7,1,NA,3,NA,NA,2,1,NA,1,NA,1,NA,3,8,4,2,3,1,3,NA,1
PLFEKH_20490,6,9,1,2,5,4,2,6,6,7,1,2,5,5,2,NA,25,NA,1,2,15,3,2,2,5,5,3,NA,NA,16,21,NA,14,1,12,NA,3,2,7,11,3,1,2,NA,NA,9,9,3,7,6,3,7,14,8,4,7,5,15,5,NA,3
PLFEKH_20495,4,6,2,1,3,5,1,3,5,7,NA,5,3,3,6,NA,23,1,NA,2,12,2,8,5,17,4,6,NA,NA,6,17,NA,9,NA,7,NA,1,NA,10,27,2,NA,4,1,NA,1,3,2,7,3,6,4,11,10,6,20,6,12,16,NA,1
PLFEKH_20505,1,NA,NA,1,NA,NA,NA,NA,2,1,NA,NA,4,NA,1,NA,5,NA,NA,NA,NA,NA,NA,NA,2,NA,2,NA,NA,2,1,NA,2,NA,1,NA,1,2,1,NA,NA,NA,2,NA,NA,1,1,1,2,NA,1,NA,NA,3,NA,NA,NA,4,1,NA,NA
PLFEKH_20510,NA,NA,NA,NA,NA,NA,NA,NA,1,NA,1,NA,NA,1,NA,NA,2,NA,NA,NA,2,1,NA,NA,1,1,NA,NA,NA,3,1,NA,2,NA,2,NA,NA,1,3,2,NA,NA,NA,NA,NA,NA,NA,NA,1,1,NA,NA,NA,6,NA,4,1,1,3,NA,1
PLFEKH_20515,8,4,1,1,1,1,1,2,4,3,1,NA,5,2,5,1,12,1,NA,NA,4,4,7,5,11,2,7,1,1,9,6,1,9,1,4,4,3,4,9,8,1,3,7,NA,NA,1,6,NA,6,1,5,2,4,9,1,8,2,NA,6,1,1
PLFEKH_20520,7,16,1,6,5,9,1,1,17,7,1,4,13,5,3,NA,26,4,NA,4,13,11,9,10,8,6,14,NA,2,7,11,NA,24,3,18,NA,NA,1,22,21,2,2,7,1,NA,6,10,2,6,1,16,4,7,13,15,34,2,7,16,4,2
PLFEKH_20530,NA,5,NA,NA,NA,NA,NA,NA,2,1,NA,2,7,NA,NA,NA,4,NA,NA,NA,1,NA,NA,NA,NA,NA,NA,NA,NA,1,2,NA,2,NA,1,NA,NA,NA,1,2,NA,NA,NA,NA,NA,1,NA,2,1,NA,2,NA,NA,1,1,1,1,6,2,NA,NA
PLFEKH_20535,NA,2,NA,NA,NA,NA,1,NA,3,NA,1,1,4,NA,NA,NA,5,NA,NA,NA,2,NA,2,NA,1,NA,1,NA,NA,1,NA,NA,2,NA,NA,NA,NA,NA,2,1,NA,NA,NA,NA,NA,NA,1,NA,NA,NA,NA,1,NA,NA,2,3,NA,1,2,NA,NA
PLFEKH_20540,2,NA,2,NA,NA,NA,NA,NA,2,1,NA,NA,2,NA,2,NA,12,NA,2,NA,1,4,NA,NA,3,1,3,NA,2,2,4,NA,3,NA,1,NA,2,2,3,6,NA,NA,NA,NA,NA,NA,1,NA,1,1,2,1,1,4,3,6,2,NA,2,NA,1
PLFEKH_20545,6,1,4,5,1,2,1,1,4,NA,NA,2,NA,1,3,2,23,NA,2,2,2,5,4,8,8,5,9,2,1,10,6,NA,9,NA,7,1,5,2,7,5,1,5,8,NA,1,3,8,4,2,1,7,2,8,10,6,11,9,3,3,2,4
PLFEKH_20560,16,8,6,10,2,3,1,7,5,10,3,1,6,4,4,NA,24,1,2,1,13,6,2,1,9,6,3,1,NA,24,14,3,17,2,7,1,6,4,6,10,3,4,5,NA,NA,7,5,2,14,5,7,5,16,5,8,9,5,13,12,NA,6
PLFEKH_20575,NA,NA,NA,NA,1,NA,NA,1,NA,NA,NA,NA,NA,NA,NA,NA,5,NA,NA,NA,NA,1,NA,NA,NA,NA,1,NA,NA,2,3,NA,1,NA,2,NA,NA,NA,1,4,NA,NA,2,NA,NA,1,NA,NA,1,1,NA,NA,NA,1,3,1,NA,1,3,NA,NA
PLFEKH_20610,3,1,NA,NA,NA,1,1,NA,NA,1,NA,NA,3,1,1,NA,NA,NA,1,NA,1,1,NA,2,2,NA,1,NA,NA,1,2,NA,4,NA,NA,NA,1,NA,1,4,NA,NA,3,NA,NA,NA,NA,NA,2,NA,4,NA,1,3,NA,4,NA,NA,3,4,NA
PLFEKH_20680,1,NA,NA,1,NA,NA,NA,NA,NA,1,NA,NA,2,1,NA,NA,3,NA,NA,NA,1,5,2,NA,4,NA,3,NA,NA,1,2,NA,4,NA,1,NA,NA,NA,1,NA,1,NA,NA,NA,NA,1,2,NA,1,NA,1,1,1,1,NA,6,1,NA,2,NA,NA
PLFEKH_20700,1,NA,NA,NA,NA,NA,NA,1,NA,1,NA,NA,NA,NA,1,NA,4,NA,NA,NA,NA,NA,NA,NA,1,NA,NA,NA,NA,2,NA,NA,1,NA,1,NA,NA,NA,NA,1,NA,NA,NA,NA,NA,NA,NA,NA,3,NA,NA,NA,3,4,NA,2,1,NA,NA,NA,NA
PLFEKH_20760,1,2,2,2,NA,1,NA,2,5,2,NA,1,4,2,NA,NA,7,NA,NA,2,2,1,1,5,2,NA,NA,1,NA,5,3,NA,3,NA,3,NA,1,2,2,8,4,2,3,NA,NA,NA,2,2,1,NA,8,3,8,6,5,5,3,6,2,1,NA
PLFEKH_20785,8,8,1,2,4,6,NA,8,3,4,NA,1,4,2,2,NA,31,NA,2,1,7,3,2,2,6,6,1,1,NA,21,13,NA,11,4,7,NA,8,1,4,10,1,2,4,NA,NA,2,3,2,28,3,7,2,19,5,3,9,3,11,4,NA,6
PLFEKH_20790,1,NA,1,2,NA,1,1,2,3,3,NA,NA,3,1,2,2,9,NA,NA,NA,1,1,NA,5,8,1,NA,NA,1,1,4,NA,4,NA,2,1,1,3,4,3,NA,NA,3,1,NA,NA,NA,NA,2,2,3,1,10,4,1,5,3,1,1,NA,NA
PLFEKH_20805,7,8,NA,4,NA,3,NA,5,2,2,1,NA,10,2,3,NA,22,1,1,1,4,2,3,3,1,1,5,NA,NA,3,8,NA,9,NA,4,1,5,2,1,4,3,2,NA,NA,NA,1,5,1,12,1,3,1,9,2,1,4,NA,5,4,1,5
PLFEKH_20815,1,1,1,1,NA,2,1,NA,NA,1,2,5,1,NA,NA,NA,2,NA,NA,3,5,6,4,3,5,NA,2,NA,1,2,1,NA,5,NA,3,NA,2,1,5,5,2,1,2,NA,NA,1,2,1,3,1,1,NA,1,5,2,3,2,1,NA,2,1
PLFEKH_20820,2,10,2,1,1,4,1,5,6,5,4,6,9,1,3,1,12,1,1,4,11,9,6,4,14,9,3,NA,1,8,10,NA,12,2,12,1,2,2,13,27,5,1,1,NA,NA,5,3,NA,8,6,12,1,18,15,10,18,8,8,9,2,1
PLFEKH_20830,7,8,NA,1,1,8,2,6,8,7,NA,4,17,3,3,NA,29,3,1,3,14,7,7,3,10,7,9,NA,NA,17,7,NA,10,3,21,NA,8,7,12,20,3,1,7,NA,NA,1,8,2,14,1,12,2,21,11,16,20,11,11,20,1,4
PLFEKH_20840,1,NA,NA,NA,NA,1,NA,NA,NA,1,NA,NA,1,NA,1,NA,2,NA,NA,NA,2,NA,NA,NA,NA,NA,1,NA,NA,1,3,NA,NA,NA,1,1,NA,1,1,NA,NA,NA,1,NA,NA,NA,1,NA,1,NA,NA,NA,NA,NA,NA,NA,NA,3,1,NA,NA
PLFEKH_20845,13,16,NA,2,3,2,4,1,5,9,2,NA,7,5,4,NA,30,NA,NA,NA,6,1,4,NA,4,9,3,NA,1,13,18,NA,20,NA,6,NA,2,5,8,11,1,NA,5,NA,NA,2,4,4,12,2,13,4,11,4,3,10,3,9,18,NA,3
PLFEKH_20855,13,13,2,9,5,1,NA,5,2,2,NA,NA,9,2,7,1,32,3,NA,1,11,3,1,3,5,13,10,4,1,16,16,NA,17,1,9,1,7,2,8,7,4,2,3,NA,NA,3,12,NA,12,6,5,7,20,9,2,20,12,10,12,1,6
PLFEKH_20870,NA,NA,2,3,NA,NA,NA,1,1,NA,2,2,2,2,NA,NA,2,NA,NA,NA,NA,2,NA,1,2,3,2,2,1,6,1,NA,NA,NA,2,NA,NA,NA,1,3,NA,1,NA,NA,NA,NA,NA,NA,2,1,NA,1,1,3,NA,3,2,1,3,1,1
PLFEKH_20875,1,NA,NA,1,NA,NA,NA,NA,1,1,NA,NA,NA,NA,NA,NA,3,NA,NA,NA,1,NA,NA,NA,2,1,1,NA,NA,2,1,NA,1,NA,3,NA,NA,NA,NA,NA,NA,NA,NA,NA,NA,1,1,NA,NA,NA,2,1,NA,2,1,NA,2,1,NA,NA,NA
PLFEKH_20880,3,NA,NA,NA,NA,NA,1,NA,3,NA,NA,NA,4,NA,NA,NA,4,NA,NA,NA,2,2,NA,NA,2,1,NA,NA,NA,6,4,NA,2,1,NA,NA,NA,1,1,3,1,NA,1,NA,NA,1,2,NA,1,1,1,1,NA,4,NA,6,NA,1,1,NA,NA
PLFEKH_20885,NA,1,NA,1,NA,NA,NA,NA,NA,NA,NA,NA,2,NA,NA,NA,NA,NA,NA,NA,NA,NA,NA,NA,NA,NA,NA,NA,NA,NA,1,NA,1,NA,1,NA,NA,NA,1,NA,NA,NA,NA,NA,NA,NA,NA,NA,NA,NA,1,NA,NA,NA,NA,NA,NA,NA,NA,NA,NA
PLFEKH_20890,NA,2,NA,NA,2,NA,NA,NA,2,NA,NA,NA,3,NA,NA,NA,4,NA,NA,NA,3,NA,1,1,16,3,3,NA,NA,NA,1,NA,2,1,3,NA,NA,2,1,3,NA,NA,2,NA,NA,3,NA,NA,3,1,NA,2,1,2,NA,5,NA,8,7,NA,NA
PLFEKH_20895,9,14,1,3,6,13,3,1,11,10,1,8,3,9,6,NA,43,2,NA,2,15,9,9,8,19,21,22,NA,1,22,18,NA,16,1,18,1,10,9,15,28,10,2,8,NA,NA,6,8,3,27,3,11,6,18,21,17,33,16,20,24,1,5
PLFEKH_20900,NA,NA,NA,NA,NA,NA,NA,2,3,NA,NA,NA,1,NA,1,NA,3,NA,NA,NA,1,1,2,1,2,1,1,NA,NA,NA,1,NA,NA,NA,1,NA,NA,NA,NA,2,NA,NA,3,NA,NA,NA,NA,NA,2,NA,NA,NA,2,3,1,NA,2,NA,NA,NA,NA
PLFEKH_20905,1,1,NA,1,1,1,1,1,2,NA,NA,1,2,1,1,NA,1,1,2,NA,1,3,1,1,1,2,2,NA,NA,1,1,NA,3,NA,3,1,NA,1,1,2,NA,NA,NA,NA,NA,1,NA,2,NA,NA,NA,1,NA,2,3,NA,4,NA,1,3,1
PLFEKH_20910,5,5,NA,1,1,2,1,1,2,1,NA,NA,4,1,1,NA,5,2,1,3,3,2,NA,4,2,3,5,1,NA,7,5,NA,4,1,3,2,3,5,1,10,NA,NA,3,NA,NA,1,1,2,2,1,1,3,4,12,1,6,1,3,3,NA,1
PLFEKH_20920,3,3,NA,NA,NA,NA,NA,NA,1,3,NA,1,4,NA,NA,NA,6,NA,NA,1,NA,NA,NA,1,2,1,4,NA,NA,1,NA,NA,3,NA,NA,NA,NA,NA,3,2,NA,NA,1,NA,NA,NA,NA,NA,1,NA,NA,1,NA,2,NA,4,1,3,2,NA,NA
PLFEKH_20925,8,NA,2,1,NA,1,NA,1,4,NA,1,1,5,1,3,NA,4,2,2,2,9,3,1,NA,7,4,2,NA,NA,6,3,NA,7,NA,4,NA,2,NA,1,5,NA,NA,2,NA,NA,NA,3,3,3,2,4,NA,4,9,2,14,2,7,5,2,3
PLFEKH_20930,8,1,1,6,3,7,2,8,6,2,NA,NA,2,4,4,NA,14,1,NA,5,5,1,4,5,11,17,9,NA,NA,10,20,NA,12,2,8,1,5,2,12,14,1,4,2,NA,NA,4,4,3,9,3,4,3,13,15,8,23,8,9,9,NA,4
PLFEKH_20935,2,4,5,1,2,1,2,2,8,3,NA,2,3,2,1,1,9,2,1,1,2,2,1,4,4,NA,3,NA,2,8,4,NA,1,NA,6,1,2,2,4,11,4,3,2,1,NA,3,5,1,6,2,2,4,8,6,1,4,5,4,17,2,NA
PLFEKH_20940,NA,NA,NA,NA,NA,NA,NA,NA,NA,NA,NA,NA,1,NA,NA,NA,NA,NA,NA,NA,NA,NA,NA,NA,NA,NA,NA,NA,NA,NA,NA,NA,NA,NA,NA,NA,NA,NA,NA,NA,NA,NA,NA,NA,NA,NA,NA,NA,1,NA,NA,NA,2,NA,NA,NA,NA,NA,NA,NA,NA
PLFEKH_20945,4,2,2,1,1,1,NA,3,8,1,3,2,2,1,3,NA,10,1,NA,NA,9,6,1,3,8,7,3,NA,4,9,7,NA,10,NA,1,1,4,5,4,6,3,2,3,NA,NA,2,2,3,9,NA,4,1,12,9,4,10,5,7,6,1,3
PLFEKH_20960,4,1,NA,NA,NA,1,1,NA,2,NA,2,2,NA,1,1,NA,5,NA,1,1,2,6,NA,2,1,NA,3,NA,1,1,NA,NA,3,NA,1,NA,2,1,1,2,2,NA,NA,NA,NA,1,NA,NA,5,1,2,2,3,1,1,9,NA,1,2,NA,NA
PLFEKH_20970,10,2,7,9,NA,1,NA,5,8,2,2,1,9,6,7,2,28,1,NA,1,4,4,1,3,9,6,9,2,1,11,7,1,10,1,6,1,8,4,5,3,NA,2,2,NA,NA,6,4,4,10,2,7,6,20,5,3,7,NA,8,6,1,7
PLFEKH_20975,1,2,NA,4,NA,2,1,1,1,NA,NA,NA,NA,2,NA,NA,7,1,NA,2,1,3,NA,NA,6,5,2,NA,NA,6,1,NA,3,1,1,NA,NA,2,1,7,1,NA,2,NA,NA,5,6,2,2,2,1,4,1,6,2,8,2,4,3,NA,3
PLFEKH_20980,NA,NA,NA,NA,1,2,NA,NA,NA,1,NA,NA,NA,1,1,NA,2,NA,NA,NA,NA,1,NA,NA,NA,NA,2,1,NA,3,2,NA,3,NA,1,NA,NA,1,NA,1,NA,NA,2,NA,NA,1,NA,NA,5,NA,1,NA,NA,1,2,3,1,NA,1,2,NA
PLFEKH_20985,8,17,4,8,6,8,4,4,12,11,2,2,7,6,7,1,50,5,1,5,22,9,14,8,19,23,29,NA,NA,16,18,NA,25,4,10,NA,9,9,21,17,5,2,10,NA,NA,5,7,6,15,3,14,6,19,16,15,21,20,9,14,NA,8
PLFEKH_20990,10,2,4,3,NA,1,1,3,5,4,NA,2,7,1,2,NA,10,NA,1,2,NA,2,NA,4,2,NA,4,1,1,12,2,NA,8,NA,1,NA,3,4,2,5,4,2,1,NA,NA,3,2,2,9,5,4,1,12,6,3,1,5,3,7,1,NA
PLFEKH_20995,2,1,6,1,1,1,2,1,1,1,1,NA,3,1,NA,NA,7,1,1,NA,4,NA,NA,1,1,5,2,1,1,2,1,1,NA,NA,2,2,2,1,NA,3,NA,NA,1,NA,NA,1,2,NA,1,NA,3,NA,1,2,1,6,4,3,1,1,2
PLFEKH_21015,4,3,2,2,2,3,1,1,4,2,NA,NA,1,2,3,NA,13,NA,2,2,11,1,NA,7,6,1,2,NA,NA,2,3,NA,4,NA,5,3,5,1,6,12,2,4,6,NA,NA,6,4,1,6,9,3,4,6,8,2,8,1,4,6,NA,1
PLFEKH_21030,5,3,NA,3,NA,3,2,1,2,3,NA,NA,1,2,6,1,18,1,1,3,8,4,3,6,12,9,7,NA,1,5,13,NA,9,1,2,1,1,3,7,9,1,1,3,NA,NA,3,7,4,14,3,5,5,6,7,7,11,7,8,8,2,2
PLFEKH_21040,3,12,1,1,1,3,NA,NA,7,6,NA,NA,7,NA,NA,NA,19,1,NA,3,12,1,2,2,4,2,NA,NA,NA,9,9,NA,6,2,9,1,1,4,14,24,6,1,2,NA,NA,3,1,3,4,8,7,4,15,8,8,13,6,9,10,1,1
PLFEKH_21050,13,12,3,7,1,4,3,NA,8,8,1,2,9,2,6,1,22,1,3,2,11,NA,NA,4,12,3,7,NA,NA,16,9,NA,13,2,11,1,8,4,13,13,3,1,6,NA,NA,2,7,NA,10,1,13,5,6,8,8,10,1,8,17,3,2
PLFEKH_21065,5,2,NA,2,NA,1,NA,3,3,3,1,NA,1,NA,1,1,6,NA,NA,1,1,1,1,1,1,1,1,NA,1,2,6,NA,NA,NA,1,NA,NA,1,NA,3,1,NA,NA,NA,NA,1,2,1,5,NA,1,NA,2,2,NA,2,1,1,NA,NA,1
PLFEKH_21085,NA,NA,NA,NA,NA,NA,NA,1,NA,NA,NA,NA,NA,NA,NA,NA,NA,NA,NA,NA,NA,NA,NA,NA,NA,NA,NA,NA,NA,NA,NA,NA,NA,NA,1,NA,NA,NA,NA,NA,NA,NA,1,NA,NA,NA,1,NA,1,NA,NA,1,3,NA,NA,NA,NA,1,NA,NA,NA
PLFEKH_21100,6,18,1,1,7,6,1,2,5,8,NA,2,8,2,3,NA,27,2,NA,1,8,2,12,NA,14,8,3,NA,NA,11,15,NA,11,7,11,NA,4,3,21,22,5,NA,2,NA,NA,8,2,5,11,1,4,3,20,13,9,16,10,11,13,1,2
PLFEKH_21105,8,6,5,5,3,4,3,2,1,2,1,3,2,3,5,NA,28,1,1,2,6,4,3,1,6,10,10,2,2,8,11,NA,6,5,11,2,6,8,4,9,NA,NA,6,NA,NA,7,5,6,5,1,6,17,14,11,5,16,9,7,13,2,NA
PLFEKH_21115,3,3,2,2,1,3,NA,NA,1,NA,NA,1,1,1,3,NA,6,1,1,NA,3,1,2,NA,4,1,5,NA,1,9,4,NA,4,NA,5,NA,2,2,5,15,5,NA,2,NA,NA,1,2,2,5,NA,1,NA,1,7,NA,9,5,1,4,NA,3
PLFEKH_21120,NA,4,NA,1,1,NA,NA,NA,1,NA,NA,2,2,1,NA,NA,9,NA,1,2,6,2,2,2,3,4,3,NA,NA,10,2,NA,1,2,4,NA,2,3,6,5,NA,1,2,NA,NA,3,6,NA,2,4,1,NA,4,3,1,6,NA,8,5,NA,1
PLFEKH_21125,9,8,5,5,1,5,2,8,4,2,1,2,2,8,8,2,35,NA,1,4,4,4,2,2,10,4,12,NA,1,20,9,NA,16,1,11,1,5,5,10,8,4,4,6,NA,NA,3,9,3,11,2,10,10,11,14,2,12,9,5,8,2,6
PLFEKH_21135,6,1,4,NA,1,4,2,NA,2,NA,2,NA,1,NA,1,1,5,3,1,NA,2,3,3,3,5,3,4,NA,1,9,3,NA,8,NA,4,NA,4,3,NA,6,2,NA,3,NA,NA,NA,1,1,7,1,6,1,5,5,1,9,3,3,4,1,1
PLFEKH_21145,16,5,5,2,1,3,NA,2,5,12,2,4,8,5,1,1,12,NA,2,1,15,8,8,5,10,6,11,1,6,14,5,NA,12,1,5,NA,7,4,7,12,2,NA,5,NA,NA,3,3,NA,11,2,7,2,9,6,8,20,14,1,9,NA,2
PLFEKH_21155,4,10,NA,NA,1,3,1,6,9,3,1,2,6,NA,3,NA,21,NA,NA,4,6,1,4,4,14,8,2,NA,1,8,8,NA,9,4,7,NA,3,1,8,14,3,NA,5,NA,NA,4,3,1,9,4,6,5,18,12,6,11,5,7,12,1,NA
PLFEKH_21160,7,10,1,8,NA,5,2,1,6,3,2,2,11,3,4,NA,15,2,4,1,7,5,5,3,16,3,11,NA,1,16,11,NA,13,1,7,1,5,7,12,20,3,NA,6,1,NA,2,5,3,8,3,8,6,8,16,5,23,4,8,13,1,2
PLFEKH_21165,10,3,NA,2,1,1,2,4,5,3,1,NA,5,2,4,NA,13,2,2,NA,7,7,2,3,8,3,6,1,NA,7,3,NA,NA,NA,3,NA,5,4,6,4,2,1,1,NA,NA,1,4,1,4,2,3,3,7,13,3,9,5,2,4,NA,1
PLFEKH_21170,3,NA,NA,NA,NA,NA,NA,NA,NA,NA,NA,NA,1,NA,NA,NA,2,NA,NA,NA,NA,NA,NA,NA,NA,NA,NA,NA,NA,NA,NA,NA,NA,NA,NA,NA,NA,1,NA,NA,NA,NA,NA,NA,NA,NA,1,NA,NA,NA,NA,NA,NA,NA,NA,NA,NA,NA,NA,NA,NA
PLFEKH_21205,1,13,NA,NA,3,6,NA,1,4,6,1,5,2,NA,1,NA,13,2,NA,NA,8,4,2,NA,13,5,9,NA,NA,10,11,1,12,NA,11,NA,1,2,13,16,6,NA,7,NA,NA,7,3,3,14,4,19,1,8,19,8,21,7,10,12,1,NA
PLFEKH_21210,5,6,1,NA,1,2,NA,NA,2,3,1,3,2,NA,3,NA,17,1,NA,2,8,5,2,1,7,NA,8,NA,NA,2,10,NA,12,NA,14,NA,1,1,6,13,3,NA,1,NA,NA,3,1,1,7,3,4,2,14,12,4,18,7,4,17,NA,2
PLFEKH_21220,2,5,4,4,NA,1,2,1,5,1,NA,NA,3,2,4,NA,13,1,NA,2,2,6,3,2,15,1,3,NA,1,11,3,NA,10,1,4,1,3,2,4,6,3,NA,7,NA,1,2,4,2,7,3,6,5,10,3,3,9,4,4,1,3,4
PLFEKH_21230,1,NA,3,1,NA,NA,NA,1,1,2,NA,NA,NA,NA,NA,NA,2,NA,NA,1,2,1,NA,2,1,2,1,NA,1,2,1,NA,2,NA,NA,NA,NA,2,2,3,1,NA,3,NA,NA,NA,NA,NA,1,2,3,NA,4,3,1,2,3,1,NA,NA,NA
PLFEKH_21235,3,NA,3,NA,3,1,NA,2,2,2,NA,1,5,2,1,NA,3,1,1,NA,2,3,NA,3,10,3,9,2,NA,3,6,1,2,NA,4,NA,2,2,2,3,1,1,7,1,NA,2,2,1,6,1,2,1,5,11,3,5,2,NA,2,NA,3
PLFEKH_21240,NA,NA,NA,NA,NA,NA,NA,NA,NA,NA,NA,NA,NA,NA,NA,NA,NA,NA,NA,NA,1,NA,1,NA,1,1,2,NA,NA,NA,1,NA,NA,1,1,NA,NA,NA,2,3,NA,NA,NA,NA,NA,NA,NA,NA,1,1,NA,NA,NA,NA,NA,1,1,1,1,NA,NA
PLFEKH_21245,1,3,2,NA,NA,1,1,1,1,1,NA,2,3,1,3,NA,6,1,NA,1,1,1,1,2,2,1,1,1,NA,3,2,1,3,1,2,NA,3,1,NA,5,1,3,2,NA,NA,1,1,2,2,2,1,2,4,6,2,15,5,1,1,NA,NA
PLFEKH_21250,3,1,1,1,NA,1,NA,2,3,1,1,2,4,2,1,NA,10,2,1,1,3,2,NA,2,1,2,6,NA,1,1,3,NA,4,NA,3,NA,1,NA,1,8,NA,NA,4,NA,NA,NA,3,1,3,1,3,NA,7,4,1,3,5,3,4,NA,1
PLFEKH_21255,6,4,2,1,NA,2,NA,3,5,1,NA,2,4,3,5,NA,14,NA,NA,1,7,3,3,2,7,4,7,NA,NA,7,4,1,10,NA,8,1,3,2,3,12,NA,NA,4,NA,NA,1,6,NA,7,1,6,1,11,11,5,12,1,9,7,2,2
PLFEKH_21260,4,1,3,3,NA,NA,NA,3,3,4,1,4,4,1,4,NA,4,2,2,NA,7,6,1,4,5,7,2,1,1,3,5,NA,6,NA,3,NA,NA,NA,2,5,NA,NA,4,NA,NA,3,4,2,3,NA,4,NA,6,6,3,9,5,2,2,2,4
PLFEKH_21265,2,1,1,1,2,1,NA,NA,1,3,1,NA,1,3,1,NA,4,NA,NA,NA,NA,3,NA,4,3,NA,3,NA,NA,4,2,NA,1,NA,1,NA,NA,2,NA,1,2,1,1,NA,NA,1,1,NA,NA,NA,4,NA,1,7,1,5,3,NA,2,NA,1
PLFEKH_21270,10,8,1,1,2,7,NA,6,8,8,3,3,9,4,4,2,22,NA,1,2,17,9,10,7,10,4,24,NA,NA,16,14,NA,17,2,10,1,4,8,7,15,2,1,7,NA,NA,5,5,3,8,3,20,3,12,17,10,34,11,6,10,4,5
PLFEKH_21275,1,NA,NA,2,1,NA,NA,1,3,1,NA,NA,1,NA,1,NA,9,1,1,NA,2,5,NA,3,5,NA,2,1,1,3,4,NA,2,1,3,NA,1,NA,1,1,1,2,1,NA,NA,2,4,NA,2,NA,1,3,7,6,1,2,1,2,4,1,1
PLFEKH_21280,2,1,2,2,NA,NA,NA,NA,NA,1,2,3,3,1,4,NA,9,1,2,1,4,NA,NA,4,9,NA,4,3,NA,3,2,1,3,3,2,NA,3,4,2,2,1,NA,4,NA,NA,1,4,2,6,1,2,3,6,6,3,3,3,4,5,2,1
PLFEKH_21290,2,1,2,2,NA,1,NA,1,NA,1,2,1,2,1,2,NA,12,2,4,NA,6,2,1,1,5,2,1,NA,NA,6,4,NA,4,NA,1,NA,1,3,3,4,1,NA,1,NA,NA,2,3,2,6,2,11,3,10,2,3,11,2,1,8,2,3
PLFEKH_21295,4,6,3,1,2,4,4,2,5,3,1,2,5,5,3,3,11,NA,1,1,6,6,2,3,9,5,6,1,4,6,2,1,7,1,NA,NA,4,2,3,6,2,1,2,NA,NA,4,4,NA,2,3,6,NA,8,8,5,15,6,2,8,1,2
PLFEKH_21310,6,23,1,1,20,26,NA,4,7,21,7,7,8,2,7,NA,102,3,NA,6,39,4,17,2,46,68,23,NA,NA,15,65,NA,34,18,35,1,5,NA,40,54,20,NA,13,NA,NA,47,7,25,15,21,8,26,46,30,39,77,21,78,20,NA,1
PLFEKH_21315,7,30,1,2,21,22,NA,1,10,24,5,1,4,4,13,NA,86,6,NA,6,36,1,14,5,45,52,21,1,NA,16,55,NA,36,14,30,1,5,3,44,47,21,2,14,NA,NA,38,11,26,21,18,8,18,26,25,54,84,27,61,30,NA,1
PLFEKH_21325,NA,1,NA,NA,1,NA,NA,NA,NA,NA,NA,NA,NA,NA,NA,NA,4,NA,NA,NA,1,NA,NA,NA,NA,1,NA,NA,NA,1,1,NA,NA,2,NA,NA,NA,NA,1,8,NA,NA,1,NA,NA,2,NA,2,1,6,NA,3,NA,NA,2,5,NA,1,4,NA,NA
PLFEKH_21330,3,3,NA,NA,2,NA,NA,NA,NA,3,NA,1,NA,NA,NA,NA,9,NA,NA,NA,5,NA,1,NA,1,4,3,NA,NA,2,2,NA,4,2,4,NA,NA,1,1,6,NA,NA,NA,NA,NA,4,1,NA,NA,5,2,6,4,NA,1,6,4,3,1,NA,NA
PLFEKH_21335,3,NA,NA,NA,2,1,NA,NA,NA,2,NA,NA,NA,NA,NA,NA,11,NA,NA,1,6,NA,1,NA,6,5,3,NA,NA,1,6,NA,4,4,2,NA,NA,NA,8,15,2,NA,1,NA,NA,10,NA,6,2,12,NA,5,3,1,7,7,NA,6,8,NA,NA
PLFEKH_21340,NA,2,NA,NA,2,2,NA,NA,NA,1,NA,NA,NA,NA,NA,NA,4,NA,NA,NA,4,NA,NA,NA,3,1,1,NA,NA,3,3,NA,1,2,2,NA,NA,NA,1,7,3,NA,NA,NA,NA,3,NA,2,1,4,2,2,2,NA,4,1,NA,6,NA,NA,NA
PLFEKH_21345,1,5,NA,NA,2,1,NA,NA,NA,2,NA,NA,1,NA,1,NA,3,2,NA,1,5,NA,1,NA,4,7,3,NA,NA,1,3,NA,5,1,NA,NA,1,1,3,6,1,NA,4,NA,NA,5,2,1,4,1,NA,NA,2,6,2,7,1,5,4,NA,NA
PLFEKH_21350,1,NA,1,1,NA,NA,1,NA,NA,NA,NA,NA,1,NA,NA,NA,4,NA,NA,NA,1,NA,1,NA,1,3,1,NA,NA,3,1,NA,1,1,4,2,2,NA,NA,2,1,NA,NA,NA,NA,2,3,1,1,3,1,2,4,NA,NA,3,NA,3,NA,NA,NA
PLFEKH_21380,7,4,8,3,1,3,1,3,8,3,NA,NA,4,5,1,2,8,6,NA,3,5,6,2,2,7,7,3,NA,NA,8,6,2,4,3,1,2,NA,4,7,8,4,3,3,NA,NA,10,3,2,3,2,3,1,1,13,2,10,3,2,3,1,3
PLFEKH_21385,5,2,6,3,NA,1,NA,3,3,1,NA,NA,5,5,3,NA,6,3,NA,1,2,NA,NA,2,6,6,4,NA,1,7,8,5,5,1,NA,NA,2,7,2,9,3,2,1,NA,NA,4,1,2,4,2,1,3,7,8,3,9,4,4,7,4,2
PLFEKH_21390,6,3,5,1,1,NA,3,NA,6,2,2,3,5,2,1,NA,10,7,1,5,NA,5,1,5,9,3,4,1,1,5,5,NA,2,3,2,2,3,6,2,13,1,2,1,1,NA,4,1,10,3,4,3,2,5,4,3,11,2,12,4,2,2
PLFEKH_21420,2,5,5,2,4,NA,NA,1,4,NA,1,2,2,2,NA,3,8,3,2,2,6,4,NA,3,1,5,3,1,1,6,2,1,5,1,5,NA,3,3,2,6,2,1,1,1,NA,7,3,1,7,9,2,7,6,7,1,11,6,1,5,3,NA
PLFEKH_21425,NA,1,NA,NA,NA,NA,NA,NA,5,1,NA,NA,10,NA,NA,NA,2,NA,NA,NA,1,1,NA,NA,3,2,NA,NA,NA,NA,NA,1,1,NA,NA,NA,NA,NA,1,4,NA,NA,NA,NA,NA,1,1,NA,NA,NA,NA,1,NA,7,1,2,1,2,1,1,NA
PLFEKH_21430,5,3,5,1,NA,2,2,NA,2,5,NA,2,3,NA,1,NA,17,NA,2,NA,2,3,3,5,10,7,6,NA,2,10,9,NA,8,1,7,1,4,9,7,7,5,1,2,NA,NA,1,1,2,4,2,2,3,11,12,4,11,5,4,4,NA,1
PLFEKH_21435,1,2,NA,1,1,1,NA,NA,2,1,1,NA,NA,1,NA,NA,3,NA,NA,NA,4,1,NA,1,NA,2,1,NA,NA,1,1,NA,1,NA,NA,NA,1,1,1,NA,NA,NA,1,NA,NA,1,NA,3,NA,1,NA,1,1,1,NA,NA,NA,1,3,NA,NA
PLFEKH_21440,4,5,4,3,1,3,NA,2,3,NA,NA,NA,NA,1,2,1,6,1,1,NA,1,2,1,4,3,6,3,2,4,5,3,NA,7,1,4,1,NA,2,2,2,NA,3,NA,NA,NA,2,2,2,3,3,5,NA,9,1,3,11,4,3,3,NA,2
PLFEKH_21445,7,5,1,2,5,1,2,4,8,6,3,3,1,1,4,1,13,1,NA,4,4,10,8,5,13,4,11,NA,1,18,12,2,9,2,7,2,3,3,13,13,3,1,7,NA,NA,3,4,2,9,5,9,2,6,12,9,17,7,6,11,3,2
PLFEKH_21460,4,5,3,3,1,NA,2,3,2,1,1,6,5,2,3,NA,27,NA,NA,1,5,4,2,6,13,12,3,NA,NA,5,5,NA,9,1,7,NA,4,1,8,15,3,1,4,NA,1,3,1,1,14,4,4,2,15,11,12,20,7,5,7,1,1
PLFEKH_21465,1,NA,1,3,NA,2,NA,1,1,NA,NA,NA,2,2,3,NA,14,1,NA,1,2,2,NA,3,6,1,1,NA,1,9,3,NA,4,1,3,1,5,3,4,8,3,NA,2,NA,NA,1,3,2,6,NA,3,5,10,5,5,4,3,4,9,3,3
PLFEKH_21470,8,4,4,3,NA,1,1,1,6,2,2,2,2,4,4,1,11,NA,NA,3,9,6,2,4,8,2,3,NA,NA,7,6,NA,1,NA,6,1,1,3,3,10,NA,NA,6,NA,NA,6,2,NA,9,1,7,2,9,5,5,9,3,5,12,NA,1
PLFEKH_21500,1,1,NA,NA,NA,NA,NA,NA,NA,1,NA,1,NA,1,NA,NA,1,NA,NA,NA,1,1,NA,1,1,1,1,NA,1,1,3,NA,NA,NA,NA,NA,1,NA,NA,NA,NA,NA,NA,NA,NA,1,NA,NA,1,NA,NA,NA,2,3,NA,NA,4,1,NA,NA,NA
PLFEKH_21505,NA,NA,1,NA,NA,NA,NA,NA,NA,NA,2,1,1,1,NA,NA,2,NA,NA,NA,1,1,NA,NA,1,NA,NA,NA,NA,NA,NA,NA,1,NA,NA,NA,1,NA,NA,2,NA,NA,NA,NA,NA,NA,NA,NA,1,NA,NA,NA,1,3,NA,2,NA,NA,2,NA,NA
PLFEKH_21510,2,3,NA,1,NA,1,NA,NA,4,3,1,NA,4,NA,NA,NA,11,NA,NA,NA,6,NA,1,NA,5,4,4,NA,NA,4,1,NA,2,NA,NA,NA,2,NA,9,6,NA,NA,NA,NA,NA,NA,NA,NA,4,NA,3,2,8,4,3,6,1,NA,5,NA,NA
PLFEKH_21520,3,7,NA,2,1,3,NA,1,3,2,2,3,4,NA,1,NA,20,3,NA,NA,4,2,NA,NA,5,3,2,NA,NA,12,8,NA,13,2,3,NA,3,3,4,8,2,1,2,NA,NA,9,2,1,13,2,7,4,8,4,NA,4,1,7,8,NA,5
PLFEKH_21540,3,NA,1,2,NA,1,1,NA,3,1,1,NA,3,1,NA,1,4,2,1,NA,5,2,2,3,2,NA,6,1,1,3,2,1,1,NA,1,1,1,2,3,2,3,NA,2,NA,NA,NA,2,NA,4,NA,1,1,3,9,2,3,NA,2,4,NA,1
PLFEKH_21550,10,16,3,3,11,2,2,4,2,9,NA,NA,19,1,3,NA,39,1,NA,3,27,3,6,4,15,23,7,NA,NA,10,11,NA,11,4,12,2,4,2,16,28,3,NA,11,NA,1,9,4,8,8,5,17,12,17,26,17,26,13,25,13,NA,1
PLFEKH_21555,4,5,2,1,1,2,NA,2,3,2,NA,NA,2,1,NA,NA,8,NA,NA,NA,8,2,2,1,2,4,4,NA,NA,12,1,NA,5,1,3,NA,3,2,3,9,4,NA,3,NA,NA,NA,1,NA,8,1,3,3,8,11,4,8,2,2,3,3,NA
PLFEKH_21560,11,14,5,8,2,7,1,4,7,5,1,4,12,4,5,1,47,2,2,NA,12,9,6,12,25,13,18,NA,NA,10,16,NA,6,3,15,1,4,3,11,15,1,1,18,NA,NA,6,6,3,23,1,19,3,19,24,15,28,7,8,12,2,6
PLFEKH_21565,5,3,5,8,1,1,1,3,5,1,NA,3,2,NA,NA,NA,24,NA,1,4,4,4,4,4,6,4,4,1,1,6,3,NA,5,NA,5,1,6,5,5,10,NA,3,4,NA,1,3,3,1,14,2,6,10,9,9,5,12,3,6,10,1,4
PLFEKH_21570,2,NA,NA,NA,NA,NA,NA,NA,NA,NA,NA,1,NA,NA,NA,NA,4,1,NA,NA,1,1,1,1,NA,1,1,NA,NA,NA,NA,NA,NA,NA,2,NA,NA,NA,1,1,NA,NA,2,NA,NA,NA,NA,NA,NA,NA,1,NA,1,2,1,2,2,NA,NA,NA,1
PLFEKH_21590,13,2,5,8,3,5,NA,2,5,7,1,4,14,4,4,NA,35,3,2,2,15,13,8,11,21,10,14,NA,4,11,8,NA,6,3,7,1,7,8,6,18,2,1,4,NA,NA,7,NA,2,13,2,12,6,26,13,9,20,7,7,12,NA,2
PLFEKH_21595,6,4,2,3,NA,2,1,NA,4,2,4,3,NA,5,1,NA,13,3,1,1,9,4,3,9,9,4,4,NA,2,9,9,2,10,1,5,1,2,6,3,3,2,1,3,NA,1,4,3,1,4,1,4,6,5,11,5,11,4,5,5,2,3
PLFEKH_21610,3,5,3,NA,7,5,NA,NA,1,2,1,1,2,2,1,NA,25,1,NA,2,10,NA,2,4,16,11,7,NA,NA,11,21,NA,11,3,12,NA,NA,4,5,18,6,NA,4,NA,NA,8,4,3,6,11,7,7,7,8,13,26,11,9,8,1,2
PLFEKH_21615,4,3,3,2,1,1,NA,2,5,2,1,2,4,3,4,2,22,2,NA,NA,2,4,NA,3,3,5,3,1,1,9,6,NA,8,1,6,1,2,5,4,5,1,NA,4,NA,NA,2,4,3,8,2,4,5,5,6,3,3,1,3,9,NA,4
PLFEKH_21620,1,2,NA,NA,1,1,NA,NA,NA,1,NA,NA,1,NA,1,NA,6,NA,NA,NA,1,NA,NA,1,3,5,2,NA,NA,3,2,NA,1,NA,1,NA,NA,3,NA,NA,NA,NA,1,NA,NA,3,6,2,1,2,NA,3,2,5,1,7,1,5,9,NA,NA
PLFEKH_21625,NA,NA,NA,NA,NA,NA,NA,NA,NA,NA,NA,NA,NA,NA,NA,NA,2,NA,NA,NA,NA,1,NA,NA,NA,1,NA,NA,NA,NA,NA,NA,NA,NA,NA,NA,NA,NA,2,1,NA,NA,NA,NA,NA,NA,NA,NA,NA,NA,NA,NA,NA,NA,NA,1,3,NA,NA,NA,NA
PLFEKH_21635,5,5,NA,4,5,5,1,NA,6,5,NA,4,11,1,2,NA,19,1,NA,2,4,4,2,3,11,16,6,NA,NA,13,11,NA,12,6,15,NA,6,2,13,13,2,1,1,NA,NA,2,3,1,14,2,9,2,9,8,9,19,6,11,16,NA,3
PLFEKH_21645,2,2,4,NA,NA,1,NA,2,4,3,NA,2,1,NA,1,1,11,1,2,1,1,1,1,2,4,NA,4,1,1,4,NA,NA,4,NA,4,1,3,3,1,6,NA,1,4,NA,NA,1,3,NA,5,NA,4,3,3,7,1,11,2,1,4,NA,NA
PLFEKH_21660,3,NA,1,3,NA,1,NA,NA,NA,NA,NA,2,6,2,1,NA,1,NA,NA,1,1,1,NA,2,1,2,2,NA,NA,4,1,NA,4,NA,NA,2,NA,NA,1,NA,1,NA,NA,NA,NA,1,1,1,3,NA,NA,3,6,3,NA,1,NA,1,3,NA,2
PLFEKH_21665,2,NA,2,1,1,NA,NA,1,3,1,NA,NA,1,NA,2,2,6,NA,2,3,NA,NA,NA,3,5,4,2,NA,NA,2,4,NA,2,1,5,1,1,2,5,12,1,2,5,NA,NA,1,1,NA,1,2,2,2,3,NA,4,4,4,2,1,NA,3
PLFEKH_21670,1,4,NA,NA,5,1,NA,NA,NA,4,NA,1,1,NA,NA,NA,11,NA,NA,NA,2,NA,5,2,7,4,NA,NA,NA,NA,12,NA,2,5,2,NA,NA,NA,5,10,1,NA,1,NA,NA,5,NA,3,3,10,NA,7,8,NA,7,15,1,6,7,NA,NA
PLFEKH_21675,4,NA,1,6,2,NA,1,1,1,4,2,NA,3,NA,NA,1,8,2,2,5,NA,5,NA,4,3,5,5,1,3,3,2,NA,5,NA,2,1,4,2,4,2,NA,1,4,NA,NA,2,1,2,2,NA,1,NA,7,7,NA,6,NA,2,NA,2,2
PLFEKH_21680,3,4,1,NA,3,3,1,3,3,8,NA,NA,6,NA,2,NA,11,1,NA,3,7,1,2,1,5,4,4,NA,1,8,5,NA,NA,3,3,NA,3,4,8,15,4,1,1,NA,NA,5,5,2,8,4,3,4,8,12,3,11,5,5,6,NA,2
PLFEKH_21690,NA,9,NA,NA,6,3,NA,NA,1,6,3,1,NA,NA,1,1,14,1,NA,NA,4,2,5,NA,5,13,4,NA,NA,4,17,NA,7,4,6,NA,1,NA,5,8,NA,NA,3,NA,NA,7,NA,4,8,6,1,3,10,2,12,15,2,10,7,NA,NA
PLFEKH_21695,7,1,5,6,3,4,2,4,4,2,1,NA,4,2,1,3,8,3,NA,2,4,5,3,5,9,1,5,1,5,11,6,NA,8,NA,1,3,4,2,1,1,NA,1,3,NA,NA,3,2,2,9,4,2,5,10,11,2,4,3,4,5,2,3
PLFEKH_21700,1,NA,3,1,NA,NA,NA,NA,1,NA,NA,NA,NA,2,NA,NA,2,2,NA,NA,1,3,1,6,9,2,4,2,1,NA,NA,1,7,NA,2,1,1,2,2,3,NA,1,1,NA,NA,4,2,NA,2,2,1,4,2,2,2,6,6,NA,1,NA,NA
PLFEKH_21705,2,2,4,2,NA,2,1,1,2,NA,NA,NA,1,3,3,NA,11,2,NA,NA,2,2,2,3,7,7,6,NA,NA,3,2,NA,4,NA,2,3,3,3,4,5,1,NA,2,NA,NA,3,1,1,2,1,2,4,2,6,5,4,4,3,3,NA,NA
PLFEKH_21710,3,7,6,6,4,2,NA,1,4,1,NA,NA,8,3,NA,NA,25,2,1,2,12,3,2,4,16,17,9,NA,1,11,4,NA,9,NA,8,1,5,3,9,6,6,5,5,NA,NA,4,4,1,5,2,9,2,14,15,4,21,2,7,9,2,2
PLFEKH_21720,4,1,3,1,1,2,1,1,5,2,1,1,5,NA,4,NA,2,3,NA,1,2,3,1,1,5,3,2,NA,1,2,2,1,2,NA,2,NA,3,2,1,2,NA,1,3,1,NA,3,2,NA,1,1,1,2,5,4,3,4,5,NA,NA,1,2
PLFEKH_21730,2,5,NA,NA,2,3,NA,NA,NA,2,NA,NA,4,NA,NA,NA,12,NA,NA,1,2,1,2,NA,4,1,2,NA,NA,2,1,NA,1,1,3,NA,NA,NA,5,11,1,NA,NA,NA,NA,2,NA,1,3,5,NA,4,2,3,4,5,1,3,6,NA,NA
PLFEKH_21735,4,8,1,7,2,NA,NA,3,8,2,NA,2,7,NA,5,1,19,1,NA,2,4,2,2,1,1,3,3,NA,NA,9,10,NA,14,1,2,NA,3,3,4,9,NA,1,3,NA,NA,2,2,3,5,2,10,4,4,3,2,3,3,3,11,1,4
PLFEKH_21740,11,NA,2,5,NA,2,NA,1,6,2,4,1,3,2,2,NA,10,1,1,2,4,9,1,4,11,3,4,NA,1,8,3,NA,3,1,3,2,NA,3,3,2,2,3,5,1,NA,2,1,1,5,5,NA,NA,3,10,NA,7,3,NA,2,1,2
PLFEKH_21745,8,NA,2,4,1,NA,1,3,3,1,2,NA,3,3,2,NA,12,1,1,NA,1,7,3,2,10,1,2,4,1,1,NA,NA,1,1,3,NA,5,6,3,1,1,NA,3,NA,NA,3,1,NA,2,NA,3,1,1,4,1,5,5,1,NA,1,NA
PLFEKH_21750,6,4,3,1,NA,NA,1,2,6,NA,1,3,9,3,3,1,15,3,2,2,5,3,1,5,7,3,8,NA,2,14,9,NA,6,NA,11,1,4,12,7,3,NA,2,8,NA,NA,3,5,NA,8,4,11,1,4,10,6,11,3,6,9,NA,4
PLFEKH_21780,1,5,4,1,NA,NA,1,2,2,1,1,2,4,1,1,NA,3,2,2,NA,5,1,3,2,3,1,1,NA,1,3,5,NA,6,1,6,NA,NA,1,5,7,1,NA,3,NA,NA,NA,4,1,3,1,3,2,2,4,5,8,NA,1,10,NA,1
PLFEKH_21785,1,NA,NA,NA,1,NA,NA,NA,NA,NA,NA,1,3,NA,NA,NA,2,NA,NA,NA,NA,NA,NA,2,NA,1,NA,NA,NA,1,NA,NA,2,NA,1,NA,NA,1,1,NA,NA,1,1,NA,NA,NA,NA,NA,NA,NA,2,NA,1,1,NA,3,1,NA,NA,NA,NA
PLFEKH_21825,1,6,1,1,NA,2,NA,3,2,6,4,7,5,NA,2,NA,7,NA,1,2,8,2,4,1,4,NA,6,NA,NA,5,5,NA,4,NA,4,1,5,4,7,11,2,1,2,NA,NA,3,4,NA,7,2,3,2,6,3,9,7,5,8,10,NA,2
PLFEKH_21830,6,7,2,NA,NA,NA,2,1,2,2,NA,1,7,1,NA,1,6,2,NA,NA,2,4,3,NA,2,4,NA,1,1,7,10,NA,5,NA,3,NA,1,2,3,3,3,NA,2,NA,NA,3,3,1,8,1,5,1,7,2,1,2,1,2,3,1,1
PLFEKH_21835,3,1,NA,NA,3,2,NA,2,2,5,2,4,5,1,2,NA,22,1,2,NA,6,2,5,4,6,3,4,1,NA,7,3,NA,8,1,1,NA,NA,2,2,9,4,NA,7,NA,NA,1,1,2,4,4,9,4,6,10,5,11,4,1,7,NA,NA
PLFEKH_21855,7,1,3,1,NA,1,NA,NA,2,NA,1,1,5,1,2,NA,8,NA,NA,1,4,5,1,2,6,2,6,NA,1,7,4,NA,10,1,4,NA,7,5,NA,5,1,1,1,NA,NA,2,2,1,6,NA,8,1,10,4,9,10,3,3,4,1,3
PLFEKH_21860,1,3,1,NA,NA,1,1,NA,2,NA,NA,1,NA,NA,1,NA,1,NA,NA,1,1,NA,NA,2,3,NA,4,NA,NA,NA,1,NA,3,NA,2,1,1,NA,2,1,1,1,1,NA,NA,1,1,NA,2,NA,1,3,1,3,1,2,2,NA,4,NA,1
PLFEKH_21865,10,4,2,4,NA,4,1,2,4,4,1,1,8,3,4,NA,9,2,2,NA,2,NA,1,NA,3,2,3,2,NA,8,11,NA,5,3,3,1,1,3,2,3,1,2,4,NA,NA,5,7,1,4,2,6,2,10,3,2,3,NA,1,2,1,3
PLFEKH_21870,3,3,NA,1,NA,1,1,NA,1,NA,1,NA,2,1,NA,1,4,1,NA,NA,4,6,1,1,5,2,3,1,NA,3,3,1,3,NA,1,NA,1,3,2,2,NA,NA,2,NA,NA,1,1,NA,4,2,2,1,2,4,3,8,4,1,1,1,1
PLFEKH_21885,NA,1,NA,NA,NA,NA,NA,NA,NA,NA,NA,NA,NA,NA,NA,NA,NA,NA,NA,NA,NA,NA,NA,NA,NA,NA,NA,NA,NA,NA,1,NA,4,NA,NA,NA,NA,1,NA,NA,NA,NA,NA,NA,NA,NA,NA,NA,NA,NA,NA,NA,1,2,NA,NA,NA,NA,2,NA,NA
PLFEKH_21890,NA,1,NA,NA,1,NA,NA,1,1,1,NA,2,3,NA,NA,NA,4,1,NA,NA,2,NA,NA,1,NA,3,NA,NA,NA,2,NA,NA,5,NA,NA,NA,NA,NA,NA,4,NA,NA,2,NA,NA,1,1,1,NA,NA,1,NA,NA,6,NA,2,2,1,NA,NA,NA
PLFEKH_21935,1,NA,NA,NA,NA,NA,NA,NA,NA,1,NA,NA,NA,NA,NA,NA,NA,NA,1,NA,1,NA,NA,NA,NA,2,1,NA,NA,NA,NA,NA,1,NA,NA,NA,1,NA,NA,NA,NA,NA,NA,NA,NA,NA,NA,NA,NA,NA,NA,NA,1,NA,1,1,NA,NA,1,NA,NA
PLFEKH_21945,2,20,NA,NA,12,5,1,1,2,8,NA,4,2,1,7,NA,33,4,NA,2,15,1,7,4,16,21,9,NA,NA,10,21,NA,14,4,15,NA,4,2,20,17,6,NA,5,NA,NA,27,1,13,9,6,2,2,18,11,26,31,6,28,15,NA,2
PLFEKH_21960,2,1,8,5,1,1,3,2,1,2,NA,NA,NA,3,1,2,20,2,2,NA,10,4,2,4,9,6,6,1,3,10,4,NA,7,NA,5,NA,4,6,4,4,NA,2,3,NA,NA,1,2,NA,8,2,1,NA,9,9,6,13,4,4,9,NA,4
PLFEKH_21965,8,3,3,4,1,4,1,1,3,NA,NA,NA,4,5,1,2,24,NA,2,2,9,11,4,3,21,9,9,1,5,9,11,NA,9,1,6,NA,3,3,5,7,3,NA,2,NA,NA,4,3,1,8,4,7,3,8,14,4,19,4,3,7,1,4
PLFEKH_21980,8,9,3,2,1,2,NA,3,4,5,2,6,3,2,6,1,18,NA,NA,1,9,6,3,7,16,9,9,NA,NA,9,10,NA,5,1,6,NA,5,4,10,10,6,2,2,NA,NA,3,3,2,10,1,8,2,10,21,7,11,8,3,10,NA,3
PLFEKH_21985,NA,NA,1,3,1,1,2,NA,1,NA,NA,NA,1,1,1,NA,7,2,NA,2,2,NA,1,1,4,4,NA,NA,NA,3,NA,NA,2,NA,2,NA,1,NA,1,7,1,2,1,NA,NA,NA,1,NA,2,NA,1,1,2,7,1,5,5,NA,5,NA,NA
PLFEKH_22000,2,NA,NA,2,1,NA,1,NA,NA,1,NA,NA,2,1,1,1,9,NA,NA,NA,2,1,NA,3,4,4,3,NA,1,2,2,NA,4,NA,4,NA,NA,2,2,8,4,NA,3,NA,NA,2,1,1,4,1,1,2,6,4,5,5,2,2,4,NA,NA
PLFEKH_22010,15,8,1,10,7,4,5,5,14,14,1,NA,6,7,6,1,52,2,1,10,19,10,8,15,19,21,10,NA,2,27,21,NA,23,4,21,2,10,7,17,40,16,3,7,NA,NA,10,8,8,17,10,11,16,34,25,16,52,20,12,11,7,8
PLFEKH_22020,8,6,6,2,1,3,1,NA,6,1,4,3,8,3,1,1,10,1,1,3,5,6,4,5,4,8,3,1,1,8,1,NA,7,1,1,NA,2,6,6,7,8,2,2,NA,NA,4,3,3,3,1,1,2,3,8,3,7,2,2,4,NA,2
PLFEKH_22035,10,5,4,6,NA,1,NA,NA,7,1,NA,1,8,2,4,2,7,4,1,1,4,4,2,2,9,7,5,1,3,4,5,NA,6,2,4,4,2,5,NA,6,1,NA,1,NA,NA,7,3,NA,1,6,5,3,5,12,3,13,5,5,NA,3,5
PLFEKH_22040,NA,NA,NA,1,NA,1,NA,NA,1,NA,NA,NA,NA,NA,NA,NA,1,NA,NA,NA,1,NA,NA,NA,NA,1,NA,NA,NA,NA,2,NA,1,NA,NA,NA,NA,NA,NA,2,NA,NA,NA,NA,NA,NA,NA,NA,1,NA,NA,NA,2,2,NA,NA,NA,1,NA,NA,NA
PLFEKH_22045,3,1,3,1,NA,NA,2,NA,2,1,NA,1,2,2,NA,NA,6,4,1,NA,2,3,1,1,5,1,4,NA,1,4,1,NA,4,1,NA,NA,NA,2,1,2,NA,NA,1,NA,NA,2,2,2,3,2,NA,2,1,7,1,6,2,2,1,1,NA
PLFEKH_22050,3,NA,2,2,NA,NA,1,NA,1,NA,NA,NA,1,2,1,1,3,NA,NA,1,NA,3,NA,1,NA,NA,2,3,NA,3,2,1,2,NA,2,1,NA,1,NA,1,4,2,1,NA,NA,2,2,1,3,2,4,2,1,9,2,7,3,NA,2,1,1
PLFEKH_22085,4,1,NA,NA,1,NA,1,NA,1,2,NA,NA,3,NA,NA,NA,3,NA,1,2,1,1,1,1,2,3,2,NA,NA,4,1,NA,5,1,2,NA,3,NA,1,3,3,NA,1,NA,NA,1,2,NA,2,1,2,NA,5,3,NA,1,1,1,1,NA,1
PLFEKH_22095,NA,2,3,3,1,NA,NA,NA,4,2,2,NA,1,2,1,1,4,NA,NA,1,4,1,1,3,6,NA,3,NA,1,3,NA,1,2,1,5,NA,2,1,1,4,1,1,1,NA,NA,1,NA,NA,7,1,1,1,9,3,2,5,NA,3,6,1,4
PLFEKH_22100,2,9,1,NA,1,1,NA,2,7,8,1,2,8,NA,2,NA,20,1,NA,1,16,7,3,4,10,9,4,NA,NA,7,10,NA,10,1,9,NA,NA,2,10,15,1,1,6,NA,NA,1,3,2,12,3,5,5,13,12,3,14,4,8,8,NA,3
PLFEKH_22105,12,15,3,1,3,NA,2,2,5,3,1,4,7,2,8,2,32,2,2,2,15,3,4,3,13,10,13,NA,NA,11,16,NA,20,2,13,NA,3,3,16,37,10,1,9,NA,NA,4,8,6,11,3,8,8,21,15,10,30,3,11,17,NA,2
PLFEKH_22125,1,1,1,2,2,NA,NA,3,3,2,NA,NA,3,3,1,NA,5,NA,NA,1,2,4,1,3,2,7,2,NA,NA,6,5,NA,4,1,2,NA,3,NA,3,4,1,NA,NA,NA,NA,1,2,1,5,1,1,2,7,8,1,6,5,2,4,1,3
PLFEKH_22135,3,3,NA,NA,NA,1,NA,2,2,1,NA,NA,NA,NA,NA,NA,NA,NA,1,2,1,2,1,NA,2,NA,2,NA,NA,6,1,1,1,1,2,NA,1,NA,2,2,NA,NA,NA,NA,NA,NA,3,NA,3,1,1,NA,3,2,NA,3,1,1,2,NA,NA
PLFEKH_22140,6,NA,1,4,NA,2,2,1,3,NA,3,3,6,1,3,NA,9,2,NA,3,6,4,4,3,6,2,6,1,3,7,2,NA,4,2,1,2,3,NA,4,2,1,NA,2,NA,NA,3,NA,2,3,3,5,2,11,6,2,11,7,3,3,2,NA
PLFEKH_22145,12,7,2,1,NA,3,2,3,5,2,NA,1,2,1,1,NA,13,NA,NA,2,10,1,NA,2,3,1,3,NA,NA,3,6,NA,8,NA,5,NA,3,1,NA,2,3,NA,2,NA,NA,5,5,1,10,NA,5,3,6,1,3,5,NA,4,1,NA,2
PLFEKH_22150,1,NA,1,NA,NA,1,NA,3,NA,1,NA,NA,NA,NA,2,NA,3,1,1,2,3,1,1,1,6,1,1,NA,NA,NA,1,NA,2,1,2,NA,3,1,3,5,5,2,1,NA,NA,2,NA,2,3,1,1,2,6,3,1,8,4,NA,1,NA,NA
PLFEKH_22155,1,NA,NA,NA,NA,NA,NA,NA,NA,NA,NA,NA,NA,NA,NA,NA,NA,NA,NA,NA,NA,NA,NA,NA,2,NA,NA,NA,NA,NA,1,NA,NA,2,1,NA,NA,NA,NA,2,1,NA,NA,NA,NA,NA,NA,NA,NA,1,1,NA,2,3,NA,NA,NA,NA,NA,NA,NA
PLFEKH_22160,14,9,9,11,3,NA,2,5,8,6,2,1,8,5,5,3,19,5,NA,3,15,4,3,3,16,6,14,3,1,17,9,NA,11,1,5,1,3,8,7,21,8,4,4,1,NA,6,6,5,12,6,7,3,6,15,7,25,10,4,11,3,5
PLFEKH_22170,1,4,NA,1,NA,NA,NA,NA,2,NA,NA,1,3,3,NA,NA,8,2,NA,NA,2,1,1,2,6,1,6,NA,NA,3,3,NA,1,1,2,NA,1,NA,1,2,2,1,2,NA,NA,2,NA,1,6,2,6,4,3,6,2,9,4,3,3,NA,NA
PLFEKH_22175,2,6,NA,NA,NA,3,2,2,4,1,NA,2,1,2,1,NA,15,NA,2,NA,4,2,NA,NA,3,6,5,1,NA,5,5,NA,6,1,4,1,1,2,5,8,3,NA,3,NA,NA,2,4,1,5,3,3,3,4,10,4,4,5,3,8,2,1
PLFEKH_22180,5,1,1,5,1,1,1,4,7,3,NA,NA,3,NA,5,1,20,NA,1,NA,8,4,3,9,20,6,10,1,4,6,6,NA,10,1,4,NA,5,6,13,12,1,3,9,NA,NA,4,3,2,8,3,8,3,11,13,8,21,11,5,1,3,2
PLFEKH_22185,1,5,NA,NA,8,NA,NA,NA,1,3,2,NA,2,NA,NA,NA,10,1,NA,NA,5,1,3,1,6,5,2,NA,NA,4,5,NA,7,3,8,1,4,2,2,2,NA,NA,1,NA,NA,7,2,1,1,6,NA,5,6,6,NA,7,5,4,5,NA,NA
PLFEKH_22190,2,3,2,NA,2,NA,2,NA,5,4,1,1,4,3,1,NA,7,4,NA,2,4,8,NA,1,4,1,4,NA,1,6,7,NA,3,NA,4,NA,1,2,4,4,1,1,2,1,NA,3,2,1,6,2,5,4,5,12,3,4,3,2,8,1,2
PLFEKH_22195,10,8,1,2,3,1,NA,5,9,5,2,4,20,2,4,NA,43,3,2,2,15,7,8,7,18,23,7,NA,NA,20,11,NA,7,3,13,1,8,5,11,21,7,NA,7,NA,NA,5,5,7,16,2,7,6,17,15,17,28,13,14,11,1,2
PLFEKH_22200,7,2,1,4,NA,NA,1,1,3,1,1,3,5,1,1,NA,14,1,1,NA,11,6,1,3,16,3,4,1,1,5,1,NA,5,NA,3,2,3,2,2,4,2,2,6,NA,NA,1,2,NA,2,NA,8,3,2,7,1,7,5,1,2,1,NA
PLFEKH_22205,7,4,NA,2,NA,2,1,NA,7,4,NA,NA,10,2,4,NA,20,NA,NA,1,5,2,3,2,5,3,5,NA,NA,9,4,NA,12,2,4,1,6,5,3,3,1,2,1,NA,NA,3,1,NA,11,2,6,2,6,1,3,1,NA,2,8,2,2
PLFEKH_22210,5,3,1,NA,1,2,NA,1,3,2,1,2,2,NA,NA,NA,14,NA,NA,NA,3,5,1,1,NA,NA,8,NA,NA,6,1,NA,8,1,3,NA,NA,2,5,6,2,1,1,NA,NA,2,3,NA,2,2,2,NA,7,6,2,9,4,NA,6,1,NA
PLFEKH_22215,8,3,5,1,NA,2,2,NA,6,3,2,NA,5,2,3,1,7,1,1,5,6,10,3,1,7,7,11,1,2,6,7,2,6,1,4,1,2,2,3,3,1,1,2,1,NA,2,4,6,5,4,4,3,10,9,6,9,4,7,5,2,6
PLFEKH_22220,5,2,NA,3,NA,1,1,1,1,1,NA,NA,4,2,1,2,3,NA,1,1,NA,2,NA,3,4,NA,3,1,1,10,2,NA,4,1,2,NA,1,3,NA,3,3,1,NA,NA,NA,1,2,NA,7,4,3,2,3,1,NA,1,NA,1,3,1,1
PLFEKH_22225,5,1,1,1,1,NA,NA,1,2,NA,NA,2,6,1,2,NA,9,1,NA,1,1,2,NA,2,1,3,2,NA,NA,8,2,NA,8,NA,2,NA,NA,1,NA,6,1,1,NA,NA,NA,1,1,NA,1,NA,2,NA,5,2,NA,2,1,4,5,NA,1
PLFEKH_22230,8,5,4,4,2,6,2,2,7,5,1,6,4,8,7,1,19,1,1,NA,18,6,4,13,20,8,17,NA,NA,13,9,NA,19,1,6,2,4,7,10,17,3,1,5,NA,NA,3,3,1,18,1,15,NA,19,21,6,18,6,6,14,1,6
PLFEKH_22235,4,1,2,2,NA,2,1,1,7,9,NA,NA,9,3,3,NA,6,1,NA,NA,6,1,2,2,4,4,4,NA,NA,2,2,NA,3,1,4,NA,1,2,11,6,3,1,4,NA,NA,1,NA,2,5,NA,1,1,6,6,5,7,1,3,3,NA,2
PLFEKH_22240,1,NA,1,NA,NA,NA,NA,1,1,NA,NA,1,1,1,NA,2,4,NA,NA,NA,NA,NA,2,1,1,1,3,NA,NA,3,1,NA,1,1,3,NA,NA,1,1,1,NA,3,1,NA,NA,1,3,NA,2,NA,3,NA,2,4,NA,3,1,1,3,1,1
PLFEKH_22260,7,11,1,1,NA,6,NA,2,NA,2,1,NA,2,NA,1,NA,16,NA,NA,NA,3,3,2,1,8,8,3,1,1,4,11,NA,8,2,4,NA,NA,NA,6,3,2,NA,3,NA,NA,NA,NA,1,3,NA,3,4,6,9,4,17,7,3,4,NA,1
PLFEKH_22270,8,8,3,2,1,2,1,7,5,10,1,3,11,NA,7,NA,23,NA,1,2,9,9,6,NA,33,13,11,NA,3,12,10,NA,22,3,8,1,8,4,14,12,3,1,10,NA,NA,3,2,4,10,NA,10,1,19,10,11,29,14,7,12,NA,5
PLFEKH_22275,5,1,2,NA,NA,NA,NA,1,2,1,1,NA,5,NA,2,NA,7,NA,NA,NA,7,1,3,4,5,2,3,NA,1,NA,5,NA,5,NA,4,NA,1,2,4,5,1,2,2,1,NA,NA,NA,1,5,1,5,2,5,3,4,8,3,NA,2,1,4
PLFEKH_22280,4,1,2,1,1,2,NA,4,1,1,NA,NA,5,6,4,1,16,NA,1,NA,4,5,4,2,3,7,8,NA,2,3,4,NA,5,1,1,NA,1,4,2,12,NA,NA,4,NA,NA,2,2,1,5,1,2,3,7,7,6,4,5,3,4,NA,3
PLFEKH_22285,1,1,2,3,1,NA,NA,4,3,1,NA,NA,3,1,3,1,9,NA,NA,NA,3,1,3,2,7,4,3,NA,NA,2,NA,NA,7,1,2,NA,1,1,4,1,NA,4,2,NA,NA,2,1,NA,5,1,4,1,3,6,NA,5,2,1,NA,3,2
PLFEKH_22290,5,1,2,1,NA,NA,NA,1,4,NA,1,4,1,2,1,NA,5,2,1,NA,3,1,1,2,5,5,9,NA,1,4,4,NA,5,NA,4,1,1,4,3,3,3,1,3,NA,NA,4,3,3,7,2,8,1,5,11,NA,9,4,5,7,2,2
PLFEKH_22300,1,NA,NA,NA,NA,NA,NA,NA,NA,1,NA,NA,2,NA,NA,NA,1,NA,NA,NA,NA,1,1,NA,2,NA,NA,NA,NA,1,NA,NA,NA,NA,2,NA,NA,NA,1,2,NA,NA,1,NA,NA,NA,NA,NA,NA,NA,NA,1,NA,1,NA,1,NA,NA,2,NA,NA
PLFEKH_22305,11,15,5,4,3,7,3,10,10,13,4,6,16,8,7,1,38,2,2,4,15,10,8,8,20,16,15,NA,1,15,11,1,12,3,11,1,6,13,16,16,7,3,17,NA,NA,6,7,6,19,1,10,1,9,18,10,33,16,11,18,1,3
PLFEKH_22310,2,1,3,NA,1,3,1,2,1,1,1,2,1,5,2,1,14,NA,1,1,6,NA,2,5,2,4,16,NA,NA,12,4,NA,3,3,2,NA,2,3,2,6,NA,2,1,NA,NA,2,4,2,2,1,11,3,9,13,1,12,6,6,6,2,2
PLFEKH_22315,3,1,4,4,NA,NA,1,2,3,2,3,1,5,NA,4,6,6,2,1,1,NA,3,2,9,4,6,4,1,2,4,3,1,2,1,3,NA,1,2,NA,3,1,1,3,NA,NA,3,5,1,1,2,4,2,5,5,NA,8,5,4,3,2,NA
PLFEKH_22325,2,2,1,2,NA,NA,1,1,3,2,1,NA,9,1,1,1,24,NA,NA,2,6,6,5,10,13,11,9,NA,2,5,7,NA,7,NA,3,1,2,2,6,10,4,1,2,1,NA,3,1,3,5,NA,11,8,11,11,4,21,2,2,6,NA,1
PLFEKH_22370,14,18,1,5,3,2,3,3,3,9,2,3,11,1,5,NA,17,NA,1,1,8,3,NA,NA,7,9,2,NA,NA,18,16,1,17,1,5,2,3,6,5,6,1,1,7,NA,NA,7,4,5,18,2,8,4,15,1,NA,7,3,5,18,1,4
PLFEKH_22375,4,1,NA,NA,NA,1,1,2,3,3,NA,1,4,2,1,NA,8,1,1,1,3,2,1,3,7,4,6,NA,NA,3,4,NA,4,1,1,NA,1,2,2,8,2,NA,3,NA,NA,7,2,3,3,2,2,2,8,6,1,7,6,3,6,1,2
PLFEKH_22380,17,18,1,9,1,4,2,3,6,8,1,2,12,4,4,1,28,2,NA,1,6,NA,3,NA,5,2,16,NA,1,7,17,2,12,2,7,NA,4,7,7,7,NA,3,5,NA,NA,4,11,NA,9,3,2,3,13,5,3,5,3,1,13,1,4
PLFEKH_22385,13,7,2,4,1,2,NA,2,3,4,NA,2,4,5,1,2,11,2,NA,1,4,4,1,5,12,3,4,NA,3,8,2,NA,5,NA,3,NA,5,5,6,9,4,2,3,1,NA,2,1,2,9,1,5,2,10,7,2,11,2,4,6,1,1
PLFEKH_22390,12,3,7,9,1,1,2,5,9,5,NA,NA,8,2,2,1,19,2,2,1,2,2,NA,3,8,4,5,NA,3,7,9,NA,11,2,4,NA,5,4,2,10,1,3,8,NA,NA,5,5,4,12,4,7,6,15,9,1,3,NA,6,9,NA,4
PLFEKH_22395,6,6,NA,3,NA,5,NA,2,2,9,NA,3,3,NA,1,NA,18,3,NA,NA,5,6,2,3,6,6,7,1,2,9,11,NA,7,1,9,NA,4,1,5,7,1,NA,5,NA,NA,2,2,NA,9,3,3,NA,16,12,4,13,6,4,7,1,3
PLFEKH_22415,6,5,2,2,NA,2,1,5,NA,3,4,2,6,4,3,NA,14,4,NA,2,7,2,4,NA,11,2,9,1,2,10,8,NA,8,4,5,NA,5,4,7,11,2,2,4,NA,NA,6,6,4,11,7,6,5,12,14,3,18,8,3,6,NA,2
PLFEKH_22420,4,2,3,3,1,2,2,2,7,2,1,1,4,2,3,1,16,2,1,3,8,3,4,2,9,10,3,2,2,12,6,2,7,2,7,2,6,4,8,5,1,NA,5,1,1,4,7,1,9,1,4,3,7,5,5,13,8,5,6,1,4
PLFEKH_22425,6,3,3,3,1,NA,2,3,7,3,NA,NA,4,1,1,NA,13,3,1,5,4,2,NA,4,13,11,6,1,3,6,3,NA,13,NA,5,1,2,8,7,7,2,1,6,1,NA,3,3,1,4,6,10,2,9,12,6,9,7,2,1,1,2
PLFEKH_22430,13,8,NA,5,3,4,NA,2,7,5,1,3,7,3,9,3,12,NA,1,1,4,5,1,1,4,6,4,NA,NA,14,13,2,14,1,5,NA,4,1,2,5,1,2,3,NA,NA,7,5,NA,6,4,7,7,6,7,2,2,2,6,7,3,5
PLFEKH_22440,5,5,2,1,5,4,2,NA,1,6,NA,NA,1,1,7,NA,18,4,NA,NA,11,1,6,1,8,13,11,NA,NA,5,15,1,10,2,8,1,NA,NA,13,16,4,NA,4,NA,NA,12,1,3,5,4,4,6,7,9,8,21,7,20,4,1,NA
PLFEKH_22445,NA,1,NA,NA,NA,NA,NA,NA,1,NA,NA,NA,NA,NA,NA,NA,5,1,NA,NA,2,NA,NA,1,1,1,NA,NA,NA,NA,3,NA,NA,2,1,NA,NA,NA,3,4,NA,NA,NA,NA,NA,1,NA,NA,NA,NA,NA,2,2,1,NA,1,NA,2,1,NA,NA
PLFEKH_22450,5,4,3,4,2,NA,2,1,4,8,3,NA,3,6,4,NA,20,3,1,1,5,3,5,2,9,14,6,NA,1,17,4,NA,8,NA,5,2,9,4,7,12,2,NA,2,1,NA,4,2,2,6,3,11,6,6,14,8,17,5,10,7,NA,2
PLFEKH_22455,8,2,7,6,NA,1,1,3,4,1,2,4,5,2,4,1,25,1,2,1,8,6,3,11,18,10,14,NA,2,11,7,1,9,NA,9,1,6,7,3,7,1,1,6,NA,NA,5,6,4,7,8,12,8,8,16,3,21,4,11,6,NA,2
PLFEKH_22460,14,4,1,3,2,2,NA,4,10,6,2,NA,8,1,NA,NA,24,NA,1,NA,10,4,2,5,18,6,13,NA,3,9,7,NA,21,3,8,1,11,7,11,17,7,1,9,NA,NA,1,4,NA,6,1,6,2,12,17,3,20,20,4,6,1,5
PLFEKH_22470,NA,3,NA,NA,1,NA,NA,NA,NA,NA,NA,NA,NA,NA,NA,NA,NA,NA,NA,NA,2,NA,NA,NA,1,NA,1,NA,NA,NA,NA,NA,1,NA,NA,NA,NA,NA,NA,1,NA,NA,NA,NA,NA,1,NA,NA,NA,NA,NA,NA,1,1,NA,1,1,1,NA,NA,NA
PLFEKH_22475,1,7,NA,1,5,3,1,NA,3,6,1,3,5,NA,NA,NA,26,NA,NA,NA,8,1,2,2,10,12,2,NA,NA,7,10,NA,17,1,12,NA,2,NA,10,20,4,NA,NA,NA,NA,5,NA,4,6,3,2,2,16,10,6,25,6,6,13,NA,NA
PLFEKH_22480,4,3,1,2,1,NA,NA,3,1,2,NA,2,2,NA,1,NA,4,NA,NA,NA,8,4,1,2,5,1,3,NA,1,3,2,NA,8,NA,1,NA,5,NA,4,4,1,NA,3,NA,NA,2,NA,NA,7,NA,2,NA,2,7,1,8,3,1,3,NA,NA
PLFEKH_22485,5,11,1,2,1,2,NA,1,3,4,1,4,2,2,5,NA,14,NA,NA,1,7,5,2,2,10,3,11,NA,2,3,9,NA,10,NA,7,NA,4,1,7,12,3,NA,3,NA,NA,NA,4,NA,7,NA,8,1,17,7,4,25,2,5,10,NA,2
PLFEKH_22490,4,8,2,2,2,7,1,4,2,6,NA,6,2,3,5,NA,20,NA,NA,2,7,2,6,3,13,4,5,NA,NA,8,13,NA,18,NA,11,NA,2,3,6,19,1,1,7,NA,NA,9,4,2,3,4,8,4,18,18,8,22,1,5,11,NA,5
PLFEKH_22495,2,6,NA,NA,2,4,1,1,4,1,1,NA,2,NA,2,NA,12,NA,NA,4,7,3,1,1,7,5,6,NA,NA,5,10,NA,5,NA,6,NA,1,1,5,7,NA,NA,2,NA,NA,2,NA,2,7,2,4,3,5,5,2,11,4,7,1,2,1
PLFEKH_22500,1,NA,2,NA,NA,NA,NA,1,NA,NA,NA,NA,NA,NA,NA,NA,2,NA,NA,1,NA,NA,NA,NA,1,NA,NA,NA,1,NA,NA,NA,NA,NA,NA,NA,NA,1,NA,1,NA,1,1,NA,NA,1,1,NA,NA,NA,1,NA,NA,NA,1,NA,NA,NA,NA,NA,NA
PLFEKH_22530,1,1,NA,NA,NA,NA,NA,NA,1,NA,NA,1,1,NA,1,NA,NA,NA,NA,2,1,NA,1,NA,NA,5,1,NA,NA,NA,NA,NA,1,NA,1,1,1,NA,NA,2,2,NA,NA,NA,NA,1,NA,2,2,NA,NA,2,NA,NA,NA,4,3,NA,1,NA,NA
PLFEKH_22535,2,2,3,3,3,NA,1,NA,6,NA,1,1,7,9,1,1,4,2,2,1,1,5,1,3,10,2,1,3,1,4,3,1,3,2,6,4,1,5,1,4,2,3,3,1,NA,1,2,1,1,2,6,3,4,4,2,8,3,4,2,2,1
PLFEKH_22575,5,3,4,2,NA,NA,2,2,2,1,1,1,5,2,1,1,5,NA,NA,1,3,5,2,2,4,3,3,2,NA,4,3,1,8,1,4,3,4,3,3,3,1,NA,2,NA,NA,4,2,1,1,NA,3,3,5,3,1,7,4,1,1,NA,1
PLFEKH_22580,11,12,13,6,1,NA,3,3,6,1,2,1,6,13,1,4,16,2,2,4,4,3,2,4,4,5,6,2,1,14,9,6,21,3,12,3,8,6,2,4,NA,5,5,1,NA,6,8,4,5,6,9,8,4,5,1,4,1,8,8,3,6
PLFEKH_22610,1,1,NA,1,NA,NA,NA,NA,NA,1,NA,NA,NA,1,2,NA,2,NA,NA,NA,1,2,3,4,5,1,NA,NA,NA,3,2,NA,2,1,3,1,2,2,NA,2,NA,1,NA,NA,NA,NA,1,1,1,NA,NA,1,2,NA,NA,4,2,NA,NA,1,NA
PLFEKH_22615,13,16,7,13,4,6,5,12,11,4,1,2,14,4,9,2,35,1,3,2,9,10,5,4,6,9,6,2,6,24,15,1,23,2,11,1,9,5,12,6,8,2,4,NA,NA,6,13,5,21,6,5,8,16,5,1,15,6,8,8,3,10
PLFEKH_22620,11,5,11,6,1,4,1,2,7,1,1,1,9,4,2,1,27,3,2,NA,9,4,2,20,17,8,14,NA,1,13,6,2,8,3,5,2,4,6,5,19,1,6,8,NA,NA,5,2,4,4,2,12,3,11,16,6,22,7,10,6,NA,2
PLFEKH_22625,12,3,7,6,1,3,4,1,6,3,2,2,6,5,6,1,15,2,2,4,8,5,NA,9,21,9,13,1,5,9,7,2,10,2,5,1,5,4,5,12,NA,2,2,NA,NA,3,3,NA,13,NA,8,6,7,12,3,25,8,4,8,NA,2
PLFEKH_22630,2,5,2,1,2,1,2,2,3,1,1,NA,7,4,NA,NA,17,1,1,NA,7,6,5,3,9,6,4,NA,1,3,6,NA,5,1,4,NA,3,NA,2,9,3,NA,5,NA,NA,2,2,5,2,1,4,3,11,12,5,10,7,4,7,1,3
PLFEKH_22635,2,NA,1,NA,NA,2,NA,1,1,2,NA,2,NA,1,1,NA,2,1,NA,NA,1,1,1,1,3,2,NA,NA,NA,5,6,1,2,NA,2,1,NA,NA,1,3,4,NA,3,NA,NA,NA,1,2,NA,1,1,NA,3,3,2,3,1,1,3,NA,1
PLFEKH_22640,2,1,NA,1,2,NA,NA,NA,2,NA,1,NA,NA,3,1,NA,2,1,1,NA,1,NA,1,NA,3,1,1,NA,NA,3,3,NA,NA,NA,2,1,NA,NA,2,3,2,1,1,NA,NA,NA,1,NA,NA,1,1,2,NA,4,1,5,1,2,2,1,1
PLFEKH_22645,7,9,2,3,6,5,NA,4,9,6,1,2,3,7,6,2,24,2,NA,3,17,7,2,6,22,24,11,NA,NA,10,20,1,13,5,13,1,4,4,13,16,5,2,4,1,1,8,4,5,11,10,10,5,14,21,9,30,11,21,8,2,6
PLFEKH_22655,3,3,2,4,NA,NA,NA,NA,NA,NA,NA,NA,2,NA,NA,NA,3,NA,NA,1,1,1,1,NA,1,1,NA,NA,NA,NA,1,1,2,NA,NA,2,NA,NA,1,2,1,NA,NA,NA,NA,4,NA,1,4,1,2,1,6,NA,NA,1,NA,NA,2,NA,NA
PLFEKH_22660,3,11,3,4,2,1,2,NA,1,3,NA,NA,6,1,NA,NA,26,3,NA,2,6,2,2,NA,3,2,NA,1,NA,10,9,NA,6,NA,2,NA,5,3,4,7,3,NA,5,NA,NA,4,2,6,7,3,4,2,2,1,3,2,3,8,5,NA,1
PLFEKH_22665,1,1,NA,NA,NA,NA,NA,NA,NA,NA,NA,NA,NA,NA,NA,NA,1,NA,NA,NA,NA,NA,NA,NA,1,NA,NA,NA,NA,NA,1,NA,1,1,NA,NA,NA,NA,NA,NA,NA,NA,NA,NA,NA,1,NA,NA,NA,NA,NA,NA,NA,NA,NA,NA,NA,1,NA,NA,NA
PLFEKH_22670,NA,NA,NA,NA,NA,NA,NA,1,NA,NA,NA,NA,NA,2,NA,NA,4,NA,NA,NA,NA,1,NA,1,7,5,2,NA,NA,2,6,NA,NA,1,1,NA,NA,NA,1,7,4,NA,1,NA,NA,2,NA,1,1,4,6,2,4,NA,3,6,4,NA,1,NA,NA
PLFEKH_22675,2,NA,NA,NA,2,1,1,1,NA,NA,1,1,NA,2,2,NA,4,NA,NA,1,1,NA,1,2,3,3,1,1,1,4,4,NA,3,NA,1,NA,1,2,2,4,2,2,NA,NA,NA,4,1,2,1,4,2,2,6,3,2,4,5,4,1,NA,NA
PLFEKH_22680,1,11,NA,2,9,12,NA,1,4,9,2,1,NA,3,3,NA,32,1,NA,3,12,NA,5,2,17,24,3,NA,NA,6,23,NA,8,3,13,NA,NA,NA,13,16,3,NA,NA,NA,NA,18,2,7,5,13,5,17,11,10,13,21,4,26,12,1,1
PLFEKH_22685,1,3,1,5,2,4,1,3,2,7,NA,2,2,2,1,NA,19,1,1,NA,5,NA,3,1,7,5,2,NA,NA,5,3,NA,7,NA,8,NA,NA,3,8,13,4,NA,4,NA,NA,7,3,2,9,NA,6,3,4,8,7,8,2,6,11,NA,1
PLFEKH_22690,3,9,NA,1,7,13,2,NA,4,9,1,NA,1,1,1,NA,32,3,NA,NA,15,NA,7,1,12,20,4,NA,NA,2,20,NA,13,3,17,NA,1,NA,9,14,2,NA,2,NA,NA,8,3,15,6,4,2,7,10,4,19,21,9,26,11,1,NA
PLFEKH_22695,1,NA,NA,NA,3,NA,NA,NA,1,1,NA,NA,NA,1,1,NA,2,1,NA,NA,NA,NA,4,NA,4,1,2,1,NA,4,2,NA,1,NA,2,NA,NA,NA,1,2,1,NA,2,NA,NA,1,NA,1,3,2,2,1,3,2,3,5,2,1,5,NA,NA
PLFEKH_22705,5,1,3,1,1,1,NA,NA,3,5,1,2,2,1,4,NA,21,2,NA,NA,5,4,5,2,12,10,5,NA,NA,15,9,NA,5,4,10,2,3,5,12,15,2,NA,2,NA,NA,9,2,2,11,4,5,3,10,16,6,15,7,14,17,2,1
PLFEKH_22710,4,7,1,3,13,5,2,3,4,7,2,1,3,3,1,NA,38,2,NA,1,13,12,7,1,14,13,6,NA,NA,14,11,NA,12,5,11,NA,NA,1,13,18,1,NA,3,NA,NA,10,2,2,11,6,6,7,16,13,7,31,10,14,8,1,NA
PLFEKH_22715,NA,10,NA,NA,5,3,1,NA,1,3,NA,NA,6,NA,NA,NA,11,1,NA,1,4,NA,NA,NA,9,1,1,NA,NA,4,6,NA,NA,NA,10,NA,1,2,7,20,3,NA,3,NA,NA,6,1,2,4,7,2,4,4,11,4,10,1,13,6,NA,1
PLFEKH_22720,7,7,NA,NA,1,NA,NA,3,NA,4,NA,1,6,2,2,NA,17,NA,NA,1,8,NA,1,1,1,1,1,NA,NA,6,18,NA,10,NA,10,NA,1,3,4,4,NA,3,1,NA,NA,4,1,1,7,1,8,2,7,3,1,4,5,10,11,NA,1
PLFEKH_22725,5,3,1,3,NA,4,NA,3,2,1,NA,NA,7,NA,1,NA,18,NA,NA,NA,7,NA,1,NA,3,3,3,NA,NA,11,7,NA,10,NA,7,NA,6,1,5,3,2,NA,3,NA,NA,2,NA,1,5,1,4,1,9,NA,2,7,2,10,1,NA,2
PLFEKH_22730,4,3,NA,3,2,3,NA,1,NA,4,2,NA,2,NA,3,NA,12,NA,NA,NA,3,NA,2,1,9,8,2,NA,NA,5,6,NA,6,NA,8,NA,4,NA,6,5,2,NA,2,NA,NA,NA,1,NA,4,1,2,2,4,4,6,9,4,5,3,NA,1
PLFEKH_22735,1,3,NA,1,NA,1,NA,2,1,3,1,3,NA,1,NA,NA,9,NA,NA,NA,1,2,1,NA,8,7,3,NA,1,7,6,NA,8,1,3,NA,NA,1,2,6,2,2,2,NA,NA,1,2,3,6,NA,1,NA,9,5,8,8,4,1,3,NA,NA
PLFEKH_22790,NA,4,1,NA,1,NA,NA,NA,NA,4,NA,2,1,NA,NA,NA,3,NA,NA,NA,5,2,3,1,2,NA,NA,NA,NA,1,2,NA,6,NA,1,NA,1,2,1,3,1,NA,1,NA,NA,1,NA,NA,NA,NA,NA,1,2,2,1,5,NA,NA,NA,NA,NA
PLFEKH_22800,2,1,NA,1,NA,1,1,1,2,NA,1,NA,1,1,1,NA,6,NA,NA,1,2,NA,1,2,8,1,2,NA,NA,4,2,NA,4,NA,2,NA,2,1,2,3,1,NA,1,NA,NA,2,1,1,5,3,1,2,2,3,3,6,NA,3,5,NA,NA
PLFEKH_22805,3,2,2,3,NA,2,NA,2,2,NA,2,1,4,NA,3,3,7,1,3,1,4,3,3,1,2,1,5,NA,1,4,1,NA,3,NA,3,1,2,5,3,8,1,2,3,NA,NA,2,3,2,5,1,3,NA,8,9,3,9,1,2,4,1,2
PLFEKH_22810,7,NA,5,NA,NA,1,1,3,2,4,NA,2,8,2,3,1,10,3,2,NA,8,5,NA,6,5,2,3,NA,1,4,3,NA,8,1,3,NA,NA,5,3,7,4,2,6,1,NA,1,2,NA,3,NA,NA,3,8,7,2,8,4,2,NA,NA,NA
PLFEKH_22815,12,7,7,2,1,1,6,5,1,2,4,3,5,4,5,2,17,1,NA,1,1,1,NA,NA,4,4,4,2,1,12,7,1,13,NA,8,NA,2,2,1,3,1,2,7,1,NA,7,2,2,5,3,6,3,13,3,1,5,2,7,4,NA,2
PLFEKH_22850,5,6,3,3,NA,3,NA,5,NA,1,NA,NA,4,1,5,2,18,2,1,NA,5,6,2,2,9,11,6,NA,2,14,13,NA,5,NA,8,1,1,2,6,9,NA,NA,4,NA,NA,NA,1,NA,7,NA,13,3,8,11,8,22,5,5,10,3,2
PLFEKH_22855,7,16,NA,3,4,5,2,3,6,14,NA,1,9,1,1,NA,36,2,NA,2,24,3,3,4,27,7,NA,NA,NA,6,22,NA,20,3,19,NA,6,1,19,13,9,1,6,NA,NA,10,5,4,9,11,3,6,10,11,10,8,7,16,14,1,1
PLFEKH_22860,NA,2,NA,NA,NA,NA,NA,NA,NA,NA,NA,NA,NA,NA,2,NA,2,NA,NA,NA,1,2,NA,1,NA,4,3,1,1,1,NA,NA,1,NA,NA,NA,1,1,2,4,1,NA,1,NA,NA,2,1,NA,3,1,3,NA,1,2,1,3,NA,NA,NA,NA,1
